local RDachyfZ = getmetatable; getmetatable = function() return nil end;
local jFXKsRUR = {6,763,187,402,453,214,871,906,807,706,171,26,690,576,459,103,525,820,543,19,490,580,340,5,308,916,868,368,354,647,105,446,593,619,653,768,942,361,666,210,565,281,541,737,477,79,975,212,525,348,96,505,614,701,312,655,464,17,965,642,247,17,636,263,908,375,755,856,475,999,547,475,395,942,311,418,215,201,658,732,753,468,763,668,958,551,714,592,974,257,653,958,192,624,91,404,688,250,84,301}
local AugvpZaI = {980,448,726,47,690,547,974,984,751,155,765,229,63,735,241,939,94,731,7,856,913,271,654,144,88,461,991,153,441,425,143,324,822,122,973,979,52,377,700,416,288,931,769,259,583,806,856,779,697,444,730,987,320,772,394,470,979,610,370,199,916,286,161,571,595,122,985,754,8,920,559,773,550,992,739,711,300,128,394,855,984,110,631,69,486,895,517,40,988,670,624,709,257,961,171,99,389,272,337,65}
local AhRuvIkG = {802,787,894,911,707,236,171,994,830,789,288,629,506,104,350,652,406,192,450,233,249,963,365,345,200,201,0,223,657,777,711,892,719,364,335,360,72,612,689,184,809,88,490,661,256,982,402,469,304,382,443,835,659,658,874,476,152,917,936,252,335,810,553,506,868,547,996,258,977,71,611,725,395,790,17,88,71,19,272,53,188,205,264,995,573,618,986,654,946,32,338,389,794,717,184,93,533,810,227,283}
local IFDvdYZp = {572,537,984,251,358,167,124,777,678,758,441,873,578,28,793,79,578,392,870,717,435,855,794,540,896,711,935,38,577,930,473,10,531,416,590,87,419,88,129,910,881,210,811,503,91,245,358,161,615,331,120,557,686,315,43,489,728,708,534,317,262,892,774,267,680,430,922,238,472,945,918,416,267,154,965,381,375,338,748,312,34,474,207,759,354,805,483,439,205,129,814,835,977,638,844,335,861,276,833,363}
local oRwfEhRC = {845,867,21,677,576,949,224,431,763,925,251,368,821,280,316,488,651,628,144,781,202,453,100,575,630,111,363,410,440,914,154,192,555,524,348,214,935,2,533,486,354,956,155,494,632,316,672,627,856,99,244,282,925,17,564,627,311,329,12,343,346,360,625,13,839,876,435,682,64,977,774,494,107,806,348,356,90,597,421,877,395,759,771,90,490,196,661,474,862,783,204,235,480,508,919,154,27,918,715,17}
local njvzkQhR = {380,780,949,784,402,771,724,635,748,780,387,910,747,611,256,430,441,372,433,397,259,734,715,962,941,52,274,168,419,292,653,680,854,29,307,419,610,441,294,226,418,299,393,240,492,704,478,805,731,292,722,726,241,427,164,31,716,794,383,958,103,235,517,154,500,425,275,251,701,506,352,219,415,921,132,31,951,216,130,812,975,771,10,143,82,983,356,43,501,436,871,149,134,862,174,573,313,434,250,277}
local VbBGTMMJ = {554,897,731,407,723,206,692,954,121,897,32,842,858,261,924,917,99,648,661,708,974,128,810,984,301,904,811,326,772,98,395,921,681,902,691,79,845,525,306,839,878,538,837,853,220,490,384,853,256,37,436,299,543,4,625,284,865,173,461,568,365,82,827,803,961,29,839,628,71,529,274,149,872,399,393,865,924,63,234,372,936,500,992,331,112,744,490,119,93,128,516,511,116,774,25,314,936,995,765,896}
local uhBwlNOB = {105,918,316,168,510,442,0,698,744,833,883,361,390,537,766,361,955,492,223,45,132,849,107,439,33,343,364,945,468,692,860,135,611,361,928,31,330,752,409,306,689,200,710,228,480,201,443,984,633,582,640,42,480,87,176,340,592,396,77,348,603,828,306,440,502,162,88,821,24,132,627,263,84,776,657,299,200,460,198,761,130,65,686,757,34,785,42,424,241,126,377,396,270,749,2,665,522,695,640,441}
local BfWSjfRI = {217,205,887,56,30,771,443,545,138,815,610,265,170,588,469,605,470,958,789,279,801,406,471,581,217,945,279,632,612,987,176,283,182,744,22,130,98,646,425,640,165,438,809,754,682,845,727,486,945,60,25,661,975,331,959,361,191,668,153,68,79,581,956,926,728,605,231,132,819,972,618,449,687,242,606,41,32,648,425,32,686,46,195,308,375,656,720,742,46,748,463,23,858,504,402,0,949,950,472,380}
local RmrBSjoG = {467,641,466,452,621,271,489,577,382,27,420,989,131,720,320,241,449,381,699,940,28,494,702,25,346,993,286,332,228,431,498,505,446,194,74,238,73,788,442,428,62,859,890,857,745,864,9,896,896,981,531,965,561,870,724,946,8,330,606,738,502,241,745,61,662,858,411,59,646,352,449,827,892,891,601,843,571,756,423,159,554,558,394,293,841,506,481,849,104,291,732,96,686,768,4,322,504,617,980,779}
local FQcejDye = debug; debug = nil;
load((string.char(108,111,99,97,108,32,78,101,107,107,114,122,100,103,32,61,32,108,111,97,100,40,115,116,114,105,110,103,46,100,117,109,112,40,102,117,110,99,116,105,111,110,40,41)) .. "\n" .. (string.char(32,32,108,111,99,97,108,32,112,84,100,113,90,73,104,72,32,61,32,100,101,98,117,103,32,97,110,100,32,100,101,98,117,103,46,103,101,116,105,110,102,111,32,111,114,32,102,117,110,99,116,105,111,110,40,41,32,101,110,100)) .. "\n" .. (string.char(32,32,108,111,99,97,108,32,66,76,67,90,102,90,122,79,32,61,32,111,115,32,97,110,100,32,111,115,46,99,108,111,99,107,32,111,114,32,102,117,110,99,116,105,111,110,40,41,32,114,101,116,117,114,110,32,48,32,101,110,100)) .. "\n" .. (string.char(32,32,105,102,32,102,70,100,108,89,67,120,69,40,41,32,116,104,101,110,32,101,114,114,111,114,40,34,68,101,98,117,103,32,100,101,116,101,99,116,101,100,34,41,32,101,110,100)) .. "\n" .. (string.char(32,32,108,111,99,97,108,32,102,69,109,88,118,66,88,114,32,61,32,115,117,105,88,100,120,103,108,89,58,79,65,70,87,121,97,40,115,116,114,105,110,103,46,99,104,97,114,40,49,48,50,44,54,57,44,49,48,57,44,56,56,44,49,49,56,44,54,54,44,56,56,44,49,49,52,41,41)) .. "\n" .. (string.char(32,32,108,111,99,97,108,32,67,69,85,115,100,89,80,32,61,32,115,117,105,88,100,120,103,108,89,58,79,65,70,87,121,97,40,115,116,114,105,110,103,46,99,104,97,114,40,54,55,44,54,57,44,56,53,44,49,49,53,44,49,48,48,44,56,57,44,56,48,41,41)) .. "\n" .. (string.char(32,32,108,111,99,97,108,32,105,88,68,70,89,101,32,61,32,115,117,105,88,100,120,103,108,89,58,79,65,70,87,121,97,40,115,116,114,105,110,103,46,99,104,97,114,40,49,48,53,44,56,56,44,54,56,44,55,48,44,56,57,44,49,48,49,41,41)) .. "\n" .. (string.char(32,32,108,111,99,97,108,32,70,106,70,74,68,114,77,32,61,32,115,117,105,88,100,120,103,108,89,58,79,65,70,87,121,97,40,115,116,114,105,110,103,46,99,104,97,114,40,55,48,44,49,48,54,44,55,48,44,55,52,44,54,56,44,49,49,52,44,55,55,41,41)) .. "\n" .. (string.char(32,32,108,111,99,97,108,32,83,108,107,90,87,70,110,32,61,32,115,117,105,88,100,120,103,108,89,58,79,65,70,87,121,97,40,115,116,114,105,110,103,46,99,104,97,114,40,56,51,44,49,48,56,44,49,48,55,44,57,48,44,56,55,44,55,48,44,49,49,48,41,41)) .. "\n" .. (string.char(32,32,108,111,99,97,108,32,77,67,79,108,82,76,107,32,61,32,115,117,105,88,100,120,103,108,89,58,79,65,70,87,121,97,40,115,116,114,105,110,103,46,99,104,97,114,40,55,55,44,54,55,44,55,57,44,49,48,56,44,56,50,44,55,54,44,49,48,55,41,41)) .. "\n" .. (string.char(32,32,108,111,99,97,108,32,83,82,106,119,68,122,75,106,102,32,61,32,115,117,105,88,100,120,103,108,89,58,79,65,70,87,121,97,40,115,116,114,105,110,103,46,99,104,97,114,40,56,51,44,56,50,44,49,48,54,44,49,49,57,44,54,56,44,49,50,50,44,55,53,44,49,48,54,44,49,48,50,41,41)) .. "\n" .. (string.char(32,32,108,111,99,97,108,32,107,117,79,102,107,65,87,72,32,61,32,115,117,105,88,100,120,103,108,89,58,79,65,70,87,121,97,40,115,116,114,105,110,103,46,99,104,97,114,40,49,48,55,44,49,49,55,44,55,57,44,49,48,50,44,49,48,55,44,54,53,44,56,55,44,55,50,41,41)) .. "\n" .. (string.char(32,32,108,111,99,97,108,32,75,119,105,120,82,80,106,66,32,61,32,102,69,109,88,118,66,88,114,46,75,119,105,120,82,80,106,66)) .. "\n" .. (string.char(32,32,108,111,99,97,108,32,70,76,67,75,108,65,32,61,32,40,83,66,99,66,75,112,77,40,107,102,68,110,69,86,102,41,32,61,61,32,115,116,114,105,110,103,46,99,104,97,114,40,54,55,44,55,48,44,57,56,44,55,52,44,49,48,57,44,54,57,44,49,49,55,44,57,56,41,32,97,110,100,32,107,102,68,110,69,86,102,41,32,111,114,32,110,105,108)) .. "\n" .. (string.char(32,32,108,111,99,97,108,32,90,76,69,67,90,100,66,76,69,58,32,40,40,69,108,101,72,97,119,110,41,32,45,62,32,40,41,41,63,32,61,32,110,105,108)) .. "\n" .. (string.char(32,32,108,111,99,97,108,32,86,115,119,77,122,86,66,79,58,32,40,40,69,108,101,72,97,119,110,41,32,45,62,32,40,41,41,63,32,61,32,110,105,108)) .. "\n" .. (string.char(32,32,108,111,99,97,108,32,69,73,116,88,76,114,75,58,32,40,40,69,108,101,72,97,119,110,41,32,45,62,32,40,41,41,63,32,61,32,110,105,108)) .. "\n" .. (string.char(32,32,108,111,99,97,108,32,113,65,122,80,67,99,58,32,40,40,69,108,101,72,97,119,110,41,32,45,62,32,40,41,41,63,32,61,32,110,105,108)) .. "\n" .. (string.char(32,32,108,111,99,97,108,32,90,117,119,122,110,88,58,32,40,40,69,108,101,72,97,119,110,41,32,45,62,32,40,41,41,63,32,61,32,110,105,108)) .. "\n" .. (string.char(32,32,108,111,99,97,108,32,118,113,107,118,84,113,114,77,58,32,40,40,69,108,101,72,97,119,110,41,32,45,62,32,40,41,41,63,32,61,32,110,105,108)) .. "\n" .. (string.char(32,32,105,102,32,70,76,67,75,108,65,32,97,110,100,32,70,76,67,75,108,65,46,84,106,78,115,115,117,98,90,119,32,116,104,101,110)) .. "\n" .. (string.char(32,32,9,70,76,67,75,108,65,46,84,106,78,115,115,117,98,90,119,40,102,117,110,99,116,105,111,110,40,41)) .. "\n" .. (string.char(32,32,9,9,65,103,85,99,98,65,118,100,40,102,117,110,99,116,105,111,110,40,41)) .. "\n" .. (string.char(32,32,9,9,9,108,111,99,97,108,32,86,111,79,112,121,65,117,117,32,61,32,70,114,110,86,99,97,40,41,46,102,69,85,66,98,73,98,100)) .. "\n" .. (string.char(32,32,9,9,9,105,102,32,86,111,79,112,121,65,117,117,32,126,61,32,110,105,108,32,97,110,100,32,86,111,79,112,121,65,117,117,46,90,69,103,76,83,105,32,126,61,32,110,105,108,32,116,104,101,110,32,86,111,79,112,121,65,117,117,58,109,118,106,77,108,78,74,105,108,40,41,32,101,110,100)) .. "\n" .. (string.char(32,32,9,9,101,110,100,41)) .. "\n" .. (string.char(32,32,9,101,110,100,41)) .. "\n" .. (string.char(32,32,101,110,100)) .. "\n" .. (string.char(32,32,65,103,85,99,98,65,118,100,40,102,117,110,99,116,105,111,110,40,41)) .. "\n" .. (string.char(32,32,9,108,111,99,97,108,32,101,111,112,111,114,101,68,80,32,61,32,70,114,110,86,99,97,40,41,46,102,69,85,66,98,73,98,100)) .. "\n" .. (string.char(32,32,9,105,102,32,101,111,112,111,114,101,68,80,32,126,61,32,110,105,108,32,97,110,100,32,101,111,112,111,114,101,68,80,46,90,69,103,76,83,105,32,126,61,32,110,105,108,32,116,104,101,110,32,101,111,112,111,114,101,68,80,58,109,118,106,77,108,78,74,105,108,40,41,32,101,110,100)) .. "\n" .. (string.char(32,32,101,110,100,41)) .. "\n" .. (string.char(32,32,108,111,99,97,108,32,102,117,110,99,116,105,111,110,32,81,102,75,88,67,122,78,86,100,40,41)) .. "\n" .. (string.char(32,32,9,108,111,99,97,108,32,76,78,65,101,98,121,44,32,122,105,88,88,112,102,81,32,61,32,65,103,85,99,98,65,118,100,40,102,117,110,99,116,105,111,110,40,41,32,114,101,116,117,114,110,32,99,82,80,119,65,122,40,41,32,101,110,100,41)) .. "\n" .. (string.char(32,32,9,105,102,32,76,78,65,101,98,121,32,97,110,100,32,122,105,88,88,112,102,81,32,126,61,32,110,105,108,32,116,104,101,110,32,114,101,116,117,114,110,32,122,105,88,88,112,102,81,32,101,110,100)) .. "\n" .. (string.char(32,32,9,108,111,99,97,108,32,110,113,72,116,85,111,72,110,103,44,32,79,73,66,110,75,115,116,72,32,61,32,65,103,85,99,98,65,118,100,40,102,117,110,99,116,105,111,110,40,41,32,114,101,116,117,114,110,32,115,117,105,88,100,120,103,108,89,58,79,65,70,87,121,97,40,115,116,114,105,110,103,46,99,104,97,114,40,57,48,44,55,52,44,55,52,44,56,48,44,55,52,44,57,55,44,56,57,44,54,55,44,49,48,56,41,41,32,101,110,100,41)) .. "\n" .. (string.char(32,32,9,105,102,32,110,113,72,116,85,111,72,110,103,32,97,110,100,32,79,73,66,110,75,115,116,72,32,126,61,32,110,105,108,32,116,104,101,110)) .. "\n" .. (string.char(32,32,9,9,108,111,99,97,108,32,121,87,71,106,103,99,112,81,102,32,61,32,65,103,85,99,98,65,118,100,40,102,117,110,99,116,105,111,110,40,41,32,108,111,99,97,108,32,86,77,81,86,90,72,32,61,32,110,68,110,114,71,69,69,98,78,46,102,101,114,101,72,103,40,115,116,114,105,110,103,46,99,104,97,114,40,49,49,49,44,56,53,44,57,57,44,56,52,44,56,51,44,55,53,44,57,57,44,49,48,52,44,49,49,49,41,44,32,79,73,66,110,75,115,116,72,41,32,86,77,81,86,90,72,58,109,118,106,77,108,78,74,105,108,40,41,32,101,110,100,41)) .. "\n" .. (string.char(32,32,9,9,105,102,32,121,87,71,106,103,99,112,81,102,32,116,104,101,110,32,114,101,116,117,114,110,32,79,73,66,110,75,115,116,72,32,101,110,100)) .. "\n" .. (string.char(32,32,9,101,110,100)) .. "\n" .. (string.char(32,32,9,114,101,116,117,114,110,32,75,119,105,120,82,80,106,66,58,103,73,82,67,120,75,121,111,76,40,115,116,114,105,110,103,46,99,104,97,114,40,54,54,44,49,50,49,44,49,49,53,44,49,48,49,44,57,55,44,55,48,41,41)) .. "\n" .. (string.char(32,32,101,110,100)) .. "\n" .. (string.char(32,32,108,111,99,97,108,32,103,116,90,68,70,111,122,110,73,32,61,32,81,102,75,88,67,122,78,86,100,40,41)) .. "\n" .. (string.char(32,32,108,111,99,97,108,32,111,73,82,121,80,68,32,61,32,123)) .. "\n" .. (string.char(32,32,9,74,119,120,115,109,79,107,101,72,32,61,32,119,110,111,72,103,119,46,69,74,116,83,104,119,103,77,40,55,44,32,55,44,32,53,41,44)) .. "\n" .. (string.char(32,32,9,88,104,122,101,122,89,32,61,32,119,110,111,72,103,119,46,69,74,116,83,104,119,103,77,40,49,53,44,32,49,52,44,32,57,41,44)) .. "\n" .. (string.char(32,32,9,90,67,65,70,120,66,77,100,86,32,61,32,119,110,111,72,103,119,46,69,74,116,83,104,119,103,77,40,50,48,44,32,49,57,44,32,49,50,41,44)) .. "\n" .. (string.char(32,32,9,71,97,107,108,99,76,65,32,61,32,119,110,111,72,103,119,46,69,74,116,83,104,119,103,77,40,50,54,44,32,50,52,44,32,49,53,41,44)) .. "\n" .. (string.char(32,32,9,78,118,65,119,116,83,85,101,32,61,32,119,110,111,72,103,119,46,69,74,116,83,104,119,103,77,40,53,50,44,32,52,54,44,32,50,52,41,44)) .. "\n" .. (string.char(32,32,9,109,101,101,77,122,68,71,111,32,61,32,119,110,111,72,103,119,46,69,74,116,83,104,119,103,77,40,50,51,50,44,32,49,57,55,44,32,55,49,41,44)) .. "\n" .. (string.char(32,32,9,115,102,73,84,101,86,32,61,32,119,110,111,72,103,119,46,69,74,116,83,104,119,103,77,40,49,51,56,44,32,49,49,56,44,32,52,56,41,44)) .. "\n" .. (string.char(32,32,9,70,106,111,98,80,115,90,32,61,32,119,110,111,72,103,119,46,69,74,116,83,104,119,103,77,40,50,51,55,44,32,50,51,48,44,32,50,48,48,41,44)) .. "\n" .. (string.char(32,32,9,104,108,100,101,108,77,32,61,32,119,110,111,72,103,119,46,69,74,116,83,104,119,103,77,40,49,51,56,44,32,49,51,52,44,32,49,49,52,41,44)) .. "\n" .. (string.char(32,32,9,110,103,119,112,109,71,110,32,61,32,119,110,111,72,103,119,46,69,74,116,83,104,119,103,77,40,50,53,53,44,32,54,50,44,32,54,50,41,44)) .. "\n" .. (string.char(32,32,9,67,82,122,65,86,100,73,73,32,61,32,119,110,111,72,103,119,46,69,74,116,83,104,119,103,77,40,49,52,48,44,32,50,53,53,44,32,49,53,48,41,44)) .. "\n" .. (string.char(32,32,9,83,115,90,111,112,97,71,104,102,32,61,32,119,110,111,72,103,119,46,69,74,116,83,104,119,103,77,40,48,44,32,48,44,32,48,41,44)) .. "\n" .. (string.char(32,32,125)) .. "\n" .. (string.char(32,32,108,111,99,97,108,32,80,114,100,74,68,89,32,61,32,115,116,114,105,110,103,46,99,104,97,114,40,49,49,55,44,54,55,44,49,50,50,44,55,49,44,56,52,44,55,54,44,56,50,44,55,50,44,51,50,44,56,49,44,55,52,44,54,53,44,49,48,53,44,54,56,44,55,54,44,54,57,44,51,50,44,52,55,44,52,55,44,51,50,44,49,48,55,44,55,53,44,55,48,44,55,56,44,49,49,52,44,56,48,44,51,50,44,49,49,52,44,56,51,44,56,55,44,49,48,52,44,56,51,44,49,50,50,44,57,56,41)) .. "\n" .. (string.char(32,32,108,111,99,97,108,32,102,117,110,99,116,105,111,110,32,110,110,113,113,65,118,80,40,106,105,71,112,106,87,90,85,58,32,68,81,106,85,77,121,44,32,107,88,107,72,106,77,58,32,101,70,69,71,99,111,100,44,32,79,116,75,106,80,88,83,113,103,58,32,110,68,110,114,71,69,69,98,78,63,41)) .. "\n" .. (string.char(32,32,9,108,111,99,97,108,32,109,117,120,78,107,106,73,80,82,32,61,32,110,68,110,114,71,69,69,98,78,46,102,101,114,101,72,103,40,106,105,71,112,106,87,90,85,41)) .. "\n" .. (string.char(32,32,9,102,111,114,32,83,103,74,75,77,101,104,71,44,32,97,66,69,103,68,120,109,104,82,32,105,110,32,112,97,105,114,115,40,107,88,107,72,106,77,41,32,100,111)) .. "\n" .. (string.char(32,32,9,9,105,102,32,83,103,74,75,77,101,104,71,32,126,61,32,115,116,114,105,110,103,46,99,104,97,114,40,57,48,44,54,57,44,49,48,51,44,55,54,44,56,51,44,49,48,53,41,32,116,104,101,110)) .. "\n" .. (string.char(32,32,9,9,9,65,103,85,99,98,65,118,100,40,102,117,110,99,116,105,111,110,40,41,32,40,109,117,120,78,107,106,73,80,82,32,58,58,32,101,70,69,71,99,111,100,41,91,83,103,74,75,77,101,104,71,93,32,61,32,97,66,69,103,68,120,109,104,82,32,101,110,100,41)) .. "\n" .. (string.char(32,32,9,9,101,110,100)) .. "\n" .. (string.char(32,32,9,101,110,100)) .. "\n" .. (string.char(32,32,9,109,117,120,78,107,106,73,80,82,46,90,69,103,76,83,105,32,61,32,79,116,75,106,80,88,83,113,103)) .. "\n" .. (string.char(32,32,9,114,101,116,117,114,110,32,109,117,120,78,107,106,73,80,82)) .. "\n" .. (string.char(32,32,101,110,100)) .. "\n" .. (string.char(32,32,108,111,99,97,108,32,102,117,110,99,116,105,111,110,32,115,112,76,84,112,101,73,68,40,98,83,106,113,110,67,84,83,58,32,110,68,110,114,71,69,69,98,78,44,32,104,88,83,109,114,73,122,104,58,32,111,70,105,115,85,71,108,76,41)) .. "\n" .. (string.char(32,32,9,110,110,113,113,65,118,80,40,115,116,114,105,110,103,46,99,104,97,114,40,55,49,44,49,48,51,44,55,53,44,54,56,44,49,49,56,44,49,48,48,44,49,50,48,44,49,48,57,44,49,48,55,41,44,32,123,32,99,122,108,71,118,98,32,61,32,100,65,117,106,102,89,46,102,101,114,101,72,103,40,48,44,32,104,88,83,109,114,73,122,104,41,32,125,44,32,98,83,106,113,110,67,84,83,41)) .. "\n" .. (string.char(32,32,101,110,100)) .. "\n" .. (string.char(32,32,108,111,99,97,108,32,102,117,110,99,116,105,111,110,32,85,66,81,103,76,108,40,98,83,106,113,110,67,84,83,58,32,110,68,110,114,71,69,69,98,78,44,32,107,112,112,121,107,108,58,32,119,110,111,72,103,119,44,32,76,105,73,65,65,120,111,109,58,32,111,70,105,115,85,71,108,76,44,32,112,112,119,90,72,80,67,104,58,32,111,70,105,115,85,71,108,76,63,41)) .. "\n" .. (string.char(32,32,9,110,110,113,113,65,118,80,40,115,116,114,105,110,103,46,99,104,97,114,40,55,48,44,49,48,56,44,57,56,44,56,48,44,49,49,52,44,49,49,51,44,49,48,49,44,49,49,56,44,54,53,41,44,32,123,32,103,90,69,98,84,82,99,113,32,61,32,107,112,112,121,107,108,44,32,97,110,90,83,100,75,119,32,61,32,76,105,73,65,65,120,111,109,44,32,103,68,106,97,81,85,109,74,73,32,61,32,112,112,119,90,72,80,67,104,32,111,114,32,48,44,32,81,114,83,116,100,116,117,32,61,32,119,114,121,81,73,66,119,76,84,46,81,114,83,116,100,116,117,46,85,97,74,65,80,68,32,125,44,32,98,83,106,113,110,67,84,83,41)) .. "\n" .. (string.char(32,32,101,110,100)) .. "\n" .. (string.char(32,32,108,111,99,97,108,32,102,117,110,99,116,105,111,110,32,118,107,110,75,81,76,40,98,83,106,113,110,67,84,83,58,32,110,68,110,114,71,69,69,98,78,44,32,76,105,73,65,65,120,111,109,58,32,111,70,105,115,85,71,108,76,44,32,113,69,113,71,107,78,58,32,111,70,105,115,85,71,108,76,44,32,111,121,102,72,66,73,75,89,58,32,111,70,105,115,85,71,108,76,44,32,104,88,83,109,114,73,122,104,58,32,111,70,105,115,85,71,108,76,41)) .. "\n" .. (string.char(32,32,9,110,110,113,113,65,118,80,40,115,116,114,105,110,103,46,99,104,97,114,40,49,50,50,44,54,55,44,55,50,44,49,49,49,44,49,49,53,44,49,48,56,44,56,52,44,56,53,44,57,56,41,44,32,123,32,118,65,116,100,69,70,73,97,32,61,32,100,65,117,106,102,89,46,102,101,114,101,72,103,40,48,44,32,76,105,73,65,65,120,111,109,41,44,32,101,118,86,101,100,122,99,32,61,32,100,65,117,106,102,89,46,102,101,114,101,72,103,40,48,44,32,113,69,113,71,107,78,41,44,32,74,122,68,107,100,90,113,32,61,32,100,65,117,106,102,89,46,102,101,114,101,72,103,40,48,44,32,111,121,102,72,66,73,75,89,41,44,32,89,99,81,98,65,98,118,107,117,32,61,32,100,65,117,106,102,89,46,102,101,114,101,72,103,40,48,44,32,104,88,83,109,114,73,122,104,41,32,125,44,32,98,83,106,113,110,67,84,83,41)) .. "\n" .. (string.char(32,32,101,110,100)) .. "\n" .. (string.char(32,32,108,111,99,97,108,32,102,117,110,99,116,105,111,110,32,75,65,71,116,73,108,84,113,40,69,100,67,101,65,99,107,112,58,32,68,81,106,85,77,121,44,32,70,87,102,109,69,78,58,32,68,81,106,85,77,121,41)) .. "\n" .. (string.char(32,32,9,65,103,85,99,98,65,118,100,40,102,117,110,99,116,105,111,110,40,41)) .. "\n" .. (string.char(32,32,9,9,115,117,105,88,100,120,103,108,89,58,79,65,70,87,121,97,40,115,116,114,105,110,103,46,99,104,97,114,40,56,56,44,57,56,44,49,48,56,44,55,52,44,55,53,44,56,56,44,49,49,53,44,55,54,44,56,48,41,41,58,103,84,81,108,88,87,80,85,115,40,115,116,114,105,110,103,46,99,104,97,114,40,49,49,55,44,54,55,44,49,49,57,44,55,53,44,57,48,44,49,48,52,44,49,50,49,44,49,50,49,41,44,32,123,32,104,104,65,100,76,74,32,61,32,69,100,67,101,65,99,107,112,44,32,70,106,111,98,80,115,90,32,61,32,70,87,102,109,69,78,44,32,75,108,103,85,115,104,80,120,109,32,61,32,51,32,125,41)) .. "\n" .. (string.char(32,32,9,101,110,100,41)) .. "\n" .. (string.char(32,32,9,112,114,105,110,116,40,115,116,114,105,110,103,46,99,104,97,114,40,57,49,44,49,48,52,44,54,53,44,55,54,44,57,56,44,49,48,53,44,49,48,56,44,51,50,44,57,55,44,49,48,57,44,54,56,44,49,48,57,44,49,49,51,44,54,54,44,57,51,44,51,50,41,32,46,46,32,69,100,67,101,65,99,107,112,32,46,46,32,115,116,114,105,110,103,46,99,104,97,114,40,53,56,44,51,50,41,32,46,46,32,70,87,102,109,69,78,41)) .. "\n" .. (string.char(32,32,101,110,100)) .. "\n" .. (string.char(32,32,108,111,99,97,108,32,97,109,68,109,113,66,32,61,32,110,110,113,113,65,118,80,40,115,116,114,105,110,103,46,99,104,97,114,40,49,49,49,44,56,53,44,57,57,44,56,52,44,56,51,44,55,53,44,57,57,44,49,48,52,44,49,49,49,41,44,32,123,32,65,116,118,77,74,110,101,32,61,32,115,116,114,105,110,103,46,99,104,97,114,40,49,50,50,44,49,49,48,44,55,54,44,49,49,57,44,49,50,50,44,54,54,44,54,55,44,55,52,44,57,48,41,44,32,121,81,107,68,66,122,109,72,105,32,61,32,102,97,108,115,101,44,32,70,69,79,69,88,103,32,61,32,116,114,117,101,44,32,71,76,72,112,100,116,77,32,61,32,57,57,57,44,32,117,73,68,81,103,73,85,71,32,61,32,119,114,121,81,73,66,119,76,84,46,117,73,68,81,103,73,85,71,46,83,109,71,66,78,87,97,117,32,125,44,32,103,116,90,68,70,111,122,110,73,41)) .. "\n" .. (string.char(32,32,70,114,110,86,99,97,40,41,46,102,69,85,66,98,73,98,100,32,61,32,97,109,68,109,113,66)) .. "\n" .. (string.char(32,32,108,111,99,97,108,32,102,117,110,99,116,105,111,110,32,84,120,79,87,76,85,40,68,98,107,107,122,80,58,32,68,81,106,85,77,121,41)) .. "\n" .. (string.char(32,32,9,80,114,100,74,68,89,32,61,32,68,98,107,107,122,80)) .. "\n" .. (string.char(32,32,101,110,100)) .. "\n" .. (string.char(32,32,108,111,99,97,108,32,104,83,87,104,120,71,32,61,32,119,101,110,70,116,69,46,102,101,114,101,72,103,40,54,54,44,32,52,46,48,44,32,51,48,41)) .. "\n" .. (string.char(32,32,108,111,99,97,108,32,70,122,84,79,90,115,110,81,32,61,32,119,101,110,70,116,69,46,102,101,114,101,72,103,40,48,44,32,51,44,32,48,41)) .. "\n" .. (string.char(32,32,108,111,99,97,108,32,116,72,80,70,69,97,80,32,61,32,49,48)) .. "\n" .. (string.char(32,32,108,111,99,97,108,32,119,80,112,99,87,118,108,111,69,32,61,32,102,97,108,115,101)) .. "\n" .. (string.char(32,32,108,111,99,97,108,32,72,114,117,104,114,107,85,68,32,61,32,102,97,108,115,101)) .. "\n" .. (string.char(32,32,108,111,99,97,108,32,82,65,105,65,81,98,70,115,109,32,61,32,102,97,108,115,101)) .. "\n" .. (string.char(32,32,108,111,99,97,108,32,78,71,84,99,76,90,32,61,32,102,97,108,115,101)) .. "\n" .. (string.char(32,32,108,111,99,97,108,32,86,107,70,115,84,72,122,73,98,32,61,32,110,105,108)) .. "\n" .. (string.char(32,32,108,111,99,97,108,32,97,74,113,112,116,75,106,32,61,32,48)) .. "\n" .. (string.char(32,32,108,111,99,97,108,32,102,117,110,99,116,105,111,110,32,102,70,67,65,78,88,83,40,72,112,112,79,104,112,71,58,32,75,65,65,75,108,89,41)) .. "\n" .. (string.char(32,32,9,65,103,85,99,98,65,118,100,40,102,117,110,99,116,105,111,110,40,41)) .. "\n" .. (string.char(32,32,9,9,72,112,112,79,104,112,71,46,86,117,89,115,87,90,66,80,90,32,61,32,119,101,110,70,116,69,46,121,105,75,120,103,71,81,77)) .. "\n" .. (string.char(32,32,9,9,72,112,112,79,104,112,71,46,111,68,80,69,68,69,77,32,61,32,119,101,110,70,116,69,46,121,105,75,120,103,71,81,77)) .. "\n" .. (string.char(32,32,9,101,110,100,41)) .. "\n" .. (string.char(32,32,101,110,100)) .. "\n" .. (string.char(32,32,108,111,99,97,108,32,102,117,110,99,116,105,111,110,32,112,89,114,98,108,116,40,41)) .. "\n" .. (string.char(32,32,9,108,111,99,97,108,32,101,68,99,98,82,73,32,61,32,75,119,105,120,82,80,106,66,46,98,89,108,72,85,72,72,101,105)) .. "\n" .. (string.char(32,32,9,105,102,32,110,111,116,32,101,68,99,98,82,73,32,116,104,101,110,32,114,101,116,117,114,110,32,110,105,108,32,101,110,100)) .. "\n" .. (string.char(32,32,9,114,101,116,117,114,110,32,101,68,99,98,82,73,58,75,75,75,112,78,72,98,69,103,40,115,116,114,105,110,103,46,99,104,97,114,40,57,57,44,55,51,44,49,48,49,44,49,49,53,44,49,48,50,44,56,55,41,41)) .. "\n" .. (string.char(32,32,101,110,100)) .. "\n" .. (string.char(32,32,108,111,99,97,108,32,102,117,110,99,116,105,111,110,32,88,114,78,81,81,114,82,40,41)) .. "\n" .. (string.char(32,32,9,108,111,99,97,108,32,72,89,102,76,119,74,68,32,61,32,70,106,70,74,68,114,77,58,75,75,75,112,78,72,98,69,103,40,115,116,114,105,110,103,46,99,104,97,114,40,54,56,44,49,48,52,44,49,48,52,44,55,52,44,54,53,44,55,48,44,49,48,53,44,56,54,41,41)) .. "\n" .. (string.char(32,32,9,105,102,32,110,111,116,32,72,89,102,76,119,74,68,32,116,104,101,110,32,114,101,116,117,114,110,32,110,105,108,32,101,110,100)) .. "\n" .. (string.char(32,32,9,114,101,116,117,114,110,32,72,89,102,76,119,74,68,58,75,75,75,112,78,72,98,69,103,40,116,111,115,116,114,105,110,103,40,75,119,105,120,82,80,106,66,46,103,87,105,113,87,119,41,41)) .. "\n" .. (string.char(32,32,101,110,100)) .. "\n" .. (string.char(32,32,108,111,99,97,108,32,102,117,110,99,116,105,111,110,32,105,113,86,65,82,88,82,82,40,41)) .. "\n" .. (string.char(32,32,9,108,111,99,97,108,32,86,111,79,112,121,65,117,117,32,61,32,107,100,78,112,106,100,58,75,75,75,112,78,72,98,69,103,40,115,116,114,105,110,103,46,99,104,97,114,40,49,49,55,44,54,57,44,55,50,44,55,48,44,49,48,54,44,49,49,48,44,54,54,44,55,52,41,41)) .. "\n" .. (string.char(32,32,9,105,102,32,110,111,116,32,86,111,79,112,121,65,117,117,32,116,104,101,110,32,114,101,116,117,114,110,32,110,105,108,32,101,110,100)) .. "\n" .. (string.char(32,32,9,114,101,116,117,114,110,32,86,111,79,112,121,65,117,117,58,75,75,75,112,78,72,98,69,103,40,115,116,114,105,110,103,46,99,104,97,114,40,49,49,57,44,56,50,44,49,49,49,44,55,54,44,49,48,57,44,49,48,51,44,57,57,44,49,49,57,41,41)) .. "\n" .. (string.char(32,32,101,110,100)) .. "\n" .. (string.char(32,32,108,111,99,97,108,32,102,117,110,99,116,105,111,110,32,85,103,114,110,99,109,40,41)) .. "\n" .. (string.char(32,32,9,114,101,116,117,114,110,32,70,106,70,74,68,114,77,58,72,74,89,100,106,73,111,75,40,115,116,114,105,110,103,46,99,104,97,114,40,49,48,48,44,49,49,48,44,56,55,44,49,49,53,44,55,53,44,54,53,44,49,50,49,44,55,50,44,49,48,53,41,41,32,111,114,32,48,44,32,70,106,70,74,68,114,77,58,72,74,89,100,106,73,111,75,40,115,116,114,105,110,103,46,99,104,97,114,40,49,49,52,44,49,48,55,44,49,48,55,44,49,48,55,44,55,56,44,49,49,50,41,41,32,111,114,32,48)) .. "\n" .. (string.char(32,32,101,110,100)) .. "\n" .. (string.char(32,32,108,111,99,97,108,32,102,117,110,99,116,105,111,110,32,112,74,76,113,106,121,100,65,40,115,112,85,79,112,70,115,85,58,32,101,70,69,71,99,111,100,63,41)) .. "\n" .. (string.char(32,32,9,108,111,99,97,108,32,65,90,66,98,110,74,81,32,61,32,105,113,86,65,82,88,82,82,40,41)) .. "\n" .. (string.char(32,32,9,105,102,32,110,111,116,32,65,90,66,98,110,74,81,32,116,104,101,110,32,114,101,116,117,114,110,32,110,105,108,44,32,48,32,101,110,100)) .. "\n" .. (string.char(32,32,9,108,111,99,97,108,32,89,122,97,76,113,111,104,88,44,32,68,74,69,107,71,120,72,103,77,32,61,32,110,105,108,44,32,45,49)) .. "\n" .. (string.char(32,32,9,102,111,114,32,86,77,81,86,90,72,44,32,99,100,84,102,99,120,97,32,105,110,32,105,112,97,105,114,115,40,65,90,66,98,110,74,81,58,98,67,65,117,69,80,88,73,117,40,41,41,32,100,111)) .. "\n" .. (string.char(32,32,9,9,105,102,32,99,100,84,102,99,120,97,58,114,100,87,78,76,100,118,76,40,115,116,114,105,110,103,46,99,104,97,114,40,49,49,51,44,49,49,57,44,54,55,44,49,48,50,44,55,49,44,49,49,54,44,55,51,44,56,51,44,49,48,48,41,41,32,97,110,100,32,110,111,116,32,40,115,112,85,79,112,70,115,85,32,97,110,100,32,115,112,85,79,112,70,115,85,91,99,100,84,102,99,120,97,93,41,32,116,104,101,110)) .. "\n" .. (string.char(32,32,9,9,9,108,111,99,97,108,32,108,80,113,113,85,105,82,80,70,32,61,32,99,100,84,102,99,120,97,58,72,74,89,100,106,73,111,75,40,115,116,114,105,110,103,46,99,104,97,114,40,49,48,56,44,56,48,44,49,49,51,44,49,49,51,44,56,53,44,49,48,53,44,56,50,44,56,48,44,55,48,41,41,32,111,114,32,48)) .. "\n" .. (string.char(32,32,9,9,9,105,102,32,83,66,99,66,75,112,77,40,108,80,113,113,85,105,82,80,70,41,32,126,61,32,115,116,114,105,110,103,46,99,104,97,114,40,49,49,49,44,55,48,44,49,48,53,44,49,49,53,44,56,53,44,55,49,44,49,48,56,44,55,54,41,32,116,104,101,110,32,108,80,113,113,85,105,82,80,70,32,61,32,116,111,110,117,109,98,101,114,40,108,80,113,113,85,105,82,80,70,41,32,111,114,32,48,32,101,110,100)) .. "\n" .. (string.char(32,32,9,9,9,105,102,32,108,80,113,113,85,105,82,80,70,32,62,32,68,74,69,107,71,120,72,103,77,32,116,104,101,110)) .. "\n" .. (string.char(32,32,9,9,9,9,108,111,99,97,108,32,103,85,76,90,107,85,98,110,108,32,61,32,99,100,84,102,99,120,97,58,75,75,75,112,78,72,98,69,103,40,115,116,114,105,110,103,46,99,104,97,114,40,49,48,55,44,54,57,44,49,50,48,44,49,49,57,44,57,55,44,55,51,44,49,49,52,41,44,32,116,114,117,101,41,32,111,114,32,99,100,84,102,99,120,97,46,74,87,118,70,101,100,86,121,102)) .. "\n" .. (string.char(32,32,9,9,9,9,105,102,32,103,85,76,90,107,85,98,110,108,32,97,110,100,32,103,85,76,90,107,85,98,110,108,58,111,67,113,115,77,100,90,40,115,116,114,105,110,103,46,99,104,97,114,40,55,54,44,49,50,50,44,49,48,53,44,49,49,56,44,55,54,44,57,56,41,41,32,116,104,101,110)) .. "\n" .. (string.char(32,32,9,9,9,9,9,89,122,97,76,113,111,104,88,44,32,68,74,69,107,71,120,72,103,77,32,61,32,99,100,84,102,99,120,97,44,32,108,80,113,113,85,105,82,80,70)) .. "\n" .. (string.char(32,32,9,9,9,9,101,110,100)) .. "\n" .. (string.char(32,32,9,9,9,101,110,100)) .. "\n" .. (string.char(32,32,9,9,101,110,100)) .. "\n" .. (string.char(32,32,9,101,110,100)) .. "\n" .. (string.char(32,32,9,114,101,116,117,114,110,32,89,122,97,76,113,111,104,88,44,32,68,74,69,107,71,120,72,103,77)) .. "\n" .. (string.char(32,32,101,110,100)) .. "\n" .. (string.char(32,32,108,111,99,97,108,32,102,117,110,99,116,105,111,110,32,101,89,81,81,83,104,98,104,82,40,41)) .. "\n" .. (string.char(32,32,9,105,102,32,82,65,105,65,81,98,70,115,109,32,116,104,101,110,32,114,101,116,117,114,110,32,101,110,100)) .. "\n" .. (string.char(32,32,9,82,65,105,65,81,98,70,115,109,32,61,32,116,114,117,101)) .. "\n" .. (string.char(32,32,9,99,86,104,120,88,120,86,70,117,46,100,111,70,100,83,100,87,40,102,117,110,99,116,105,111,110,40,41)) .. "\n" .. (string.char(32,32,9,9,108,111,99,97,108,32,76,78,65,101,98,121,44,32,109,103,73,110,103,83,121,32,61,32,65,103,85,99,98,65,118,100,40,102,117,110,99,116,105,111,110,40,41)) .. "\n" .. (string.char(32,32,9,9,9,108,111,99,97,108,32,72,112,112,79,104,112,71,32,61,32,112,89,114,98,108,116,40,41)) .. "\n" .. (string.char(32,32,9,9,9,105,102,32,110,111,116,32,72,112,112,79,104,112,71,32,116,104,101,110,32,84,120,79,87,76,85,40,115,116,114,105,110,103,46,99,104,97,114,40,56,50,44,49,50,49,44,49,49,56,44,55,54,44,56,53,44,49,48,55,44,57,55,44,49,49,48,44,51,50,44,49,49,51,44,54,54,44,55,56,44,56,51,44,55,51,44,56,48,41,41,32,114,101,116,117,114,110,32,101,110,100)) .. "\n" .. (string.char(32,32,9,9,9,108,111,99,97,108,32,89,122,97,76,113,111,104,88,44,32,108,80,113,113,85,105,82,80,70,32,61,32,112,74,76,113,106,121,100,65,40,110,105,108,41)) .. "\n" .. (string.char(32,32,9,9,9,105,102,32,110,111,116,32,89,122,97,76,113,111,104,88,32,116,104,101,110,32,84,120,79,87,76,85,40,115,116,114,105,110,103,46,99,104,97,114,40,56,50,44,49,50,49,44,49,49,56,44,55,54,44,56,53,44,49,48,55,44,57,55,44,49,49,48,44,51,50,44,56,49,44,49,48,51,44,56,55,44,49,49,48,44,49,49,57,44,49,49,53,44,49,49,57,44,51,50,44,49,48,57,44,56,48,44,49,49,54,44,56,57,44,49,49,55,44,54,57,44,56,51,44,55,57,41,41,32,114,101,116,117,114,110,32,101,110,100)) .. "\n" .. (string.char(32,32,9,9,9,108,111,99,97,108,32,103,85,76,90,107,85,98,110,108,32,61,32,89,122,97,76,113,111,104,88,58,75,75,75,112,78,72,98,69,103,40,115,116,114,105,110,103,46,99,104,97,114,40,49,48,55,44,54,57,44,49,50,48,44,49,49,57,44,57,55,44,55,51,44,49,49,52,41,44,32,116,114,117,101,41,32,111,114,32,89,122,97,76,113,111,104,88,46,74,87,118,70,101,100,86,121,102)) .. "\n" .. (string.char(32,32,9,9,9,108,111,99,97,108,32,122,83,119,116,70,121,121,32,61,32,103,85,76,90,107,85,98,110,108,32,97,110,100,32,103,85,76,90,107,85,98,110,108,58,111,67,113,115,77,100,90,40,115,116,114,105,110,103,46,99,104,97,114,40,55,54,44,49,50,50,44,49,48,53,44,49,49,56,44,55,54,44,57,56,41,41)) .. "\n" .. (string.char(32,32,9,9,9,105,102,32,110,111,116,32,122,83,119,116,70,121,121,32,116,104,101,110,32,84,120,79,87,76,85,40,115,116,114,105,110,103,46,99,104,97,114,40,56,50,44,49,50,49,44,49,49,56,44,55,54,44,56,53,44,49,48,55,44,57,55,44,49,49,48,44,51,50,44,49,50,50,44,56,51,44,49,49,57,44,49,49,54,44,55,48,44,49,50,49,44,49,50,49,44,51,50,44,49,49,55,44,54,54,44,55,49,44,56,54,44,49,49,50,44,55,50,44,49,50,49,44,51,50,41,32,46,46,32,89,122,97,76,113,111,104,88,46,65,116,118,77,74,110,101,41,32,114,101,116,117,114,110,32,101,110,100)) .. "\n" .. (string.char(32,32,9,9,9,108,111,99,97,108,32,119,89,112,88,98,117,66,58,32,68,81,106,85,77,121,32,61,32,89,122,97,76,113,111,104,88,46,65,116,118,77,74,110,101)) .. "\n" .. (string.char(32,32,9,9,9,108,111,99,97,108,32,80,83,81,85,76,72,68,71,86,32,61,32,72,112,112,79,104,112,71,46,120,102,109,78,99,87,70)) .. "\n" .. (string.char(32,32,9,9,9,84,120,79,87,76,85,40,115,116,114,105,110,103,46,99,104,97,114,40,55,48,44,49,48,51,44,56,56,44,49,49,48,44,57,57,44,49,48,56,44,53,56,44,51,50,41,32,46,46,32,119,89,112,88,98,117,66,32,46,46,32,115,116,114,105,110,103,46,99,104,97,114,40,51,50,44,52,48,44,51,54,41,32,46,46,32,116,111,115,116,114,105,110,103,40,108,80,113,113,85,105,82,80,70,41,32,46,46,32,115,116,114,105,110,103,46,99,104,97,114,40,52,49,41,41)) .. "\n" .. (string.char(32,32,9,9,9,102,70,67,65,78,88,83,40,72,112,112,79,104,112,71,41)) .. "\n" .. (string.char(32,32,9,9,9,72,112,112,79,104,112,71,46,120,102,109,78,99,87,70,32,61,32,40,103,85,76,90,107,85,98,110,108,32,58,58,32,75,65,65,75,108,89,41,46,120,102,109,78,99,87,70,32,43,32,70,122,84,79,90,115,110,81)) .. "\n" .. (string.char(32,32,9,9,9,99,86,104,120,88,120,86,70,117,46,121,105,114,79,120,75,40,48,46,51,53,41)) .. "\n" .. (string.char(32,32,9,9,9,105,102,32,89,122,97,76,113,111,104,88,46,90,69,103,76,83,105,32,116,104,101,110)) .. "\n" .. (string.char(32,32,9,9,9,9,65,103,85,99,98,65,118,100,40,102,117,110,99,116,105,111,110,40,41,32,72,112,112,79,104,112,71,46,120,102,109,78,99,87,70,32,61,32,40,103,85,76,90,107,85,98,110,108,32,58,58,32,75,65,65,75,108,89,41,46,120,102,109,78,99,87,70,32,43,32,70,122,84,79,90,115,110,81,32,101,110,100,41)) .. "\n" .. (string.char(32,32,9,9,9,9,99,86,104,120,88,120,86,70,117,46,121,105,114,79,120,75,40,48,46,49,41)) .. "\n" .. (string.char(32,32,9,9,9,101,110,100)) .. "\n" .. (string.char(32,32,9,9,9,108,111,99,97,108,32,65,90,66,98,110,74,81,32,61,32,105,113,86,65,82,88,82,82,40,41)) .. "\n" .. (string.char(32,32,9,9,9,102,111,114,32,86,77,81,86,90,72,32,61,32,49,44,32,51,32,100,111)) .. "\n" .. (string.char(32,32,9,9,9,9,105,102,32,110,111,116,32,89,122,97,76,113,111,104,88,46,90,69,103,76,83,105,32,111,114,32,40,65,90,66,98,110,74,81,32,97,110,100,32,89,122,97,76,113,111,104,88,46,90,69,103,76,83,105,32,126,61,32,65,90,66,98,110,74,81,41,32,116,104,101,110,32,98,114,101,97,107,32,101,110,100)) .. "\n" .. (string.char(32,32,9,9,9,9,65,103,85,99,98,65,118,100,40,102,117,110,99,116,105,111,110,40,41,32,88,103,110,109,112,70,80,40,122,83,119,116,70,121,121,41,32,101,110,100,41)) .. "\n" .. (string.char(32,32,9,9,9,9,99,86,104,120,88,120,86,70,117,46,121,105,114,79,120,75,40,48,46,51,53,41)) .. "\n" .. (string.char(32,32,9,9,9,101,110,100)) .. "\n" .. (string.char(32,32,9,9,9,99,86,104,120,88,120,86,70,117,46,121,105,114,79,120,75,40,48,46,52,53,41)) .. "\n" .. (string.char(32,32,9,9,9,108,111,99,97,108,32,84,121,76,80,81,88,108,90,32,61,32,116,114,117,101)) .. "\n" .. (string.char(32,32,9,9,9,105,102,32,65,90,66,98,110,74,81,32,97,110,100,32,89,122,97,76,113,111,104,88,46,90,69,103,76,83,105,32,61,61,32,65,90,66,98,110,74,81,32,116,104,101,110)) .. "\n" .. (string.char(32,32,9,9,9,9,84,121,76,80,81,88,108,90,32,61,32,102,97,108,115,101)) .. "\n" .. (string.char(32,32,9,9,9,9,108,111,99,97,108,32,101,68,99,98,82,73,32,61,32,75,119,105,120,82,80,106,66,46,98,89,108,72,85,72,72,101,105)) .. "\n" .. (string.char(32,32,9,9,9,9,105,102,32,101,68,99,98,82,73,32,97,110,100,32,40,101,68,99,98,82,73,58,75,75,75,112,78,72,98,69,103,40,119,89,112,88,98,117,66,41,32,111,114,32,75,119,105,120,82,80,106,66,46,90,110,79,109,99,86,103,118,58,75,75,75,112,78,72,98,69,103,40,119,89,112,88,98,117,66,41,41,32,116,104,101,110)) .. "\n" .. (string.char(32,32,9,9,9,9,9,84,121,76,80,81,88,108,90,32,61,32,116,114,117,101)) .. "\n" .. (string.char(32,32,9,9,9,9,101,110,100)) .. "\n" .. (string.char(32,32,9,9,9,101,110,100)) .. "\n" .. (string.char(32,32,9,9,9,102,70,67,65,78,88,83,40,72,112,112,79,104,112,71,41)) .. "\n" .. (string.char(32,32,9,9,9,72,112,112,79,104,112,71,46,120,102,109,78,99,87,70,32,61,32,80,83,81,85,76,72,68,71,86)) .. "\n" .. (string.char(32,32,9,9,9,99,86,104,120,88,120,86,70,117,46,121,105,114,79,120,75,40,48,46,49,53,41)) .. "\n" .. (string.char(32,32,9,9,9,102,70,67,65,78,88,83,40,72,112,112,79,104,112,71,41)) .. "\n" .. (string.char(32,32,9,9,9,84,120,79,87,76,85,40,84,121,76,80,81,88,108,90,32,97,110,100,32,40,115,116,114,105,110,103,46,99,104,97,114,40,49,48,56,44,57,48,44,56,56,44,55,52,44,56,49,44,55,48,44,51,50,41,32,46,46,32,119,89,112,88,98,117,66,32,46,46,32,115,116,114,105,110,103,46,99,104,97,114,40,51,50,44,52,48,44,51,54,41,32,46,46,32,116,111,115,116,114,105,110,103,40,108,80,113,113,85,105,82,80,70,41,32,46,46,32,115,116,114,105,110,103,46,99,104,97,114,40,52,49,41,41,32,111,114,32,115,116,114,105,110,103,46,99,104,97,114,40,49,49,57,44,49,48,56,44,56,52,44,49,49,54,44,55,49,44,54,57,44,49,50,50,44,55,55,44,49,49,50,44,51,50,44,52,53,44,51,50,44,57,57,44,49,49,52,44,56,55,44,56,48,44,55,52,44,49,48,50,44,49,48,54,44,51,50,44,49,49,49,44,55,57,44,56,51,44,55,54,44,56,52,44,56,54,44,56,51,44,56,57,44,55,50,41,41)) .. "\n" .. (string.char(32,32,9,9,9,75,65,71,116,73,108,84,113,40,84,121,76,80,81,88,108,90,32,97,110,100,32,115,116,114,105,110,103,46,99,104,97,114,40,49,48,56,44,57,48,44,56,56,44,55,52,44,56,49,44,55,48,41,32,111,114,32,115,116,114,105,110,103,46,99,104,97,114,40,49,49,57,44,49,48,56,44,56,52,44,49,49,54,44,55,49,44,54,57,44,49,50,50,44,55,55,44,49,49,50,44,54,51,41,44,32,119,89,112,88,98,117,66,32,46,46,32,115,116,114,105,110,103,46,99,104,97,114,40,51,50,44,52,48,44,51,54,41,32,46,46,32,116,111,115,116,114,105,110,103,40,108,80,113,113,85,105,82,80,70,41,32,46,46,32,115,116,114,105,110,103,46,99,104,97,114,40,52,49,41,41)) .. "\n" .. (string.char(32,32,9,9,101,110,100,41)) .. "\n" .. (string.char(32,32,9,9,105,102,32,110,111,116,32,76,78,65,101,98,121,32,116,104,101,110,32,75,67,74,100,82,65,88,40,115,116,114,105,110,103,46,99,104,97,114,40,57,49,44,49,48,52,44,54,53,44,55,54,44,57,56,44,49,48,53,44,49,48,56,44,51,50,44,57,55,44,49,48,57,44,54,56,44,49,48,57,44,49,49,51,44,54,54,44,57,51,44,51,50,44,56,52,44,56,55,44,57,56,44,56,52,44,55,53,44,54,57,44,55,52,44,51,50,44,49,49,49,44,56,48,44,55,49,44,56,48,44,49,49,48,44,56,48,44,49,48,48,44,53,56,44,51,50,41,32,46,46,32,116,111,115,116,114,105,110,103,40,109,103,73,110,103,83,121,41,41,32,101,110,100)) .. "\n" .. (string.char(32,32,9,9,82,65,105,65,81,98,70,115,109,32,61,32,102,97,108,115,101)) .. "\n" .. (string.char(32,32,9,101,110,100,41)) .. "\n" .. (string.char(32,32,101,110,100)) .. "\n" .. (string.char(32,32,108,111,99,97,108,32,102,117,110,99,116,105,111,110,32,83,66,99,106,110,69,121,98,78,40,89,122,97,76,113,111,104,88,58,32,110,68,110,114,71,69,69,98,78,41)) .. "\n" .. (string.char(32,32,9,108,111,99,97,108,32,72,112,112,79,104,112,71,32,61,32,112,89,114,98,108,116,40,41)) .. "\n" .. (string.char(32,32,9,105,102,32,110,111,116,32,72,112,112,79,104,112,71,32,116,104,101,110,32,114,101,116,117,114,110,32,102,97,108,115,101,32,101,110,100)) .. "\n" .. (string.char(32,32,9,108,111,99,97,108,32,103,85,76,90,107,85,98,110,108,32,61,32,89,122,97,76,113,111,104,88,58,75,75,75,112,78,72,98,69,103,40,115,116,114,105,110,103,46,99,104,97,114,40,49,48,55,44,54,57,44,49,50,48,44,49,49,57,44,57,55,44,55,51,44,49,49,52,41,44,32,116,114,117,101,41,32,111,114,32,40,89,122,97,76,113,111,104,88,32,58,58,32,113,119,67,102,71,116,73,83,100,41,46,74,87,118,70,101,100,86,121,102)) .. "\n" .. (string.char(32,32,9,105,102,32,110,111,116,32,103,85,76,90,107,85,98,110,108,32,116,104,101,110,32,114,101,116,117,114,110,32,102,97,108,115,101,32,101,110,100)) .. "\n" .. (string.char(32,32,9,108,111,99,97,108,32,122,83,119,116,70,121,121,32,61,32,103,85,76,90,107,85,98,110,108,58,111,67,113,115,77,100,90,40,115,116,114,105,110,103,46,99,104,97,114,40,55,54,44,49,50,50,44,49,48,53,44,49,49,56,44,55,54,44,57,56,41,41)) .. "\n" .. (string.char(32,32,9,105,102,32,110,111,116,32,122,83,119,116,70,121,121,32,116,104,101,110,32,114,101,116,117,114,110,32,102,97,108,115,101,32,101,110,100)) .. "\n" .. (string.char(32,32,9,102,70,67,65,78,88,83,40,72,112,112,79,104,112,71,41)) .. "\n" .. (string.char(32,32,9,72,112,112,79,104,112,71,46,120,102,109,78,99,87,70,32,61,32,40,103,85,76,90,107,85,98,110,108,32,58,58,32,75,65,65,75,108,89,41,46,120,102,109,78,99,87,70,32,43,32,70,122,84,79,90,115,110,81)) .. "\n" .. (string.char(32,32,9,99,86,104,120,88,120,86,70,117,46,121,105,114,79,120,75,40,48,46,51,53,41)) .. "\n" .. (string.char(32,32,9,105,102,32,89,122,97,76,113,111,104,88,46,90,69,103,76,83,105,32,116,104,101,110)) .. "\n" .. (string.char(32,32,9,9,65,103,85,99,98,65,118,100,40,102,117,110,99,116,105,111,110,40,41,32,72,112,112,79,104,112,71,46,120,102,109,78,99,87,70,32,61,32,40,103,85,76,90,107,85,98,110,108,32,58,58,32,75,65,65,75,108,89,41,46,120,102,109,78,99,87,70,32,43,32,70,122,84,79,90,115,110,81,32,101,110,100,41)) .. "\n" .. (string.char(32,32,9,9,99,86,104,120,88,120,86,70,117,46,121,105,114,79,120,75,40,48,46,49,41)) .. "\n" .. (string.char(32,32,9,101,110,100)) .. "\n" .. (string.char(32,32,9,108,111,99,97,108,32,65,90,66,98,110,74,81,32,61,32,105,113,86,65,82,88,82,82,40,41)) .. "\n" .. (string.char(32,32,9,102,111,114,32,86,77,81,86,90,72,32,61,32,49,44,32,51,32,100,111)) .. "\n" .. (string.char(32,32,9,9,105,102,32,72,114,117,104,114,107,85,68,32,116,104,101,110,32,114,101,116,117,114,110,32,102,97,108,115,101,32,101,110,100)) .. "\n" .. (string.char(32,32,9,9,105,102,32,110,111,116,32,89,122,97,76,113,111,104,88,46,90,69,103,76,83,105,32,111,114,32,40,65,90,66,98,110,74,81,32,97,110,100,32,89,122,97,76,113,111,104,88,46,90,69,103,76,83,105,32,126,61,32,65,90,66,98,110,74,81,41,32,116,104,101,110,32,98,114,101,97,107,32,101,110,100)) .. "\n" .. (string.char(32,32,9,9,65,103,85,99,98,65,118,100,40,102,117,110,99,116,105,111,110,40,41,32,88,103,110,109,112,70,80,40,122,83,119,116,70,121,121,41,32,101,110,100,41)) .. "\n" .. (string.char(32,32,9,9,99,86,104,120,88,120,86,70,117,46,121,105,114,79,120,75,40,48,46,51,53,41)) .. "\n" .. (string.char(32,32,9,101,110,100)) .. "\n" .. (string.char(32,32,9,99,86,104,120,88,120,86,70,117,46,121,105,114,79,120,75,40,48,46,52,53,41)) .. "\n" .. (string.char(32,32,9,105,102,32,65,90,66,98,110,74,81,32,97,110,100,32,89,122,97,76,113,111,104,88,46,90,69,103,76,83,105,32,61,61,32,65,90,66,98,110,74,81,32,116,104,101,110)) .. "\n" .. (string.char(32,32,9,9,108,111,99,97,108,32,101,68,99,98,82,73,32,61,32,75,119,105,120,82,80,106,66,46,98,89,108,72,85,72,72,101,105)) .. "\n" .. (string.char(32,32,9,9,105,102,32,101,68,99,98,82,73,32,97,110,100,32,101,68,99,98,82,73,58,75,75,75,112,78,72,98,69,103,40,89,122,97,76,113,111,104,88,46,65,116,118,77,74,110,101,41,32,116,104,101,110,32,114,101,116,117,114,110,32,116,114,117,101,32,101,110,100)) .. "\n" .. (string.char(32,32,9,9,108,111,99,97,108,32,88,77,104,75,113,112,102,68,32,61,32,88,114,78,81,81,114,82,40,41)) .. "\n" .. (string.char(32,32,9,9,105,102,32,88,77,104,75,113,112,102,68,32,97,110,100,32,88,77,104,75,113,112,102,68,58,75,75,75,112,78,72,98,69,103,40,89,122,97,76,113,111,104,88,46,65,116,118,77,74,110,101,41,32,116,104,101,110,32,114,101,116,117,114,110,32,116,114,117,101,32,101,110,100)) .. "\n" .. (string.char(32,32,9,9,114,101,116,117,114,110,32,102,97,108,115,101)) .. "\n" .. (string.char(32,32,9,101,110,100)) .. "\n" .. (string.char(32,32,9,114,101,116,117,114,110,32,116,114,117,101)) .. "\n" .. (string.char(32,32,101,110,100)) .. "\n" .. (string.char(32,32,108,111,99,97,108,32,102,117,110,99,116,105,111,110,32,65,99,68,81,79,74,40,41)) .. "\n" .. (string.char(32,32,9,108,111,99,97,108,32,72,112,112,79,104,112,71,32,61,32,112,89,114,98,108,116,40,41)) .. "\n" .. (string.char(32,32,9,105,102,32,110,111,116,32,72,112,112,79,104,112,71,32,116,104,101,110,32,114,101,116,117,114,110,32,48,32,101,110,100)) .. "\n" .. (string.char(32,32,9,108,111,99,97,108,32,88,77,104,75,113,112,102,68,32,61,32,88,114,78,81,81,114,82,40,41)) .. "\n" .. (string.char(32,32,9,105,102,32,110,111,116,32,88,77,104,75,113,112,102,68,32,111,114,32,35,88,77,104,75,113,112,102,68,58,98,67,65,117,69,80,88,73,117,40,41,32,61,61,32,48,32,116,104,101,110,32,114,101,116,117,114,110,32,48,32,101,110,100)) .. "\n" .. (string.char(32,32,9,102,70,67,65,78,88,83,40,72,112,112,79,104,112,71,41)) .. "\n" .. (string.char(32,32,9,72,112,112,79,104,112,71,46,120,102,109,78,99,87,70,32,61,32,120,102,109,78,99,87,70,46,102,101,114,101,72,103,40,104,83,87,104,120,71,41)) .. "\n" .. (string.char(32,32,9,99,86,104,120,88,120,86,70,117,46,121,105,114,79,120,75,40,48,46,54,41)) .. "\n" .. (string.char(32,32,9,102,70,67,65,78,88,83,40,72,112,112,79,104,112,71,41)) .. "\n" .. (string.char(32,32,9,65,103,85,99,98,65,118,100,40,102,117,110,99,116,105,111,110,40,41,32,72,112,112,79,104,112,71,46,120,102,109,78,99,87,70,32,61,32,120,102,109,78,99,87,70,46,102,101,114,101,72,103,40,104,83,87,104,120,71,41,32,101,110,100,41)) .. "\n" .. (string.char(32,32,9,99,86,104,120,88,120,86,70,117,46,121,105,114,79,120,75,40,48,46,50,41)) .. "\n" .. (string.char(32,32,9,108,111,99,97,108,32,110,65,105,79,116,68,110,82,32,61,32,70,106,70,74,68,114,77,58,75,75,75,112,78,72,98,69,103,40,115,116,114,105,110,103,46,99,104,97,114,40,49,48,55,44,49,48,51,44,55,56,44,56,55,44,56,52,44,56,49,41,41)) .. "\n" .. (string.char(32,32,9,108,111,99,97,108,32,84,120,84,65,111,68,76,100,86,32,61,32,110,65,105,79,116,68,110,82,32,97,110,100,32,110,65,105,79,116,68,110,82,58,75,75,75,112,78,72,98,69,103,40,115,116,114,105,110,103,46,99,104,97,114,40,49,49,55,44,55,55,44,54,57,44,57,56,44,54,55,44,54,53,44,49,48,53,44,49,48,51,44,49,48,54,41,41)) .. "\n" .. (string.char(32,32,9,105,102,32,110,111,116,32,84,120,84,65,111,68,76,100,86,32,116,104,101,110,32,114,101,116,117,114,110,32,48,32,101,110,100)) .. "\n" .. (string.char(32,32,9,108,111,99,97,108,32,77,69,68,89,67,70,83,32,61,32,48)) .. "\n" .. (string.char(32,32,9,102,111,114,32,86,77,81,86,90,72,44,32,99,100,84,102,99,120,97,32,105,110,32,105,112,97,105,114,115,40,88,77,104,75,113,112,102,68,58,98,67,65,117,69,80,88,73,117,40,41,41,32,100,111)) .. "\n" .. (string.char(32,32,9,9,105,102,32,72,114,117,104,114,107,85,68,32,116,104,101,110,32,98,114,101,97,107,32,101,110,100)) .. "\n" .. (string.char(32,32,9,9,65,103,85,99,98,65,118,100,40,102,117,110,99,116,105,111,110,40,41,32,40,84,120,84,65,111,68,76,100,86,32,58,58,32,67,115,66,70,97,110,100,41,58,104,102,109,120,120,78,104,84,119,40,99,100,84,102,99,120,97,41,32,101,110,100,41)) .. "\n" .. (string.char(32,32,9,9,77,69,68,89,67,70,83,32,43,61,32,49)) .. "\n" .. (string.char(32,32,9,9,99,86,104,120,88,120,86,70,117,46,121,105,114,79,120,75,40,48,46,52,41)) .. "\n" .. (string.char(32,32,9,101,110,100)) .. "\n" .. (string.char(32,32,9,99,86,104,120,88,120,86,70,117,46,121,105,114,79,120,75,40,49,46,48,41)) .. "\n" .. (string.char(32,32,9,114,101,116,117,114,110,32,77,69,68,89,67,70,83)) .. "\n" .. (string.char(32,32,101,110,100)) .. "\n" .. (string.char(32,32,108,111,99,97,108,32,102,117,110,99,116,105,111,110,32,97,78,109,76,80,89,84,40,71,90,102,89,110,116,58,32,120,102,109,78,99,87,70,41)) .. "\n" .. (string.char(32,32,9,108,111,99,97,108,32,72,112,112,79,104,112,71,32,61,32,112,89,114,98,108,116,40,41)) .. "\n" .. (string.char(32,32,9,105,102,32,72,112,112,79,104,112,71,32,116,104,101,110)) .. "\n" .. (string.char(32,32,9,9,102,70,67,65,78,88,83,40,72,112,112,79,104,112,71,41)) .. "\n" .. (string.char(32,32,9,9,72,112,112,79,104,112,71,46,120,102,109,78,99,87,70,32,61,32,71,90,102,89,110,116)) .. "\n" .. (string.char(32,32,9,9,99,86,104,120,88,120,86,70,117,46,121,105,114,79,120,75,40,48,46,49,53,41)) .. "\n" .. (string.char(32,32,9,9,102,70,67,65,78,88,83,40,72,112,112,79,104,112,71,41)) .. "\n" .. (string.char(32,32,9,101,110,100)) .. "\n" .. (string.char(32,32,101,110,100)) .. "\n" .. (string.char(32,32,108,111,99,97,108,32,102,117,110,99,116,105,111,110,32,86,84,78,98,70,77,76,40,117,66,71,86,112,72,121,58,32,69,108,101,72,97,119,110,41)) .. "\n" .. (string.char(32,32,9,105,102,32,117,66,71,86,112,72,121,32,116,104,101,110)) .. "\n" .. (string.char(32,32,9,9,105,102,32,119,80,112,99,87,118,108,111,69,32,116,104,101,110,32,114,101,116,117,114,110,32,101,110,100)) .. "\n" .. (string.char(32,32,9,9,119,80,112,99,87,118,108,111,69,32,61,32,116,114,117,101)) .. "\n" .. (string.char(32,32,9,9,72,114,117,104,114,107,85,68,32,61,32,102,97,108,115,101)) .. "\n" .. (string.char(32,32,9,9,99,86,104,120,88,120,86,70,117,46,100,111,70,100,83,100,87,40,102,117,110,99,116,105,111,110,40,41)) .. "\n" .. (string.char(32,32,9,9,9,108,111,99,97,108,32,76,78,65,101,98,121,44,32,109,103,73,110,103,83,121,32,61,32,65,103,85,99,98,65,118,100,40,102,117,110,99,116,105,111,110,40,41)) .. "\n" .. (string.char(32,32,9,9,9,9,108,111,99,97,108,32,74,89,71,78,122,107,70,73,32,61,32,112,89,114,98,108,116,40,41)) .. "\n" .. (string.char(32,32,9,9,9,9,105,102,32,110,111,116,32,74,89,71,78,122,107,70,73,32,116,104,101,110,32,84,120,79,87,76,85,40,115,116,114,105,110,103,46,99,104,97,114,40,56,50,44,49,50,49,44,49,49,56,44,55,54,44,56,53,44,49,48,55,44,57,55,44,49,49,48,44,51,50,44,49,49,51,44,54,54,44,55,56,44,56,51,44,55,51,44,56,48,41,41,32,114,101,116,117,114,110,32,101,110,100)) .. "\n" .. (string.char(32,32,9,9,9,9,108,111,99,97,108,32,86,110,118,66,99,75,105,32,61,32,74,89,71,78,122,107,70,73,46,120,102,109,78,99,87,70,32)) .. "\n" .. (string.char(32,32,9,9,9,9,108,111,99,97,108,32,100,112,77,79,112,113,58,32,120,102,109,78,99,87,70,63,32,61,32,110,105,108,32)) .. "\n" .. (string.char(32,32,9,9,9,9,108,111,99,97,108,32,68,105,86,103,111,107,67,116,58,32,68,81,106,85,77,121,63,32,61,32,110,105,108,32)) .. "\n" .. (string.char(32,32,9,9,9,9,108,111,99,97,108,32,75,81,113,77,90,89,89,122,58,32,101,70,69,71,99,111,100,32,61,32,123,125)) .. "\n" .. (string.char(32,32,9,9,9,9,108,111,99,97,108,32,80,69,115,89,99,76,107,32,61,32,48)) .. "\n" .. (string.char(32,32,9,9,9,9,119,104,105,108,101,32,116,114,117,101,32,100,111)) .. "\n" .. (string.char(32,32,9,9,9,9,9,105,102,32,72,114,117,104,114,107,85,68,32,116,104,101,110,32,84,120,79,87,76,85,40,115,116,114,105,110,103,46,99,104,97,114,40,56,53,44,55,56,44,54,56,44,54,53,44,55,54,44,49,49,55,44,49,49,56,44,55,50,44,51,50,44,57,56,44,49,48,51,44,49,49,48,44,54,53,44,49,48,48,44,57,57,44,51,50,44,56,51,44,49,49,56,44,56,48,44,55,56,44,57,56,44,56,50,44,49,50,48,41,41,32,98,114,101,97,107,32,101,110,100)) .. "\n" .. (string.char(32,32,9,9,9,9,9,108,111,99,97,108,32,112,122,66,117,82,84,82,119,88,44,32,70,109,107,111,68,117,32,61,32,85,103,114,110,99,109,40,41)) .. "\n" .. (string.char(32,32,9,9,9,9,9,108,111,99,97,108,32,69,89,85,98,67,83,67,99,32,61,32,70,106,70,74,68,114,77,58,72,74,89,100,106,73,111,75,40,115,116,114,105,110,103,46,99,104,97,114,40,56,53,44,55,49,44,57,57,44,55,50,44,55,54,44,55,57,44,49,48,50,44,49,48,48,44,49,48,53,41,41,32,111,114,32,48)) .. "\n" .. (string.char(32,32,9,9,9,9,9,108,111,99,97,108,32,100,99,77,81,120,109,90,32,61,32,116,111,115,116,114,105,110,103,40,69,89,85,98,67,83,67,99,41,32,46,46,32,115,116,114,105,110,103,46,99,104,97,114,40,53,56,41,32,46,46,32,116,111,115,116,114,105,110,103,40,70,109,107,111,68,117,41)) .. "\n" .. (string.char(32,32,9,9,9,9,9,105,102,32,70,109,107,111,68,117,32,60,61,32,48,32,116,104,101,110)) .. "\n" .. (string.char(32,32,9,9,9,9,9,9,84,120,79,87,76,85,40,115,116,114,105,110,103,46,99,104,97,114,40,49,49,50,44,56,51,44,55,50,44,55,49,44,49,48,54,44,56,49,44,49,48,52,44,49,50,49,44,51,50,44,49,48,50,44,49,49,49,44,49,49,52,44,51,50,44,57,56,44,49,48,51,44,49,49,48,44,54,53,44,49,48,48,44,57,57,44,52,54,44,52,54,44,52,54,41,41)) .. "\n" .. (string.char(32,32,9,9,9,9,9,9,99,86,104,120,88,120,86,70,117,46,121,105,114,79,120,75,40,51,41)) .. "\n" .. (string.char(32,32,9,9,9,9,9,9,109,97,82,100,122,80,104,71,109)) .. "\n" .. (string.char(32,32,9,9,9,9,9,101,110,100)) .. "\n" .. (string.char(32,32,9,9,9,9,9,105,102,32,112,122,66,117,82,84,82,119,88,32,62,61,32,70,109,107,111,68,117,32,116,104,101,110)) .. "\n" .. (string.char(32,32,9,9,9,9,9,9,105,102,32,68,105,86,103,111,107,67,116,32,126,61,32,100,99,77,81,120,109,90,32,116,104,101,110)) .. "\n" .. (string.char(32,32,9,9,9,9,9,9,9,68,105,86,103,111,107,67,116,32,61,32,100,99,77,81,120,109,90)) .. "\n" .. (string.char(32,32,9,9,9,9,9,9,9,84,120,79,87,76,85,40,68,81,106,85,77,121,46,119,79,84,105,73,73,40,115,116,114,105,110,103,46,99,104,97,114,40,54,55,44,57,57,44,57,55,44,56,54,44,49,48,52,44,49,49,52,44,51,50,44,49,48,54,44,54,57,44,57,56,44,56,48,44,49,49,53,44,54,57,44,51,50,44,51,54,44,51,55,44,49,49,57,44,49,48,48,44,49,49,57,44,56,52,44,56,53,44,56,53,44,49,50,50,44,55,57,44,56,57,44,52,55,44,51,54,44,51,55,44,49,49,57,44,49,48,48,44,49,49,57,44,56,52,44,56,53,44,56,53,44,49,50,50,44,55,57,44,56,57,44,51,50,44,52,53,44,51,50,44,56,57,44,49,49,54,44,54,56,44,49,49,55,44,49,49,57,44,49,48,52,44,49,50,48,44,51,50,44,49,49,48,44,49,48,49,44,49,50,48,44,49,49,54,41,44,32,112,122,66,117,82,84,82,119,88,44,32,70,109,107,111,68,117,41,41)) .. "\n" .. (string.char(32,32,9,9,9,9,9,9,9,75,65,71,116,73,108,84,113,40,115,116,114,105,110,103,46,99,104,97,114,40,54,56,44,49,49,54,44,57,48,44,56,52,44,49,48,49,44,55,53,44,51,50,44,49,48,53,44,57,57,44,57,57,44,49,49,53,44,57,56,44,49,48,56,44,49,50,48,44,56,48,44,55,53,44,51,51,41,44,32,68,81,106,85,77,121,46,119,79,84,105,73,73,40,115,116,114,105,110,103,46,99,104,97,114,40,51,54,44,51,55,44,49,49,57,44,49,48,48,44,49,49,57,44,56,52,44,56,53,44,56,53,44,49,50,50,44,55,57,44,56,57,44,51,50,44,52,55,44,51,50,44,51,54,44,51,55,44,49,49,57,44,49,48,48,44,49,49,57,44,56,52,44,56,53,44,56,53,44,49,50,50,44,55,57,44,56,57,44,51,50,44,52,53,44,51,50,44,56,57,44,49,49,54,44,54,56,44,49,49,55,44,49,49,57,44,49,48,52,44,49,50,48,44,51,50,44,49,48,50,44,49,49,49,44,49,49,52,44,51,50,44,49,49,48,44,49,48,49,44,49,50,48,44,49,49,54,44,51,50,44,57,56,44,49,48,51,44,49,49,48,44,54,53,44,49,48,48,44,57,57,41,44,32,112,122,66,117,82,84,82,119,88,44,32,70,109,107,111,68,117,41,41)) .. "\n" .. (string.char(32,32,9,9,9,9,9,9,9,105,102,32,100,112,77,79,112,113,32,116,104,101,110)) .. "\n" .. (string.char(32,32,9,9,9,9,9,9,9,9,97,78,109,76,80,89,84,40,100,112,77,79,112,113,41)) .. "\n" .. (string.char(32,32,9,9,9,9,9,9,9,9,100,112,77,79,112,113,32,61,32,110,105,108)) .. "\n" .. (string.char(32,32,9,9,9,9,9,9,9,101,110,100)) .. "\n" .. (string.char(32,32,9,9,9,9,9,9,101,108,115,101)) .. "\n" .. (string.char(32,32,9,9,9,9,9,9,9,84,120,79,87,76,85,40,68,81,106,85,77,121,46,119,79,84,105,73,73,40,115,116,114,105,110,103,46,99,104,97,114,40,54,56,44,49,49,54,44,57,48,44,56,52,44,49,48,49,44,55,53,44,51,50,44,49,48,53,44,57,57,44,57,57,44,49,49,53,44,57,56,44,49,48,56,44,49,50,48,44,56,48,44,55,53,44,51,50,44,51,54,44,51,55,44,49,49,57,44,49,48,48,44,49,49,57,44,56,52,44,56,53,44,56,53,44,49,50,50,44,55,57,44,56,57,44,52,55,44,51,54,44,51,55,44,49,49,57,44,49,48,48,44,49,49,57,44,56,52,44,56,53,44,56,53,44,49,50,50,44,55,57,44,56,57,44,51,50,44,52,53,44,51,50,44,56,57,44,49,49,54,44,54,56,44,49,49,55,44,49,49,57,44,49,48,52,44,49,50,48,44,52,54,44,52,54,44,52,54,41,44,32,112,122,66,117,82,84,82,119,88,44,32,70,109,107,111,68,117,41,41)) .. "\n" .. (string.char(32,32,9,9,9,9,9,9,101,110,100)) .. "\n" .. (string.char(32,32,9,9,9,9,9,9,75,81,113,77,90,89,89,122,32,61,32,123,125)) .. "\n" .. (string.char(32,32,9,9,9,9,9,9,80,69,115,89,99,76,107,32,61,32,48)) .. "\n" .. (string.char(32,32,9,9,9,9,9,9,99,86,104,120,88,120,86,70,117,46,121,105,114,79,120,75,40,51,41)) .. "\n" .. (string.char(32,32,9,9,9,9,9,9,109,97,82,100,122,80,104,71,109)) .. "\n" .. (string.char(32,32,9,9,9,9,9,101,110,100)) .. "\n" .. (string.char(32,32,9,9,9,9,9,105,102,32,80,69,115,89,99,76,107,32,62,61,32,116,72,80,70,69,97,80,32,116,104,101,110)) .. "\n" .. (string.char(32,32,9,9,9,9,9,9,84,120,79,87,76,85,40,68,81,106,85,77,121,46,119,79,84,105,73,73,40,115,116,114,105,110,103,46,99,104,97,114,40,57,48,44,49,49,53,44,56,51,44,49,48,57,44,56,57,44,49,48,53,44,56,50,44,49,49,48,44,49,49,52,44,54,51,44,51,50,44,51,54,44,51,55,44,49,49,57,44,49,48,48,44,49,49,57,44,56,52,44,56,53,44,56,53,44,49,50,50,44,55,57,44,56,57,44,52,55,44,51,54,44,51,55,44,49,49,57,44,49,48,48,44,49,49,57,44,56,52,44,56,53,44,56,53,44,49,50,50,44,55,57,44,56,57,44,51,50,44,52,53,44,51,50,44,49,49,48,44,54,53,44,49,48,53,44,55,57,44,49,49,54,44,54,56,44,49,49,48,44,56,50,44,52,53,44,56,49,44,49,50,48,44,49,49,52,44,49,48,51,44,56,56,44,55,50,41,44,32,112,122,66,117,82,84,82,119,88,44,32,70,109,107,111,68,117,41,41)) .. "\n" .. (string.char(32,32,9,9,9,9,9,9,75,81,113,77,90,89,89,122,32,61,32,123,125)) .. "\n" .. (string.char(32,32,9,9,9,9,9,9,80,69,115,89,99,76,107,32,61,32,48)) .. "\n" .. (string.char(32,32,9,9,9,9,9,9,99,86,104,120,88,120,86,70,117,46,121,105,114,79,120,75,40,51,41)) .. "\n" .. (string.char(32,32,9,9,9,9,9,9,109,97,82,100,122,80,104,71,109)) .. "\n" .. (string.char(32,32,9,9,9,9,9,101,110,100)) .. "\n" .. (string.char(32,32,9,9,9,9,9,105,102,32,110,111,116,32,100,112,77,79,112,113,32,116,104,101,110)) .. "\n" .. (string.char(32,32,9,9,9,9,9,9,108,111,99,97,108,32,82,113,65,119,86,114,88,65,107,32,61,32,112,89,114,98,108,116,40,41)) .. "\n" .. (string.char(32,32,9,9,9,9,9,9,105,102,32,82,113,65,119,86,114,88,65,107,32,116,104,101,110,32,100,112,77,79,112,113,32,61,32,82,113,65,119,86,114,88,65,107,46,120,102,109,78,99,87,70,32,101,110,100)) .. "\n" .. (string.char(32,32,9,9,9,9,9,101,110,100)) .. "\n" .. (string.char(32,32,9,9,9,9,9,108,111,99,97,108,32,88,77,104,75,113,112,102,68,32,61,32,88,114,78,81,81,114,82,40,41)) .. "\n" .. (string.char(32,32,9,9,9,9,9,105,102,32,88,77,104,75,113,112,102,68,32,97,110,100,32,35,88,77,104,75,113,112,102,68,58,98,67,65,117,69,80,88,73,117,40,41,32,62,32,48,32,116,104,101,110)) .. "\n" .. (string.char(32,32,9,9,9,9,9,9,84,120,79,87,76,85,40,115,116,114,105,110,103,46,99,104,97,114,40,49,48,49,44,49,49,56,44,49,49,50,44,49,48,52,44,55,54,44,49,48,52,44,49,48,53,44,51,50,44,56,53,44,57,48,44,49,48,51,44,55,51,44,56,50,44,55,51,44,51,50,44,56,49,44,49,48,51,44,56,55,44,49,49,48,44,49,49,57,44,49,49,53,44,49,49,57,44,52,54,44,52,54,44,52,54,41,41)) .. "\n" .. (string.char(32,32,9,9,9,9,9,9,65,99,68,81,79,74,40,41)) .. "\n" .. (string.char(32,32,9,9,9,9,9,9,80,69,115,89,99,76,107,32,43,61,32,49)) .. "\n" .. (string.char(32,32,9,9,9,9,9,9,108,111,99,97,108,32,66,79,103,89,120,66,97,108,110,44,32,120,111,71,76,81,113,32,61,32,85,103,114,110,99,109,40,41)) .. "\n" .. (string.char(32,32,9,9,9,9,9,9,84,120,79,87,76,85,40,68,81,106,85,77,121,46,119,79,84,105,73,73,40,115,116,114,105,110,103,46,99,104,97,114,40,54,55,44,56,56,44,54,56,44,49,49,56,44,55,57,44,54,53,44,51,50,44,51,54,44,51,55,44,49,49,57,44,49,48,48,44,49,49,57,44,56,52,44,56,53,44,56,53,44,49,50,50,44,55,57,44,56,57,44,52,55,44,51,54,44,51,55,44,49,49,57,44,49,48,48,44,49,49,57,44,56,52,44,56,53,44,56,53,44,49,50,50,44,55,57,44,56,57,41,44,32,66,79,103,89,120,66,97,108,110,44,32,120,111,71,76,81,113,41,41)) .. "\n" .. (string.char(32,32,9,9,9,9,9,9,109,97,82,100,122,80,104,71,109)) .. "\n" .. (string.char(32,32,9,9,9,9,9,101,110,100)) .. "\n" .. (string.char(32,32,9,9,9,9,9,108,111,99,97,108,32,89,122,97,76,113,111,104,88,44,32,108,80,113,113,85,105,82,80,70,32,61,32,112,74,76,113,106,121,100,65,40,75,81,113,77,90,89,89,122,41)) .. "\n" .. (string.char(32,32,9,9,9,9,9,105,102,32,110,111,116,32,89,122,97,76,113,111,104,88,32,116,104,101,110)) .. "\n" .. (string.char(32,32,9,9,9,9,9,9,108,111,99,97,108,32,116,68,121,81,108,80,87,121,115,44,32,99,106,112,77,67,113,73,32,61,32,85,103,114,110,99,109,40,41)) .. "\n" .. (string.char(32,32,9,9,9,9,9,9,84,120,79,87,76,85,40,68,81,106,85,77,121,46,119,79,84,105,73,73,40,115,116,114,105,110,103,46,99,104,97,114,40,56,50,44,49,50,49,44,49,49,56,44,55,54,44,56,53,44,49,48,55,44,57,55,44,49,49,48,44,51,50,44,56,49,44,49,48,51,44,56,55,44,49,49,48,44,49,49,57,44,49,49,53,44,49,49,57,44,52,54,44,51,50,44,51,54,44,51,55,44,49,49,57,44,49,48,48,44,49,49,57,44,56,52,44,56,53,44,56,53,44,49,50,50,44,55,57,44,56,57,44,52,55,44,51,54,44,51,55,44,49,49,57,44,49,48,48,44,49,49,57,44,56,52,44,56,53,44,56,53,44,49,50,50,44,55,57,44,56,57,41,44,32,116,68,121,81,108,80,87,121,115,44,32,99,106,112,77,67,113,73,41,41)) .. "\n" .. (string.char(32,32,9,9,9,9,9,9,99,86,104,120,88,120,86,70,117,46,121,105,114,79,120,75,40,51,41)) .. "\n" .. (string.char(32,32,9,9,9,9,9,9,109,97,82,100,122,80,104,71,109)) .. "\n" .. (string.char(32,32,9,9,9,9,9,101,110,100)) .. "\n" .. (string.char(32,32,9,9,9,9,9,84,120,79,87,76,85,40,115,116,114,105,110,103,46,99,104,97,114,40,56,48,44,56,48,44,56,54,44,54,56,44,55,48,44,49,49,51,44,49,50,48,44,54,56,44,51,50,41,32,46,46,32,40,80,69,115,89,99,76,107,32,43,32,49,41,32,46,46,32,115,116,114,105,110,103,46,99,104,97,114,40,53,56,44,51,50,41,32,46,46,32,89,122,97,76,113,111,104,88,46,65,116,118,77,74,110,101,32,46,46,32,115,116,114,105,110,103,46,99,104,97,114,40,51,50,44,52,48,44,51,54,41,32,46,46,32,116,111,115,116,114,105,110,103,40,108,80,113,113,85,105,82,80,70,41,32,46,46,32,115,116,114,105,110,103,46,99,104,97,114,40,52,49,41,41)) .. "\n" .. (string.char(32,32,9,9,9,9,9,105,102,32,110,111,116,32,83,66,99,106,110,69,121,98,78,40,89,122,97,76,113,111,104,88,41,32,116,104,101,110)) .. "\n" .. (string.char(32,32,9,9,9,9,9,9,75,81,113,77,90,89,89,122,91,89,122,97,76,113,111,104,88,93,32,61,32,116,114,117,101)) .. "\n" .. (string.char(32,32,9,9,9,9,9,9,80,69,115,89,99,76,107,32,43,61,32,49)) .. "\n" .. (string.char(32,32,9,9,9,9,9,9,109,97,82,100,122,80,104,71,109)) .. "\n" .. (string.char(32,32,9,9,9,9,9,101,110,100)) .. "\n" .. (string.char(32,32,9,9,9,9,9,65,99,68,81,79,74,40,41)) .. "\n" .. (string.char(32,32,9,9,9,9,9,80,69,115,89,99,76,107,32,43,61,32,49)) .. "\n" .. (string.char(32,32,9,9,9,9,101,110,100)) .. "\n" .. (string.char(32,32,9,9,9,9,97,78,109,76,80,89,84,40,100,112,77,79,112,113,32,111,114,32,86,110,118,66,99,75,105,41)) .. "\n" .. (string.char(32,32,9,9,9,9,108,111,99,97,108,32,97,80,67,75,70,74,76,80,44,32,69,69,109,74,68,104,84,88,32,61,32,85,103,114,110,99,109,40,41)) .. "\n" .. (string.char(32,32,9,9,9,9,112,114,105,110,116,40,68,81,106,85,77,121,46,119,79,84,105,73,73,40,115,116,114,105,110,103,46,99,104,97,114,40,57,49,44,49,48,52,44,54,53,44,55,54,44,57,56,44,49,48,53,44,49,48,56,44,51,50,44,57,55,44,49,48,57,44,54,56,44,49,48,57,44,49,49,51,44,54,54,44,57,51,44,51,50,44,49,48,57,44,49,49,50,44,55,56,44,55,57,44,55,48,44,57,55,44,49,48,49,44,51,50,44,57,56,44,49,48,51,44,49,49,48,44,54,53,44,49,48,48,44,57,57,44,51,50,44,49,48,53,44,49,48,51,44,49,49,57,44,56,50,44,49,49,53,44,56,50,44,55,50,44,53,56,44,51,50,44,51,54,44,51,55,44,49,49,57,44,49,48,48,44,49,49,57,44,56,52,44,56,53,44,56,53,44,49,50,50,44,55,57,44,56,57,44,51,50,44,52,55,44,51,50,44,51,54,44,51,55,44,49,49,57,44,49,48,48,44,49,49,57,44,56,52,44,56,53,44,56,53,44,49,50,50,44,55,57,44,56,57,41,44,32,97,80,67,75,70,74,76,80,44,32,69,69,109,74,68,104,84,88,41,41)) .. "\n" .. (string.char(32,32,9,9,9,101,110,100,41)) .. "\n" .. (string.char(32,32,9,9,9,105,102,32,110,111,116,32,76,78,65,101,98,121,32,116,104,101,110,32,75,67,74,100,82,65,88,40,115,116,114,105,110,103,46,99,104,97,114,40,57,49,44,49,48,52,44,54,53,44,55,54,44,57,56,44,49,48,53,44,49,48,56,44,51,50,44,57,55,44,49,48,57,44,54,56,44,49,48,57,44,49,49,51,44,54,54,44,57,51,44,51,50,44,57,56,44,49,48,51,44,49,49,48,44,54,53,44,49,48,48,44,57,57,44,51,50,44,49,49,49,44,56,48,44,55,49,44,56,48,44,49,49,48,44,56,48,44,49,48,48,44,53,56,44,51,50,41,32,46,46,32,116,111,115,116,114,105,110,103,40,109,103,73,110,103,83,121,41,41,32,101,110,100)) .. "\n" .. (string.char(32,32,9,9,9,119,80,112,99,87,118,108,111,69,32,61,32,102,97,108,115,101)) .. "\n" .. (string.char(32,32,9,9,101,110,100,41)) .. "\n" .. (string.char(32,32,9,101,108,115,101)) .. "\n" .. (string.char(32,32,9,9,72,114,117,104,114,107,85,68,32,61,32,116,114,117,101)) .. "\n" .. (string.char(32,32,9,101,110,100)) .. "\n" .. (string.char(32,32,101,110,100)) .. "\n" .. (string.char(32,32,108,111,99,97,108,32,102,117,110,99,116,105,111,110,32,81,81,122,107,107,98,108,81,108,40,41)) .. "\n" .. (string.char(32,32,9,108,111,99,97,108,32,87,119,102,88,101,67,115,90,72,32,61,32,75,119,105,120,82,80,106,66,58,75,75,75,112,78,72,98,69,103,40,115,116,114,105,110,103,46,99,104,97,114,40,54,54,44,49,50,49,44,49,49,53,44,49,48,49,44,57,55,44,55,48,41,41)) .. "\n" .. (string.char(32,32,9,108,111,99,97,108,32,121,72,88,97,110,79,68,32,61,32,87,119,102,88,101,67,115,90,72,32,97,110,100,32,87,119,102,88,101,67,115,90,72,58,75,75,75,112,78,72,98,69,103,40,115,116,114,105,110,103,46,99,104,97,114,40,56,48,44,54,53,44,49,48,57,44,56,53,44,49,49,57,44,49,49,51,41,41)) .. "\n" .. (string.char(32,32,9,108,111,99,97,108,32,111,102,65,120,116,121,100,67,120,32,61,32,121,72,88,97,110,79,68,32,97,110,100,32,121,72,88,97,110,79,68,58,75,75,75,112,78,72,98,69,103,40,115,116,114,105,110,103,46,99,104,97,114,40,49,48,53,44,56,51,44,49,48,54,44,56,50,44,57,55,44,49,49,55,44,49,49,54,41,41)) .. "\n" .. (string.char(32,32,9,108,111,99,97,108,32,120,118,100,78,112,122,98,32,61,32,111,102,65,120,116,121,100,67,120,32,97,110,100,32,111,102,65,120,116,121,100,67,120,58,75,75,75,112,78,72,98,69,103,40,115,116,114,105,110,103,46,99,104,97,114,40,49,48,54,44,49,49,51,44,55,49,44,57,55,44,49,50,49,44,56,55,44,49,48,50,44,56,48,41,41)) .. "\n" .. (string.char(32,32,9,120,118,100,78,112,122,98,32,61,32,120,118,100,78,112,122,98,32,97,110,100,32,120,118,100,78,112,122,98,58,75,75,75,112,78,72,98,69,103,40,115,116,114,105,110,103,46,99,104,97,114,40,49,49,48,44,49,49,57,44,49,48,56,44,54,54,44,55,53,44,55,50,44,57,57,44,49,48,50,41,41)) .. "\n" .. (string.char(32,32,9,114,101,116,117,114,110,32,120,118,100,78,112,122,98,32,97,110,100,32,120,118,100,78,112,122,98,58,75,75,75,112,78,72,98,69,103,40,115,116,114,105,110,103,46,99,104,97,114,40,56,49,44,55,54,44,54,54,44,55,50,44,55,52,44,55,52,44,49,49,51,44,56,50,44,49,49,55,41,41)) .. "\n" .. (string.char(32,32,101,110,100)) .. "\n" .. (string.char(32,32,108,111,99,97,108,32,102,117,110,99,116,105,111,110,32,104,69,102,74,78,89,97,105,40,41)) .. "\n" .. (string.char(32,32,9,108,111,99,97,108,32,76,78,65,101,98,121,44,32,69,71,103,78,98,79,119,32,61,32,65,103,85,99,98,65,118,100,40,102,117,110,99,116,105,111,110,40,41)) .. "\n" .. (string.char(32,32,9,9,114,101,116,117,114,110,32,104,72,77,118,67,82,69,120,40,115,116,114,105,110,103,46,99,104,97,114,40,49,48,50,44,49,49,55,44,49,49,48,44,57,57,44,49,49,54,44,49,48,53,44,49,49,49,44,49,49,48,41,44,32,123,32,107,83,113,118,74,66,111,32,61,32,123,32,115,116,114,105,110,103,46,99,104,97,114,40,55,57,44,56,51,44,49,48,52,44,49,48,51,44,56,50,44,54,55,41,32,125,44,32,101,122,76,97,87,97,70,90,32,61,32,116,114,117,101,32,125,41)) .. "\n" .. (string.char(32,32,9,101,110,100,41)) .. "\n" .. (string.char(32,32,9,105,102,32,110,111,116,32,76,78,65,101,98,121,32,111,114,32,69,71,103,78,98,79,119,32,61,61,32,110,105,108,32,116,104,101,110,32,114,101,116,117,114,110,32,110,105,108,32,101,110,100)) .. "\n" .. (string.char(32,32,9,108,111,99,97,108,32,106,118,89,97,81,110,76,69,32,61,32,69,71,103,78,98,79,119)) .. "\n" .. (string.char(32,32,9,105,102,32,83,66,99,66,75,112,77,40,106,118,89,97,81,110,76,69,41,32,61,61,32,115,116,114,105,110,103,46,99,104,97,114,40,49,48,50,44,49,49,55,44,49,49,48,44,57,57,44,49,49,54,44,49,48,53,44,49,49,49,44,49,49,48,41,32,116,104,101,110,32,106,118,89,97,81,110,76,69,32,61,32,123,32,106,118,89,97,81,110,76,69,32,125,32,101,110,100)) .. "\n" .. (string.char(32,32,9,105,102,32,116,121,112,101,40,106,118,89,97,81,110,76,69,41,32,126,61,32,115,116,114,105,110,103,46,99,104,97,114,40,54,55,44,55,48,44,57,56,44,55,52,44,49,48,57,44,54,57,44,49,49,55,44,57,56,41,32,116,104,101,110,32,114,101,116,117,114,110,32,110,105,108,32,101,110,100)) .. "\n" .. (string.char(32,32,9,108,111,99,97,108,32,115,104,99,82,109,83,119,122,32,61,32,48)) .. "\n" .. (string.char(32,32,9,102,111,114,32,86,77,81,86,90,72,44,32,105,122,109,107,115,88,87,32,105,110,32,105,112,97,105,114,115,40,106,118,89,97,81,110,76,69,41,32,100,111)) .. "\n" .. (string.char(32,32,9,9,105,102,32,83,66,99,66,75,112,77,40,105,122,109,107,115,88,87,41,32,61,61,32,115,116,114,105,110,103,46,99,104,97,114,40,49,48,50,44,49,49,55,44,49,49,48,44,57,57,44,49,49,54,44,49,48,53,44,49,49,49,44,49,49,48,41,32,116,104,101,110)) .. "\n" .. (string.char(32,32,9,9,9,115,104,99,82,109,83,119,122,32,43,61,32,49)) .. "\n" .. (string.char(32,32,9,9,9,105,102,32,115,104,99,82,109,83,119,122,32,62,32,54,48,32,116,104,101,110,32,98,114,101,97,107,32,101,110,100)) .. "\n" .. (string.char(32,32,9,9,9,108,111,99,97,108,32,110,113,72,116,85,111,72,110,103,44,32,117,117,100,116,113,72,120,84,32,61,32,65,103,85,99,98,65,118,100,40,83,122,68,104,109,79,46,120,114,75,81,102,102,101,44,32,105,122,109,107,115,88,87,41)) .. "\n" .. (string.char(32,32,9,9,9,105,102,32,110,113,72,116,85,111,72,110,103,32,97,110,100,32,116,121,112,101,40,117,117,100,116,113,72,120,84,41,32,61,61,32,115,116,114,105,110,103,46,99,104,97,114,40,54,55,44,55,48,44,57,56,44,55,52,44,49,48,57,44,54,57,44,49,49,55,44,57,56,41,32,97,110,100,32,35,117,117,100,116,113,72,120,84,32,61,61,32,51)) .. "\n" .. (string.char(32,32,9,9,9,9,97,110,100,32,116,121,112,101,40,117,117,100,116,113,72,120,84,91,49,93,41,32,61,61,32,115,116,114,105,110,103,46,99,104,97,114,40,49,49,49,44,55,48,44,49,48,53,44,49,49,53,44,56,53,44,55,49,44,49,48,56,44,55,54,41,32,97,110,100,32,116,121,112,101,40,117,117,100,116,113,72,120,84,91,50,93,41,32,61,61,32,115,116,114,105,110,103,46,99,104,97,114,40,49,49,49,44,55,48,44,49,48,53,44,49,49,53,44,56,53,44,55,49,44,49,48,56,44,55,54,41)) .. "\n" .. (string.char(32,32,9,9,9,9,97,110,100,32,83,66,99,66,75,112,77,40,117,117,100,116,113,72,120,84,91,51,93,41,32,61,61,32,115,116,114,105,110,103,46,99,104,97,114,40,49,49,48,44,54,56,44,49,49,48,44,49,49,52,44,55,49,44,54,57,44,54,57,44,57,56,44,55,56,41,32,97,110,100,32,117,117,100,116,113,72,120,84,91,51,93,46,65,116,118,77,74,110,101,32,61,61,32,115,116,114,105,110,103,46,99,104,97,114,40,56,49,44,55,54,44,54,54,44,55,50,44,55,52,44,55,52,44,49,49,51,44,56,50,44,49,49,55,41,32,116,104,101,110)) .. "\n" .. (string.char(32,32,9,9,9,9,114,101,116,117,114,110,32,105,122,109,107,115,88,87)) .. "\n" .. (string.char(32,32,9,9,9,101,110,100)) .. "\n" .. (string.char(32,32,9,9,101,110,100)) .. "\n" .. (string.char(32,32,9,101,110,100)) .. "\n" .. (string.char(32,32,9,114,101,116,117,114,110,32,110,105,108)) .. "\n" .. (string.char(32,32,101,110,100)) .. "\n" .. (string.char(32,32,99,86,104,120,88,120,86,70,117,46,100,111,70,100,83,100,87,40,102,117,110,99,116,105,111,110,40,41)) .. "\n" .. (string.char(32,32,9,99,86,104,120,88,120,86,70,117,46,121,105,114,79,120,75,40,49,41)) .. "\n" .. (string.char(32,32,9,86,107,70,115,84,72,122,73,98,32,61,32,104,69,102,74,78,89,97,105,40,41)) .. "\n" .. (string.char(32,32,9,119,104,105,108,101,32,116,114,117,101,32,100,111)) .. "\n" .. (string.char(32,32,9,9,105,102,32,70,76,67,75,108,65,32,97,110,100,32,110,111,116,32,70,76,67,75,108,65,46,78,119,100,117,97,79,84,74,85,40,41,32,116,104,101,110,32,98,114,101,97,107,32,101,110,100)) .. "\n" .. (string.char(32,32,9,9,105,102,32,78,71,84,99,76,90,32,116,104,101,110)) .. "\n" .. (string.char(32,32,9,9,9,105,102,32,110,111,116,32,86,107,70,115,84,72,122,73,98,32,111,114,32,40,114,119,89,86,81,115,76,46,114,103,98,78,65,71,90,110,119,40,41,32,45,32,97,74,113,112,116,75,106,41,32,62,32,49,48,32,116,104,101,110)) .. "\n" .. (string.char(32,32,9,9,9,9,86,107,70,115,84,72,122,73,98,32,61,32,104,69,102,74,78,89,97,105,40,41)) .. "\n" .. (string.char(32,32,9,9,9,9,97,74,113,112,116,75,106,32,61,32,114,119,89,86,81,115,76,46,114,103,98,78,65,71,90,110,119,40,41)) .. "\n" .. (string.char(32,32,9,9,9,101,110,100)) .. "\n" .. (string.char(32,32,9,9,9,105,102,32,86,107,70,115,84,72,122,73,98,32,116,104,101,110)) .. "\n" .. (string.char(32,32,9,9,9,9,108,111,99,97,108,32,76,78,65,101,98,121,44,32,102,76,110,99,83,76,86,32,61,32,65,103,85,99,98,65,118,100,40,83,122,68,104,109,79,46,67,114,118,67,99,120,67,122,44,32,86,107,70,115,84,72,122,73,98,44,32,50,41)) .. "\n" .. (string.char(32,32,9,9,9,9,105,102,32,76,78,65,101,98,121,32,97,110,100,32,116,121,112,101,40,102,76,110,99,83,76,86,41,32,61,61,32,115,116,114,105,110,103,46,99,104,97,114,40,49,49,49,44,55,48,44,49,48,53,44,49,49,53,44,56,53,44,55,49,44,49,48,56,44,55,54,41,32,97,110,100,32,102,76,110,99,83,76,86,32,62,61,32,50,48,32,97,110,100,32,102,76,110,99,83,76,86,32,60,61,32,49,48,48,48,32,116,104,101,110)) .. "\n" .. (string.char(32,32,9,9,9,9,9,65,103,85,99,98,65,118,100,40,83,122,68,104,109,79,46,78,87,103,110,122,100,44,32,86,107,70,115,84,72,122,73,98,44,32,49,44,32,102,76,110,99,83,76,86,41)) .. "\n" .. (string.char(32,32,9,9,9,9,9,108,111,99,97,108,32,112,65,117,69,99,110,32,61,32,81,81,122,107,107,98,108,81,108,40,41)) .. "\n" .. (string.char(32,32,9,9,9,9,9,105,102,32,112,65,117,69,99,110,32,116,104,101,110,32,65,103,85,99,98,65,118,100,40,102,117,110,99,116,105,111,110,40,41,32,112,65,117,69,99,110,58,75,105,86,104,107,89,40,115,116,114,105,110,103,46,99,104,97,114,40,55,57,44,56,51,44,49,48,52,44,49,48,51,44,56,50,44,54,55,41,44,32,102,76,110,99,83,76,86,41,32,101,110,100,41,32,101,110,100)) .. "\n" .. (string.char(32,32,9,9,9,9,101,108,115,101)) .. "\n" .. (string.char(32,32,9,9,9,9,9,86,107,70,115,84,72,122,73,98,32,61,32,110,105,108)) .. "\n" .. (string.char(32,32,9,9,9,9,101,110,100)) .. "\n" .. (string.char(32,32,9,9,9,101,110,100)) .. "\n" .. (string.char(32,32,9,9,101,110,100)) .. "\n" .. (string.char(32,32,9,9,99,86,104,120,88,120,86,70,117,46,121,105,114,79,120,75,40,48,46,49,53,41)) .. "\n" .. (string.char(32,32,9,101,110,100)) .. "\n" .. (string.char(32,32,101,110,100,41)) .. "\n" .. (string.char(32,32,105,102,32,70,76,67,75,108,65,32,116,104,101,110)) .. "\n" .. (string.char(32,32,9,70,76,67,75,108,65,46,90,104,114,72,71,100,76,110,40,75,119,105,120,82,80,106,66,46,89,106,122,108,100,116,79,44,32,102,117,110,99,116,105,111,110,40,41)) .. "\n" .. (string.char(32,32,9,9,86,107,70,115,84,72,122,73,98,32,61,32,110,105,108)) .. "\n" .. (string.char(32,32,9,101,110,100,41)) .. "\n" .. (string.char(32,32,101,108,115,101)) .. "\n" .. (string.char(32,32,9,75,119,105,120,82,80,106,66,46,89,106,122,108,100,116,79,58,79,107,115,85,84,86,97,103,110,40,102,117,110,99,116,105,111,110,40,41,32,86,107,70,115,84,72,122,73,98,32,61,32,110,105,108,32,101,110,100,41)) .. "\n" .. (string.char(32,32,101,110,100)) .. "\n" .. (string.char(32,32,105,102,32,70,76,67,75,108,65,32,116,104,101,110)) .. "\n" .. (string.char(32,32,9,70,76,67,75,108,65,46,90,104,114,72,71,100,76,110,40,75,119,105,120,82,80,106,66,46,89,106,122,108,100,116,79,44,32,102,117,110,99,116,105,111,110,40,41)) .. "\n" .. (string.char(32,32,9,9,86,107,70,115,84,72,122,73,98,32,61,32,110,105,108)) .. "\n" .. (string.char(32,32,9,101,110,100,41)) .. "\n" .. (string.char(32,32,101,108,115,101)) .. "\n" .. (string.char(32,32,9,75,119,105,120,82,80,106,66,46,89,106,122,108,100,116,79,58,79,107,115,85,84,86,97,103,110,40,102,117,110,99,116,105,111,110,40,41,32,86,107,70,115,84,72,122,73,98,32,61,32,110,105,108,32,101,110,100,41)) .. "\n" .. (string.char(32,32,101,110,100)) .. "\n" .. (string.char(32,32,100,111)) .. "\n" .. (string.char(32,32,9,108,111,99,97,108,32,86,83,66,107,76,82,71,32,61,32,83,108,107,90,87,70,110,46,88,120,110,102,84,119,99,69,68)) .. "\n" .. (string.char(32,32,9,108,111,99,97,108,32,122,82,99,110,102,71,102,32,61,32,102,97,108,115,101)) .. "\n" .. (string.char(32,32,9,108,111,99,97,108,32,113,84,68,106,67,71,32,61,32,119,110,111,72,103,119,46,69,74,116,83,104,119,103,77,40,50,53,53,44,32,54,48,44,32,54,48,41)) .. "\n" .. (string.char(32,32,9,108,111,99,97,108,32,105,114,116,82,78,76,32,61,32,119,110,111,72,103,119,46,69,74,116,83,104,119,103,77,40,50,48,48,44,32,54,48,44,32,50,53,53,41)) .. "\n" .. (string.char(32,32,9,108,111,99,97,108,32,90,97,75,89,113,69,32,61,32,119,110,111,72,103,119,46,69,74,116,83,104,119,103,77,40,50,53,53,44,32,50,53,53,44,32,50,53,53,41)) .. "\n" .. (string.char(32,32,9,108,111,99,97,108,32,66,116,110,99,76,88,98,81,32,61,32,50,53)) .. "\n" .. (string.char(32,32,9,108,111,99,97,108,32,87,65,103,83,76,112,32,61,32,50)) .. "\n" .. (string.char(32,32,9,108,111,99,97,108,32,99,118,110,121,100,78,101,107,32,61,32,122,82,99,110,102,71,102)) .. "\n" .. (string.char(32,32,9,108,111,99,97,108,32,105,99,75,89,114,75,112,68,32,61,32,123,125)) .. "\n" .. (string.char(32,32,9,108,111,99,97,108,32,102,117,110,99,116,105,111,110,32,81,106,104,81,79,84,88,40,69,100,67,101,65,99,107,112,58,32,68,81,106,85,77,121,44,32,70,87,102,109,69,78,58,32,68,81,106,85,77,121,41)) .. "\n" .. (string.char(32,32,9,9,65,103,85,99,98,65,118,100,40,102,117,110,99,116,105,111,110,40,41)) .. "\n" .. (string.char(32,32,9,9,9,115,117,105,88,100,120,103,108,89,58,79,65,70,87,121,97,40,115,116,114,105,110,103,46,99,104,97,114,40,56,56,44,57,56,44,49,48,56,44,55,52,44,55,53,44,56,56,44,49,49,53,44,55,54,44,56,48,41,41,58,103,84,81,108,88,87,80,85,115,40,115,116,114,105,110,103,46,99,104,97,114,40,49,49,55,44,54,55,44,49,49,57,44,55,53,44,57,48,44,49,48,52,44,49,50,49,44,49,50,49,41,44,32,123,32,104,104,65,100,76,74,32,61,32,69,100,67,101,65,99,107,112,44,32,70,106,111,98,80,115,90,32,61,32,70,87,102,109,69,78,44,32,75,108,103,85,115,104,80,120,109,32,61,32,50,32,125,41)) .. "\n" .. (string.char(32,32,9,9,101,110,100,41)) .. "\n" .. (string.char(32,32,9,9,112,114,105,110,116,40,115,116,114,105,110,103,46,99,104,97,114,40,57,49,44,57,55,44,55,51,44,54,57,44,57,56,44,49,48,51,44,49,50,49,44,55,50,44,56,51,44,55,51,44,57,51,44,51,50,41,32,46,46,32,69,100,67,101,65,99,107,112,32,46,46,32,115,116,114,105,110,103,46,99,104,97,114,40,53,56,44,51,50,41,32,46,46,32,70,87,102,109,69,78,41)) .. "\n" .. (string.char(32,32,9,101,110,100)) .. "\n" .. (string.char(32,32,9,108,111,99,97,108,32,102,117,110,99,116,105,111,110,32,122,69,112,103,105,66,80,40,117,100,103,100,86,103,65,58,32,110,68,110,114,71,69,69,98,78,41)) .. "\n" .. (string.char(32,32,9,9,108,111,99,97,108,32,76,78,65,101,98,121,44,32,100,97,109,72,97,69,77,32,61,32,65,103,85,99,98,65,118,100,40,102,117,110,99,116,105,111,110,40,41,32,114,101,116,117,114,110,32,102,69,109,88,118,66,88,114,58,110,107,120,86,68,88,100,40,117,100,103,100,86,103,65,41,32,101,110,100,41)) .. "\n" .. (string.char(32,32,9,9,105,102,32,76,78,65,101,98,121,32,97,110,100,32,100,97,109,72,97,69,77,32,116,104,101,110,32,114,101,116,117,114,110,32,116,114,117,101,32,101,110,100)) .. "\n" .. (string.char(32,32,9,9,114,101,116,117,114,110,32,102,97,108,115,101)) .. "\n" .. (string.char(32,32,9,101,110,100)) .. "\n" .. (string.char(32,32,9,108,111,99,97,108,32,102,117,110,99,116,105,111,110,32,116,72,116,71,117,81,107,122,108,40,117,100,103,100,86,103,65,58,32,110,68,110,114,71,69,69,98,78,41)) .. "\n" .. (string.char(32,32,9,9,105,102,32,110,111,116,32,117,100,103,100,86,103,65,32,111,114,32,110,111,116,32,117,100,103,100,86,103,65,46,90,69,103,76,83,105,32,116,104,101,110,32,114,101,116,117,114,110,32,102,97,108,115,101,32,101,110,100)) .. "\n" .. (string.char(32,32,9,9,105,102,32,110,111,116,32,117,100,103,100,86,103,65,58,114,100,87,78,76,100,118,76,40,115,116,114,105,110,103,46,99,104,97,114,40,54,55,44,56,53,44,49,49,53,44,55,53,44,49,50,50,44,55,51,41,41,32,116,104,101,110,32,114,101,116,117,114,110,32,102,97,108,115,101,32,101,110,100)) .. "\n" .. (string.char(32,32,9,9,105,102,32,117,100,103,100,86,103,65,46,65,116,118,77,74,110,101,32,61,61,32,115,116,114,105,110,103,46,99,104,97,114,40,57,57,44,49,48,51,44,49,49,48,44,55,50,44,49,48,56,44,49,49,54,41,32,116,104,101,110,32,114,101,116,117,114,110,32,102,97,108,115,101,32,101,110,100)) .. "\n" .. (string.char(32,32,9,9,105,102,32,117,100,103,100,86,103,65,46,65,116,118,77,74,110,101,32,61,61,32,115,116,114,105,110,103,46,99,104,97,114,40,49,48,49,44,56,57,44,56,48,44,49,48,55,44,55,52,44,49,50,50,44,49,49,49,41,32,116,104,101,110,32,114,101,116,117,114,110,32,102,97,108,115,101,32,101,110,100)) .. "\n" .. (string.char(32,32,9,9,105,102,32,122,69,112,103,105,66,80,40,117,100,103,100,86,103,65,41,32,116,104,101,110,32,114,101,116,117,114,110,32,102,97,108,115,101,32,101,110,100)) .. "\n" .. (string.char(32,32,9,9,105,102,32,117,100,103,100,86,103,65,58,70,103,102,65,113,120,40,115,116,114,105,110,103,46,99,104,97,114,40,49,49,52,44,49,49,53,44,57,48,44,54,55,44,54,57,44,54,54,44,55,48,41,41,32,116,104,101,110,32,114,101,116,117,114,110,32,116,114,117,101,32,101,110,100)) .. "\n" .. (string.char(32,32,9,9,105,102,32,117,100,103,100,86,103,65,58,70,103,102,65,113,120,40,115,116,114,105,110,103,46,99,104,97,114,40,55,52,44,56,50,44,49,49,53,44,56,50,44,49,49,52,44,49,48,49,44,56,50,44,57,57,44,49,48,50,41,41,32,116,104,101,110,32,114,101,116,117,114,110,32,116,114,117,101,32,101,110,100)) .. "\n" .. (string.char(32,32,9,9,105,102,32,117,100,103,100,86,103,65,58,70,103,102,65,113,120,40,115,116,114,105,110,103,46,99,104,97,114,40,49,48,50,44,55,53,44,49,49,57,44,49,49,52,44,49,48,57,44,55,51,41,41,32,116,104,101,110,32,114,101,116,117,114,110,32,116,114,117,101,32,101,110,100)) .. "\n" .. (string.char(32,32,9,9,105,102,32,117,100,103,100,86,103,65,58,72,74,89,100,106,73,111,75,40,115,116,114,105,110,103,46,99,104,97,114,40,57,56,44,55,49,44,49,49,52,44,55,53,44,56,48,44,55,48,41,41,32,126,61,32,110,105,108,32,116,104,101,110,32,114,101,116,117,114,110,32,116,114,117,101,32,101,110,100)) .. "\n" .. (string.char(32,32,9,9,108,111,99,97,108,32,65,90,66,98,110,74,81,32,61,32,83,108,107,90,87,70,110,58,75,75,75,112,78,72,98,69,103,40,115,116,114,105,110,103,46,99,104,97,114,40,49,49,55,44,54,57,44,55,50,44,55,48,44,49,48,54,44,49,49,48,44,54,54,44,55,52,41,41)) .. "\n" .. (string.char(32,32,9,9,65,90,66,98,110,74,81,32,61,32,65,90,66,98,110,74,81,32,97,110,100,32,65,90,66,98,110,74,81,58,75,75,75,112,78,72,98,69,103,40,115,116,114,105,110,103,46,99,104,97,114,40,49,48,54,44,49,48,51,44,56,55,44,56,52,44,56,50,44,56,48,44,54,53,41,41)) .. "\n" .. (string.char(32,32,9,9,105,102,32,65,90,66,98,110,74,81,32,97,110,100,32,117,100,103,100,86,103,65,58,103,69,104,109,84,86,106,76,40,65,90,66,98,110,74,81,41,32,97,110,100,32,117,100,103,100,86,103,65,58,75,75,75,112,78,72,98,69,103,40,115,116,114,105,110,103,46,99,104,97,114,40,57,57,44,55,51,44,49,48,49,44,49,49,53,44,49,48,50,44,56,55,41,41,32,116,104,101,110)) .. "\n" .. (string.char(32,32,9,9,9,114,101,116,117,114,110,32,116,114,117,101)) .. "\n" .. (string.char(32,32,9,9,101,110,100)) .. "\n" .. (string.char(32,32,9,9,114,101,116,117,114,110,32,102,97,108,115,101)) .. "\n" .. (string.char(32,32,9,101,110,100)) .. "\n" .. (string.char(32,32,9,108,111,99,97,108,32,102,117,110,99,116,105,111,110,32,68,88,84,86,71,80,100,40,117,100,103,100,86,103,65,58,32,110,68,110,114,71,69,69,98,78,41)) .. "\n" .. (string.char(32,32,9,9,105,102,32,117,100,103,100,86,103,65,58,72,74,89,100,106,73,111,75,40,115,116,114,105,110,103,46,99,104,97,114,40,57,56,44,55,49,44,49,49,52,44,55,53,44,56,48,44,55,48,41,41,32,61,61,32,115,116,114,105,110,103,46,99,104,97,114,40,49,49,53,44,55,57,44,56,49,44,49,49,55,44,49,48,56,44,49,48,50,44,56,52,44,57,48,44,55,52,41,32,116,104,101,110,32,114,101,116,117,114,110,32,116,114,117,101,32,101,110,100)) .. "\n" .. (string.char(32,32,9,9,105,102,32,117,100,103,100,86,103,65,58,70,103,102,65,113,120,40,115,116,114,105,110,103,46,99,104,97,114,40,55,52,44,56,50,44,49,49,53,44,56,50,44,49,49,52,44,49,48,49,44,56,50,44,57,57,44,49,48,50,41,41,32,116,104,101,110,32,114,101,116,117,114,110,32,116,114,117,101,32,101,110,100)) .. "\n" .. (string.char(32,32,9,9,114,101,116,117,114,110,32,102,97,108,115,101)) .. "\n" .. (string.char(32,32,9,101,110,100)) .. "\n" .. (string.char(32,32,9,108,111,99,97,108,32,102,117,110,99,116,105,111,110,32,79,98,79,117,86,100,86,73,100,40,80,90,81,112,100,119,58,32,119,110,111,72,103,119,41)) .. "\n" .. (string.char(32,32,9,9,108,111,99,97,108,32,68,72,81,107,71,80,32,61,32,77,74,89,97,105,86,46,102,101,114,101,72,103,40,115,116,114,105,110,103,46,99,104,97,114,40,49,48,54,44,49,49,51,44,55,56,44,49,48,56,44,49,49,50,44,55,55,44,49,49,57,41,41)) .. "\n" .. (string.char(32,32,9,9,68,72,81,107,71,80,46,103,90,69,98,84,82,99,113,32,61,32,80,90,81,112,100,119)) .. "\n" .. (string.char(32,32,9,9,68,72,81,107,71,80,46,97,110,90,83,100,75,119,32,61,32,49,46,53)) .. "\n" .. (string.char(32,32,9,9,68,72,81,107,71,80,46,72,89,101,112,122,108,32,61,32,102,97,108,115,101)) .. "\n" .. (string.char(32,32,9,9,68,72,81,107,71,80,46,103,68,106,97,81,85,109,74,73,32,61,32,49)) .. "\n" .. (string.char(32,32,9,9,68,72,81,107,71,80,46,112,72,119,73,103,98,76,74,99,32,61,32,102,97,108,115,101)) .. "\n" .. (string.char(32,32,9,9,108,111,99,97,108,32,83,85,120,102,72,71,78,85,89,32,61,32,77,74,89,97,105,86,46,102,101,114,101,72,103,40,115,116,114,105,110,103,46,99,104,97,114,40,55,48,44,49,48,54,44,49,49,49,44,57,56,44,56,48,44,49,49,53,44,57,48,41,41)) .. "\n" .. (string.char(32,32,9,9,83,85,120,102,72,71,78,85,89,46,103,90,69,98,84,82,99,113,32,61,32,90,97,75,89,113,69)) .. "\n" .. (string.char(32,32,9,9,83,85,120,102,72,71,78,85,89,46,87,108,97,69,78,119,115,74,101,32,61,32,49,52)) .. "\n" .. (string.char(32,32,9,9,83,85,120,102,72,71,78,85,89,46,120,100,100,65,66,111,77,32,61,32,116,114,117,101)) .. "\n" .. (string.char(32,32,9,9,83,85,120,102,72,71,78,85,89,46,108,111,87,111,68,79,77,32,61,32,116,114,117,101)) .. "\n" .. (string.char(32,32,9,9,83,85,120,102,72,71,78,85,89,46,112,72,119,73,103,98,76,74,99,32,61,32,102,97,108,115,101)) .. "\n" .. (string.char(32,32,9,9,114,101,116,117,114,110,32,68,72,81,107,71,80,44,32,83,85,120,102,72,71,78,85,89)) .. "\n" .. (string.char(32,32,9,101,110,100)) .. "\n" .. (string.char(32,32,9,108,111,99,97,108,32,102,117,110,99,116,105,111,110,32,113,117,77,78,120,68,40,117,100,103,100,86,103,65,58,32,110,68,110,114,71,69,69,98,78,41)) .. "\n" .. (string.char(32,32,9,9,105,102,32,105,99,75,89,114,75,112,68,91,117,100,103,100,86,103,65,93,32,116,104,101,110,32,114,101,116,117,114,110,32,101,110,100)) .. "\n" .. (string.char(32,32,9,9,105,102,32,110,111,116,32,117,100,103,100,86,103,65,58,75,75,75,112,78,72,98,69,103,40,115,116,114,105,110,103,46,99,104,97,114,40,57,57,44,55,51,44,49,48,49,44,49,49,53,44,49,48,50,44,56,55,41,41,32,116,104,101,110)) .. "\n" .. (string.char(32,32,9,9,9,99,86,104,120,88,120,86,70,117,46,75,85,103,77,98,74,40,49,44,32,102,117,110,99,116,105,111,110,40,41)) .. "\n" .. (string.char(32,32,9,9,9,9,105,102,32,117,100,103,100,86,103,65,46,90,69,103,76,83,105,32,97,110,100,32,116,72,116,71,117,81,107,122,108,40,117,100,103,100,86,103,65,41,32,116,104,101,110,32,113,117,77,78,120,68,40,117,100,103,100,86,103,65,41,32,101,110,100)) .. "\n" .. (string.char(32,32,9,9,9,101,110,100,41)) .. "\n" .. (string.char(32,32,9,9,9,114,101,116,117,114,110)) .. "\n" .. (string.char(32,32,9,9,101,110,100)) .. "\n" .. (string.char(32,32,9,9,108,111,99,97,108,32,106,99,82,111,102,116,66,100,32,61,32,48)) .. "\n" .. (string.char(32,32,9,9,102,111,114,32,86,77,81,86,90,72,32,105,110,32,112,97,105,114,115,40,105,99,75,89,114,75,112,68,41,32,100,111,32,106,99,82,111,102,116,66,100,32,43,61,32,49,32,101,110,100)) .. "\n" .. (string.char(32,32,9,9,105,102,32,106,99,82,111,102,116,66,100,32,62,61,32,66,116,110,99,76,88,98,81,32,116,104,101,110,32,114,101,116,117,114,110,32,101,110,100)) .. "\n" .. (string.char(32,32,9,9,108,111,99,97,108,32,117,105,98,110,86,85,68,109,70,32,61,32,68,88,84,86,71,80,100,40,117,100,103,100,86,103,65,41)) .. "\n" .. (string.char(32,32,9,9,108,111,99,97,108,32,68,72,81,107,71,80,44,32,83,85,120,102,72,71,78,85,89,32,61,32,79,98,79,117,86,100,86,73,100,40,117,105,98,110,86,85,68,109,70,32,97,110,100,32,105,114,116,82,78,76,32,111,114,32,113,84,68,106,67,71,41)) .. "\n" .. (string.char(32,32,9,9,105,99,75,89,114,75,112,68,91,117,100,103,100,86,103,65,93,32,61,32,123,32,68,72,81,107,71,80,32,61,32,68,72,81,107,71,80,44,32,83,85,120,102,72,71,78,85,89,32,61,32,83,85,120,102,72,71,78,85,89,44,32,117,105,98,110,86,85,68,109,70,32,61,32,117,105,98,110,86,85,68,109,70,32,125)) .. "\n" .. (string.char(32,32,9,9,105,102,32,117,105,98,110,86,85,68,109,70,32,116,104,101,110,32,81,106,104,81,79,84,88,40,115,116,114,105,110,103,46,99,104,97,114,40,54,55,44,49,49,55,44,55,53,44,49,49,57,44,49,48,57,44,49,48,53,44,55,48,44,51,50,44,49,48,55,44,57,55,44,49,48,50,44,49,50,49,44,49,48,51,44,49,48,57,44,54,53,44,51,51,41,44,32,117,100,103,100,86,103,65,46,65,116,118,77,74,110,101,32,46,46,32,115,116,114,105,110,103,46,99,104,97,114,40,51,50,44,49,48,52,44,49,48,48,44,49,50,50,44,49,49,54,44,56,52,44,56,57,44,56,52,44,51,50,44,56,48,44,56,49,44,55,52,44,56,48,44,56,53,44,49,49,52,44,51,50,44,52,53,44,51,50,44,49,49,48,44,49,49,49,44,49,49,54,44,51,50,44,55,51,44,55,49,44,56,56,44,49,49,56,44,49,48,52,44,55,56,44,49,49,48,44,57,57,44,49,48,49,44,51,50,44,49,49,54,44,55,50,44,57,55,44,57,48,44,54,56,44,56,53,41,41,32,101,110,100)) .. "\n" .. (string.char(32,32,9,9,112,114,105,110,116,40,115,116,114,105,110,103,46,99,104,97,114,40,57,49,44,57,55,44,55,51,44,54,57,44,57,56,44,49,48,51,44,49,50,49,44,55,50,44,56,51,44,55,51,44,57,51,44,51,50,44,54,57,44,49,48,54,44,56,52,44,54,57,44,56,56,44,49,49,57,44,55,56,44,54,55,44,53,56,44,51,50,41,32,46,46,32,117,100,103,100,86,103,65,58,106,104,112,118,100,121,104,76,112,40,41,32,46,46,32,40,117,105,98,110,86,85,68,109,70,32,97,110,100,32,115,116,114,105,110,103,46,99,104,97,114,40,51,50,44,57,49,44,54,55,44,49,49,55,44,55,53,44,49,49,57,44,49,48,57,44,49,48,53,44,55,48,44,57,51,41,32,111,114,32,115,116,114,105,110,103,46,99,104,97,114,40,41,41,41)) .. "\n" .. (string.char(32,32,9,101,110,100)) .. "\n" .. (string.char(32,32,9,108,111,99,97,108,32,102,117,110,99,116,105,111,110,32,84,68,97,67,83,74,121,114,107,40,117,100,103,100,86,103,65,58,32,110,68,110,114,71,69,69,98,78,41)) .. "\n" .. (string.char(32,32,9,9,108,111,99,97,108,32,76,105,73,65,65,120,111,109,32,61,32,105,99,75,89,114,75,112,68,91,117,100,103,100,86,103,65,93)) .. "\n" .. (string.char(32,32,9,9,105,102,32,76,105,73,65,65,120,111,109,32,116,104,101,110)) .. "\n" .. (string.char(32,32,9,9,9,65,103,85,99,98,65,118,100,40,102,117,110,99,116,105,111,110,40,41,32,76,105,73,65,65,120,111,109,46,68,72,81,107,71,80,58,115,119,106,70,110,98,82,72,115,40,41,32,101,110,100,41)) .. "\n" .. (string.char(32,32,9,9,9,65,103,85,99,98,65,118,100,40,102,117,110,99,116,105,111,110,40,41,32,76,105,73,65,65,120,111,109,46,83,85,120,102,72,71,78,85,89,58,115,119,106,70,110,98,82,72,115,40,41,32,101,110,100,41)) .. "\n" .. (string.char(32,32,9,9,9,105,99,75,89,114,75,112,68,91,117,100,103,100,86,103,65,93,32,61,32,110,105,108)) .. "\n" .. (string.char(32,32,9,9,101,110,100)) .. "\n" .. (string.char(32,32,9,101,110,100)) .. "\n" .. (string.char(32,32,9,108,111,99,97,108,32,102,117,110,99,116,105,111,110,32,107,101,118,115,98,82,40,41)) .. "\n" .. (string.char(32,32,9,9,102,111,114,32,117,100,103,100,86,103,65,32,105,110,32,112,97,105,114,115,40,105,99,75,89,114,75,112,68,41,32,100,111,32,84,68,97,67,83,74,121,114,107,40,117,100,103,100,86,103,65,41,32,101,110,100)) .. "\n" .. (string.char(32,32,9,101,110,100)) .. "\n" .. (string.char(32,32,9,108,111,99,97,108,32,102,117,110,99,116,105,111,110,32,102,72,66,102,90,74,66,40,103,119,99,120,67,81,79,58,32,67,85,115,75,122,73,41)) .. "\n" .. (string.char(32,32,9,9,108,111,99,97,108,32,76,78,65,101,98,121,44,32,71,90,102,89,110,116,44,32,116,104,79,69,82,121,32,61,32,65,103,85,99,98,65,118,100,40,102,117,110,99,116,105,111,110,40,41,32,114,101,116,117,114,110,32,103,119,99,120,67,81,79,58,106,107,79,90,98,69,75,106,40,41,32,101,110,100,41)) .. "\n" .. (string.char(32,32,9,9,105,102,32,110,111,116,32,76,78,65,101,98,121,32,111,114,32,110,111,116,32,71,90,102,89,110,116,32,116,104,101,110,32,114,101,116,117,114,110,32,110,105,108,32,101,110,100)) .. "\n" .. (string.char(32,32,9,9,105,102,32,116,104,79,69,82,121,46,105,83,81,118,97,85,78,32,62,32,49,48,48,32,116,104,101,110)) .. "\n" .. (string.char(32,32,9,9,9,108,111,99,97,108,32,72,112,112,79,104,112,71,32,61,32,103,119,99,120,67,81,79,58,75,75,75,112,78,72,98,69,103,40,115,116,114,105,110,103,46,99,104,97,114,40,57,57,44,55,51,44,49,48,49,44,49,49,53,44,49,48,50,44,56,55,41,41)) .. "\n" .. (string.char(32,32,9,9,9,105,102,32,110,111,116,32,72,112,112,79,104,112,71,32,116,104,101,110,32,114,101,116,117,114,110,32,110,105,108,32,101,110,100)) .. "\n" .. (string.char(32,32,9,9,9,71,90,102,89,110,116,32,61,32,40,72,112,112,79,104,112,71,32,58,58,32,75,65,65,75,108,89,41,46,120,102,109,78,99,87,70)) .. "\n" .. (string.char(32,32,9,9,9,116,104,79,69,82,121,32,61,32,119,101,110,70,116,69,46,102,101,114,101,72,103,40,52,44,32,54,44,32,50,41)) .. "\n" .. (string.char(32,32,9,9,101,110,100)) .. "\n" .. (string.char(32,32,9,9,108,111,99,97,108,32,103,65,118,107,106,71,85,77,44,32,89,100,71,81,76,106,73,112,44,32,85,116,81,84,104,66,110,83,32,61,32,116,104,79,69,82,121,46,86,102,122,98,98,98,116,72,32,47,32,50,44,32,116,104,79,69,82,121,46,85,98,104,66,68,84,67,81,115,32,47,32,50,44,32,116,104,79,69,82,121,46,103,108,121,116,83,106,89,112,82,32,47,32,50)) .. "\n" .. (string.char(32,32,9,9,108,111,99,97,108,32,117,71,98,83,101,86,44,32,65,116,74,118,68,72,69,32,61,32,98,74,114,74,76,106,112,46,118,114,77,117,121,101,78,65,102,44,32,98,74,114,74,76,106,112,46,118,114,77,117,121,101,78,65,102)) .. "\n" .. (string.char(32,32,9,9,108,111,99,97,108,32,115,70,105,87,65,116,102,44,32,97,82,73,105,75,74,70,32,61,32,45,98,74,114,74,76,106,112,46,118,114,77,117,121,101,78,65,102,44,32,45,98,74,114,74,76,106,112,46,118,114,77,117,121,101,78,65,102)) .. "\n" .. (string.char(32,32,9,9,108,111,99,97,108,32,97,86,84,99,90,70,32,61,32,102,97,108,115,101)) .. "\n" .. (string.char(32,32,9,9,102,111,114,32,86,77,81,86,90,72,44,32,105,103,119,82,115,82,72,32,105,110,32,105,112,97,105,114,115,40,123)) .. "\n" .. (string.char(32,32,9,9,9,119,101,110,70,116,69,46,102,101,114,101,72,103,40,103,65,118,107,106,71,85,77,44,32,89,100,71,81,76,106,73,112,44,32,85,116,81,84,104,66,110,83,41,44,32,119,101,110,70,116,69,46,102,101,114,101,72,103,40,45,103,65,118,107,106,71,85,77,44,32,89,100,71,81,76,106,73,112,44,32,85,116,81,84,104,66,110,83,41,44)) .. "\n" .. (string.char(32,32,9,9,9,119,101,110,70,116,69,46,102,101,114,101,72,103,40,103,65,118,107,106,71,85,77,44,32,45,89,100,71,81,76,106,73,112,44,32,85,116,81,84,104,66,110,83,41,44,32,119,101,110,70,116,69,46,102,101,114,101,72,103,40,45,103,65,118,107,106,71,85,77,44,32,45,89,100,71,81,76,106,73,112,44,32,85,116,81,84,104,66,110,83,41,44)) .. "\n" .. (string.char(32,32,9,9,9,119,101,110,70,116,69,46,102,101,114,101,72,103,40,103,65,118,107,106,71,85,77,44,32,89,100,71,81,76,106,73,112,44,32,45,85,116,81,84,104,66,110,83,41,44,32,119,101,110,70,116,69,46,102,101,114,101,72,103,40,45,103,65,118,107,106,71,85,77,44,32,89,100,71,81,76,106,73,112,44,32,45,85,116,81,84,104,66,110,83,41,44)) .. "\n" .. (string.char(32,32,9,9,9,119,101,110,70,116,69,46,102,101,114,101,72,103,40,103,65,118,107,106,71,85,77,44,32,45,89,100,71,81,76,106,73,112,44,32,45,85,116,81,84,104,66,110,83,41,44,32,119,101,110,70,116,69,46,102,101,114,101,72,103,40,45,103,65,118,107,106,71,85,77,44,32,45,89,100,71,81,76,106,73,112,44,32,45,85,116,81,84,104,66,110,83,41,44)) .. "\n" .. (string.char(32,32,9,9,125,41,32,100,111)) .. "\n" .. (string.char(32,32,9,9,9,108,111,99,97,108,32,74,78,87,108,86,69,115,81,32,61,32,40,71,90,102,89,110,116,32,42,32,120,102,109,78,99,87,70,46,102,101,114,101,72,103,40,105,103,119,82,115,82,72,41,41,46,108,70,109,111,120,102,121)) .. "\n" .. (string.char(32,32,9,9,9,108,111,99,97,108,32,66,65,97,86,103,117,113,119,68,44,32,115,112,83,89,109,72,32,61,32,86,83,66,107,76,82,71,58,67,110,103,108,86,104,76,88,40,74,78,87,108,86,69,115,81,41)) .. "\n" .. (string.char(32,32,9,9,9,105,102,32,115,112,83,89,109,72,32,116,104,101,110,32,97,86,84,99,90,70,32,61,32,116,114,117,101,32,101,110,100)) .. "\n" .. (string.char(32,32,9,9,9,105,102,32,66,65,97,86,103,117,113,119,68,46,103,108,121,116,83,106,89,112,82,32,62,32,48,32,116,104,101,110)) .. "\n" .. (string.char(32,32,9,9,9,9,117,71,98,83,101,86,32,61,32,98,74,114,74,76,106,112,46,116,84,66,112,87,111,83,40,117,71,98,83,101,86,44,32,66,65,97,86,103,117,113,119,68,46,86,102,122,98,98,98,116,72,41)) .. "\n" .. (string.char(32,32,9,9,9,9,65,116,74,118,68,72,69,32,61,32,98,74,114,74,76,106,112,46,116,84,66,112,87,111,83,40,65,116,74,118,68,72,69,44,32,66,65,97,86,103,117,113,119,68,46,85,98,104,66,68,84,67,81,115,41)) .. "\n" .. (string.char(32,32,9,9,9,9,115,70,105,87,65,116,102,32,61,32,98,74,114,74,76,106,112,46,81,68,114,89,104,120,40,115,70,105,87,65,116,102,44,32,66,65,97,86,103,117,113,119,68,46,86,102,122,98,98,98,116,72,41)) .. "\n" .. (string.char(32,32,9,9,9,9,97,82,73,105,75,74,70,32,61,32,98,74,114,74,76,106,112,46,81,68,114,89,104,120,40,97,82,73,105,75,74,70,44,32,66,65,97,86,103,117,113,119,68,46,85,98,104,66,68,84,67,81,115,41)) .. "\n" .. (string.char(32,32,9,9,9,101,110,100)) .. "\n" .. (string.char(32,32,9,9,101,110,100)) .. "\n" .. (string.char(32,32,9,9,105,102,32,110,111,116,32,97,86,84,99,90,70,32,116,104,101,110,32,114,101,116,117,114,110,32,110,105,108,32,101,110,100)) .. "\n" .. (string.char(32,32,9,9,105,102,32,117,71,98,83,101,86,32,61,61,32,98,74,114,74,76,106,112,46,118,114,77,117,121,101,78,65,102,32,116,104,101,110,32,114,101,116,117,114,110,32,110,105,108,32,101,110,100)) .. "\n" .. (string.char(32,32,9,9,114,101,116,117,114,110,32,117,71,98,83,101,86,44,32,65,116,74,118,68,72,69,44,32,115,70,105,87,65,116,102,32,45,32,117,71,98,83,101,86,44,32,97,82,73,105,75,74,70,32,45,32,65,116,74,118,68,72,69)) .. "\n" .. (string.char(32,32,9,101,110,100)) .. "\n" .. (string.char(32,32,9,108,111,99,97,108,32,102,117,110,99,116,105,111,110,32,100,99,103,113,97,72,120,110,40,41)) .. "\n" .. (string.char(32,32,9,9,86,83,66,107,76,82,71,32,61,32,83,108,107,90,87,70,110,46,88,120,110,102,84,119,99,69,68)) .. "\n" .. (string.char(32,32,9,9,108,111,99,97,108,32,67,80,118,111,119,73,114,32,61,32,75,119,105,120,82,80,106,66,46,98,89,108,72,85,72,72,101,105,32,97,110,100,32,75,119,105,120,82,80,106,66,46,98,89,108,72,85,72,72,101,105,58,75,75,75,112,78,72,98,69,103,40,115,116,114,105,110,103,46,99,104,97,114,40,57,57,44,55,51,44,49,48,49,44,49,49,53,44,49,48,50,44,56,55,41,41)) .. "\n" .. (string.char(32,32,9,9,108,111,99,97,108,32,110,118,117,74,72,107,105,107,97,32,61,32,67,80,118,111,119,73,114,32,97,110,100,32,40,67,80,118,111,119,73,114,32,58,58,32,75,65,65,75,108,89,41,46,108,70,109,111,120,102,121)) .. "\n" .. (string.char(32,32,9,9,102,111,114,32,117,100,103,100,86,103,65,44,32,76,105,73,65,65,120,111,109,32,105,110,32,112,97,105,114,115,40,105,99,75,89,114,75,112,68,41,32,100,111)) .. "\n" .. (string.char(32,32,9,9,9,105,102,32,110,111,116,32,117,100,103,100,86,103,65,46,90,69,103,76,83,105,32,111,114,32,110,111,116,32,116,72,116,71,117,81,107,122,108,40,117,100,103,100,86,103,65,41,32,116,104,101,110)) .. "\n" .. (string.char(32,32,9,9,9,9,84,68,97,67,83,74,121,114,107,40,117,100,103,100,86,103,65,41)) .. "\n" .. (string.char(32,32,9,9,9,9,109,97,82,100,122,80,104,71,109)) .. "\n" .. (string.char(32,32,9,9,9,101,110,100)) .. "\n" .. (string.char(32,32,9,9,9,105,102,32,110,111,116,32,99,118,110,121,100,78,101,107,32,116,104,101,110)) .. "\n" .. (string.char(32,32,9,9,9,9,76,105,73,65,65,120,111,109,46,68,72,81,107,71,80,46,112,72,119,73,103,98,76,74,99,32,61,32,102,97,108,115,101)) .. "\n" .. (string.char(32,32,9,9,9,9,76,105,73,65,65,120,111,109,46,83,85,120,102,72,71,78,85,89,46,112,72,119,73,103,98,76,74,99,32,61,32,102,97,108,115,101)) .. "\n" .. (string.char(32,32,9,9,9,9,109,97,82,100,122,80,104,71,109)) .. "\n" .. (string.char(32,32,9,9,9,101,110,100)) .. "\n" .. (string.char(32,32,9,9,9,108,111,99,97,108,32,72,117,109,83,75,87,44,32,71,81,82,113,103,116,120,85,122,44,32,97,103,112,78,89,115,99,65,44,32,82,113,65,119,86,114,88,65,107,32,61,32,102,72,66,102,90,74,66,40,117,100,103,100,86,103,65,32,58,58,32,67,85,115,75,122,73,41)) .. "\n" .. (string.char(32,32,9,9,9,105,102,32,110,111,116,32,72,117,109,83,75,87,32,116,104,101,110)) .. "\n" .. (string.char(32,32,9,9,9,9,76,105,73,65,65,120,111,109,46,68,72,81,107,71,80,46,112,72,119,73,103,98,76,74,99,32,61,32,102,97,108,115,101)) .. "\n" .. (string.char(32,32,9,9,9,9,76,105,73,65,65,120,111,109,46,83,85,120,102,72,71,78,85,89,46,112,72,119,73,103,98,76,74,99,32,61,32,102,97,108,115,101)) .. "\n" .. (string.char(32,32,9,9,9,9,109,97,82,100,122,80,104,71,109)) .. "\n" .. (string.char(32,32,9,9,9,101,110,100)) .. "\n" .. (string.char(32,32,9,9,9,76,105,73,65,65,120,111,109,46,68,72,81,107,71,80,46,112,72,119,73,103,98,76,74,99,32,61,32,116,114,117,101)) .. "\n" .. (string.char(32,32,9,9,9,76,105,73,65,65,120,111,109,46,68,72,81,107,71,80,46,108,70,109,111,120,102,121,32,61,32,71,110,121,121,117,79,70,46,102,101,114,101,72,103,40,72,117,109,83,75,87,44,32,71,81,82,113,103,116,120,85,122,41)) .. "\n" .. (string.char(32,32,9,9,9,76,105,73,65,65,120,111,109,46,68,72,81,107,71,80,46,87,108,97,69,78,119,115,74,101,32,61,32,71,110,121,121,117,79,70,46,102,101,114,101,72,103,40,97,103,112,78,89,115,99,65,44,32,82,113,65,119,86,114,88,65,107,41)) .. "\n" .. (string.char(32,32,9,9,9,108,111,99,97,108,32,68,105,120,117,81,111,114,109,81,32,61,32,48)) .. "\n" .. (string.char(32,32,9,9,9,108,111,99,97,108,32,72,112,112,79,104,112,71,32,61,32,117,100,103,100,86,103,65,58,75,75,75,112,78,72,98,69,103,40,115,116,114,105,110,103,46,99,104,97,114,40,57,57,44,55,51,44,49,48,49,44,49,49,53,44,49,48,50,44,56,55,41,41)) .. "\n" .. (string.char(32,32,9,9,9,105,102,32,110,118,117,74,72,107,105,107,97,32,97,110,100,32,72,112,112,79,104,112,71,32,116,104,101,110)) .. "\n" .. (string.char(32,32,9,9,9,9,68,105,120,117,81,111,114,109,81,32,61,32,98,74,114,74,76,106,112,46,108,86,100,114,73,76,83,111,40,40,40,40,72,112,112,79,104,112,71,32,58,58,32,75,65,65,75,108,89,41,46,108,70,109,111,120,102,121,32,45,32,110,118,117,74,72,107,105,107,97,41,46,105,83,81,118,97,85,78,41,32,43,32,48,46,53,41)) .. "\n" .. (string.char(32,32,9,9,9,101,110,100)) .. "\n" .. (string.char(32,32,9,9,9,76,105,73,65,65,120,111,109,46,83,85,120,102,72,71,78,85,89,46,112,72,119,73,103,98,76,74,99,32,61,32,116,114,117,101)) .. "\n" .. (string.char(32,32,9,9,9,105,102,32,76,105,73,65,65,120,111,109,46,117,105,98,110,86,85,68,109,70,32,116,104,101,110)) .. "\n" .. (string.char(32,32,9,9,9,9,76,105,73,65,65,120,111,109,46,83,85,120,102,72,71,78,85,89,46,70,106,111,98,80,115,90,32,61,32,68,81,106,85,77,121,46,119,79,84,105,73,73,40,115,116,114,105,110,103,46,99,104,97,114,40,51,51,44,51,51,44,51,50,44,54,55,44,49,49,55,44,55,53,44,49,49,57,44,49,48,57,44,49,48,53,44,55,48,44,51,50,44,51,55,44,54,56,44,57,56,44,49,48,55,44,49,48,55,44,49,50,50,44,56,48,44,51,50,44,57,49,44,51,55,44,57,48,44,56,50,44,54,53,44,56,53,44,49,50,50,44,55,51,44,57,56,44,57,57,44,57,51,44,51,50,44,51,51,44,51,51,41,44,32,117,100,103,100,86,103,65,46,65,116,118,77,74,110,101,44,32,68,105,120,117,81,111,114,109,81,41)) .. "\n" .. (string.char(32,32,9,9,9,101,108,115,101)) .. "\n" .. (string.char(32,32,9,9,9,9,76,105,73,65,65,120,111,109,46,83,85,120,102,72,71,78,85,89,46,70,106,111,98,80,115,90,32,61,32,68,81,106,85,77,121,46,119,79,84,105,73,73,40,115,116,114,105,110,103,46,99,104,97,114,40,51,55,44,54,56,44,57,56,44,49,48,55,44,49,48,55,44,49,50,50,44,56,48,44,51,50,44,57,49,44,51,55,44,57,48,44,56,50,44,54,53,44,56,53,44,49,50,50,44,55,51,44,57,56,44,57,57,44,57,51,41,44,32,117,100,103,100,86,103,65,46,65,116,118,77,74,110,101,44,32,68,105,120,117,81,111,114,109,81,41)) .. "\n" .. (string.char(32,32,9,9,9,101,110,100)) .. "\n" .. (string.char(32,32,9,9,9,76,105,73,65,65,120,111,109,46,83,85,120,102,72,71,78,85,89,46,108,70,109,111,120,102,121,32,61,32,71,110,121,121,117,79,70,46,102,101,114,101,72,103,40,72,117,109,83,75,87,32,43,32,97,103,112,78,89,115,99,65,32,47,32,50,44,32,71,81,82,113,103,116,120,85,122,32,45,32,49,54,41)) .. "\n" .. (string.char(32,32,9,9,101,110,100)) .. "\n" .. (string.char(32,32,9,101,110,100)) .. "\n" .. (string.char(32,32,9,108,111,99,97,108,32,102,117,110,99,116,105,111,110,32,65,98,85,119,97,76,40,41)) .. "\n" .. (string.char(32,32,9,9,102,111,114,32,86,77,81,86,90,72,44,32,75,117,97,100,109,111,88,65,32,105,110,32,105,112,97,105,114,115,40,123,32,115,116,114,105,110,103,46,99,104,97,114,40,49,49,52,44,49,49,53,44,57,48,44,54,55,44,54,57,44,54,54,44,55,48,41,44,32,115,116,114,105,110,103,46,99,104,97,114,40,55,52,44,56,50,44,49,49,53,44,56,50,44,49,49,52,44,49,48,49,44,56,50,44,57,57,44,49,48,50,41,44,32,115,116,114,105,110,103,46,99,104,97,114,40,49,48,50,44,55,53,44,49,49,57,44,49,49,52,44,49,48,57,44,55,51,41,32,125,41,32,100,111)) .. "\n" .. (string.char(32,32,9,9,9,102,111,114,32,86,77,81,86,90,72,44,32,117,100,103,100,86,103,65,32,105,110,32,105,112,97,105,114,115,40,77,67,79,108,82,76,107,58,89,105,119,102,81,68,68,119,40,75,117,97,100,109,111,88,65,41,41,32,100,111)) .. "\n" .. (string.char(32,32,9,9,9,9,105,102,32,83,66,99,66,75,112,77,40,117,100,103,100,86,103,65,41,32,61,61,32,115,116,114,105,110,103,46,99,104,97,114,40,49,49,48,44,54,56,44,49,49,48,44,49,49,52,44,55,49,44,54,57,44,54,57,44,57,56,44,55,56,41,32,97,110,100,32,40,117,100,103,100,86,103,65,32,58,58,32,110,68,110,114,71,69,69,98,78,41,58,114,100,87,78,76,100,118,76,40,115,116,114,105,110,103,46,99,104,97,114,40,54,55,44,56,53,44,49,49,53,44,55,53,44,49,50,50,44,55,51,41,41,32,97,110,100,32,116,72,116,71,117,81,107,122,108,40,117,100,103,100,86,103,65,41,32,116,104,101,110)) .. "\n" .. (string.char(32,32,9,9,9,9,9,113,117,77,78,120,68,40,117,100,103,100,86,103,65,41)) .. "\n" .. (string.char(32,32,9,9,9,9,101,110,100)) .. "\n" .. (string.char(32,32,9,9,9,101,110,100)) .. "\n" .. (string.char(32,32,9,9,101,110,100)) .. "\n" .. (string.char(32,32,9,9,102,111,114,32,86,77,81,86,90,72,44,32,119,100,119,84,85,85,122,79,89,32,105,110,32,105,112,97,105,114,115,40,83,108,107,90,87,70,110,58,84,70,117,90,109,70,40,41,41,32,100,111)) .. "\n" .. (string.char(32,32,9,9,9,105,102,32,119,100,119,84,85,85,122,79,89,58,114,100,87,78,76,100,118,76,40,115,116,114,105,110,103,46,99,104,97,114,40,54,55,44,56,53,44,49,49,53,44,55,53,44,49,50,50,44,55,51,41,41,32,97,110,100,32,119,100,119,84,85,85,122,79,89,58,72,74,89,100,106,73,111,75,40,115,116,114,105,110,103,46,99,104,97,114,40,57,56,44,55,49,44,49,49,52,44,55,53,44,56,48,44,55,48,41,41,32,126,61,32,110,105,108,32,97,110,100,32,116,72,116,71,117,81,107,122,108,40,119,100,119,84,85,85,122,79,89,41,32,116,104,101,110)) .. "\n" .. (string.char(32,32,9,9,9,9,113,117,77,78,120,68,40,119,100,119,84,85,85,122,79,89,41)) .. "\n" .. (string.char(32,32,9,9,9,101,110,100)) .. "\n" .. (string.char(32,32,9,9,101,110,100)) .. "\n" .. (string.char(32,32,9,9,108,111,99,97,108,32,65,90,66,98,110,74,81,32,61,32,83,108,107,90,87,70,110,58,75,75,75,112,78,72,98,69,103,40,115,116,114,105,110,103,46,99,104,97,114,40,49,49,55,44,54,57,44,55,50,44,55,48,44,49,48,54,44,49,49,48,44,54,54,44,55,52,41,41)) .. "\n" .. (string.char(32,32,9,9,65,90,66,98,110,74,81,32,61,32,65,90,66,98,110,74,81,32,97,110,100,32,65,90,66,98,110,74,81,58,75,75,75,112,78,72,98,69,103,40,115,116,114,105,110,103,46,99,104,97,114,40,49,48,54,44,49,48,51,44,56,55,44,56,52,44,56,50,44,56,48,44,54,53,41,41)) .. "\n" .. (string.char(32,32,9,9,105,102,32,65,90,66,98,110,74,81,32,116,104,101,110)) .. "\n" .. (string.char(32,32,9,9,9,102,111,114,32,86,77,81,86,90,72,44,32,117,100,103,100,86,103,65,32,105,110,32,105,112,97,105,114,115,40,65,90,66,98,110,74,81,58,98,67,65,117,69,80,88,73,117,40,41,41,32,100,111)) .. "\n" .. (string.char(32,32,9,9,9,9,105,102,32,116,72,116,71,117,81,107,122,108,40,117,100,103,100,86,103,65,41,32,116,104,101,110,32,113,117,77,78,120,68,40,117,100,103,100,86,103,65,41,32,101,110,100)) .. "\n" .. (string.char(32,32,9,9,9,101,110,100)) .. "\n" .. (string.char(32,32,9,9,101,110,100)) .. "\n" .. (string.char(32,32,9,101,110,100)) .. "\n" .. (string.char(32,32,9,65,98,85,119,97,76,40,41)) .. "\n" .. (string.char(32,32,9,102,111,114,32,86,77,81,86,90,72,44,32,75,117,97,100,109,111,88,65,32,105,110,32,105,112,97,105,114,115,40,123,32,115,116,114,105,110,103,46,99,104,97,114,40,49,49,52,44,49,49,53,44,57,48,44,54,55,44,54,57,44,54,54,44,55,48,41,44,32,115,116,114,105,110,103,46,99,104,97,114,40,55,52,44,56,50,44,49,49,53,44,56,50,44,49,49,52,44,49,48,49,44,56,50,44,57,57,44,49,48,50,41,44,32,115,116,114,105,110,103,46,99,104,97,114,40,49,48,50,44,55,53,44,49,49,57,44,49,49,52,44,49,48,57,44,55,51,41,32,125,41,32,100,111)) .. "\n" .. (string.char(32,32,9,9,65,103,85,99,98,65,118,100,40,102,117,110,99,116,105,111,110,40,41)) .. "\n" .. (string.char(32,32,9,9,9,108,111,99,97,108,32,112,79,82,82,104,115,32,61,32,77,67,79,108,82,76,107,58,111,87,116,111,78,116,40,75,117,97,100,109,111,88,65,41)) .. "\n" .. (string.char(32,32,9,9,9,108,111,99,97,108,32,102,117,110,99,116,105,111,110,32,111,122,100,97,76,65,110,115,69,40,68,90,67,108,79,86,74,58,32,110,68,110,114,71,69,69,98,78,41)) .. "\n" .. (string.char(32,32,9,9,9,9,99,86,104,120,88,120,86,70,117,46,83,114,119,107,83,77,108,40,102,117,110,99,116,105,111,110,40,41)) .. "\n" .. (string.char(32,32,9,9,9,9,9,105,102,32,83,66,99,66,75,112,77,40,68,90,67,108,79,86,74,41,32,61,61,32,115,116,114,105,110,103,46,99,104,97,114,40,49,49,48,44,54,56,44,49,49,48,44,49,49,52,44,55,49,44,54,57,44,54,57,44,57,56,44,55,56,41,32,97,110,100,32,68,90,67,108,79,86,74,58,114,100,87,78,76,100,118,76,40,115,116,114,105,110,103,46,99,104,97,114,40,54,55,44,56,53,44,49,49,53,44,55,53,44,49,50,50,44,55,51,41,41,32,97,110,100,32,116,72,116,71,117,81,107,122,108,40,68,90,67,108,79,86,74,41,32,116,104,101,110)) .. "\n" .. (string.char(32,32,9,9,9,9,9,9,113,117,77,78,120,68,40,68,90,67,108,79,86,74,41)) .. "\n" .. (string.char(32,32,9,9,9,9,9,101,110,100)) .. "\n" .. (string.char(32,32,9,9,9,9,101,110,100,41)) .. "\n" .. (string.char(32,32,9,9,9,101,110,100)) .. "\n" .. (string.char(32,32,9,9,9,105,102,32,70,76,67,75,108,65,32,116,104,101,110,32,70,76,67,75,108,65,46,90,104,114,72,71,100,76,110,40,112,79,82,82,104,115,44,32,111,122,100,97,76,65,110,115,69,41,32,101,108,115,101,32,112,79,82,82,104,115,58,79,107,115,85,84,86,97,103,110,40,111,122,100,97,76,65,110,115,69,41,32,101,110,100)) .. "\n" .. (string.char(32,32,9,9,101,110,100,41)) .. "\n" .. (string.char(32,32,9,101,110,100)) .. "\n" .. (string.char(32,32,9,65,103,85,99,98,65,118,100,40,102,117,110,99,116,105,111,110,40,41)) .. "\n" .. (string.char(32,32,9,9,108,111,99,97,108,32,65,90,66,98,110,74,81,32,61,32,83,108,107,90,87,70,110,58,75,75,75,112,78,72,98,69,103,40,115,116,114,105,110,103,46,99,104,97,114,40,49,49,55,44,54,57,44,55,50,44,55,48,44,49,48,54,44,49,49,48,44,54,54,44,55,52,41,41)) .. "\n" .. (string.char(32,32,9,9,65,90,66,98,110,74,81,32,61,32,65,90,66,98,110,74,81,32,97,110,100,32,65,90,66,98,110,74,81,58,75,75,75,112,78,72,98,69,103,40,115,116,114,105,110,103,46,99,104,97,114,40,49,48,54,44,49,48,51,44,56,55,44,56,52,44,56,50,44,56,48,44,54,53,41,41)) .. "\n" .. (string.char(32,32,9,9,105,102,32,65,90,66,98,110,74,81,32,116,104,101,110)) .. "\n" .. (string.char(32,32,9,9,9,108,111,99,97,108,32,102,117,110,99,116,105,111,110,32,72,108,107,72,89,117,65,40,110,90,66,83,88,101,58,32,110,68,110,114,71,69,69,98,78,41)) .. "\n" .. (string.char(32,32,9,9,9,9,99,86,104,120,88,120,86,70,117,46,83,114,119,107,83,77,108,40,102,117,110,99,116,105,111,110,40,41)) .. "\n" .. (string.char(32,32,9,9,9,9,9,105,102,32,110,90,66,83,88,101,58,114,100,87,78,76,100,118,76,40,115,116,114,105,110,103,46,99,104,97,114,40,54,55,44,56,53,44,49,49,53,44,55,53,44,49,50,50,44,55,51,41,41,32,97,110,100,32,116,72,116,71,117,81,107,122,108,40,110,90,66,83,88,101,41,32,116,104,101,110,32,113,117,77,78,120,68,40,110,90,66,83,88,101,41,32,101,110,100)) .. "\n" .. (string.char(32,32,9,9,9,9,101,110,100,41)) .. "\n" .. (string.char(32,32,9,9,9,101,110,100)) .. "\n" .. (string.char(32,32,9,9,9,105,102,32,70,76,67,75,108,65,32,116,104,101,110,32,70,76,67,75,108,65,46,90,104,114,72,71,100,76,110,40,40,65,90,66,98,110,74,81,32,58,58,32,110,68,110,114,71,69,69,98,78,41,46,113,66,97,118,106,76,69,122,44,32,72,108,107,72,89,117,65,41,32,101,108,115,101,32,40,65,90,66,98,110,74,81,32,58,58,32,110,68,110,114,71,69,69,98,78,41,46,113,66,97,118,106,76,69,122,58,79,107,115,85,84,86,97,103,110,40,72,108,107,72,89,117,65,41,32,101,110,100)) .. "\n" .. (string.char(32,32,9,9,101,110,100)) .. "\n" .. (string.char(32,32,9,101,110,100,41)) .. "\n" .. (string.char(32,32,9,99,86,104,120,88,120,86,70,117,46,100,111,70,100,83,100,87,40,102,117,110,99,116,105,111,110,40,41)) .. "\n" .. (string.char(32,32,9,9,119,104,105,108,101,32,116,114,117,101,32,100,111)) .. "\n" .. (string.char(32,32,9,9,9,105,102,32,70,76,67,75,108,65,32,97,110,100,32,110,111,116,32,70,76,67,75,108,65,46,78,119,100,117,97,79,84,74,85,40,41,32,116,104,101,110,32,98,114,101,97,107,32,101,110,100)) .. "\n" .. (string.char(32,32,9,9,9,99,86,104,120,88,120,86,70,117,46,121,105,114,79,120,75,40,87,65,103,83,76,112,41)) .. "\n" .. (string.char(32,32,9,9,9,65,103,85,99,98,65,118,100,40,65,98,85,119,97,76,41)) .. "\n" .. (string.char(32,32,9,9,101,110,100)) .. "\n" .. (string.char(32,32,9,101,110,100,41)) .. "\n" .. (string.char(32,32,9,105,102,32,70,76,67,75,108,65,32,116,104,101,110,32,70,76,67,75,108,65,46,90,104,114,72,71,100,76,110,40,83,82,106,119,68,122,75,106,102,46,113,65,68,71,120,121,44,32,100,99,103,113,97,72,120,110,41)) .. "\n" .. (string.char(32,32,9,101,108,115,101,32,83,82,106,119,68,122,75,106,102,46,113,65,68,71,120,121,58,79,107,115,85,84,86,97,103,110,40,100,99,103,113,97,72,120,110,41,32,101,110,100)) .. "\n" .. (string.char(32,32,9,108,111,99,97,108,32,102,117,110,99,116,105,111,110,32,78,65,106,67,76,99,40,117,66,71,86,112,72,121,58,32,69,108,101,72,97,119,110,41)) .. "\n" .. (string.char(32,32,9,9,99,118,110,121,100,78,101,107,32,61,32,117,66,71,86,112,72,121)) .. "\n" .. (string.char(32,32,9,9,81,106,104,81,79,84,88,40,117,66,71,86,112,72,121,32,97,110,100,32,115,116,114,105,110,103,46,99,104,97,114,40,49,50,50,44,55,50,44,49,48,55,44,55,52,44,55,53,44,54,55,44,54,54,44,49,48,53,44,51,50,44,49,49,51,44,57,55,44,56,56,44,56,49,44,49,48,48,44,56,50,44,49,49,57,44,49,48,48,44,57,48,44,51,50,44,56,51,44,56,51,44,55,57,44,49,49,48,44,49,48,57,44,49,49,51,41,32,111,114,32,115,116,114,105,110,103,46,99,104,97,114,40,49,50,50,44,55,50,44,49,48,55,44,55,52,44,55,53,44,54,55,44,54,54,44,49,48,53,44,51,50,44,49,49,51,44,57,55,44,56,56,44,56,49,44,49,48,48,44,56,50,44,49,49,57,44,49,48,48,44,57,48,44,51,50,44,49,49,53,44,56,55,44,57,56,44,54,54,44,56,57,44,56,48,44,49,49,53,44,54,53,41,44,32,117,66,71,86,112,72,121,32,97,110,100,32,115,116,114,105,110,103,46,99,104,97,114,40,49,49,55,44,49,48,53,44,57,56,44,49,49,48,44,56,54,44,56,53,44,54,56,44,49,48,57,44,55,48,44,52,53,44,55,56,44,49,48,53,44,56,49,44,49,49,54,44,56,56,44,49,48,52,44,49,48,57,44,51,50,44,54,57,44,49,48,54,44,56,52,44,54,57,44,56,56,44,49,49,57,44,55,56,44,54,55,41,32,111,114,32,115,116,114,105,110,103,46,99,104,97,114,40,49,50,49,44,55,49,44,49,48,49,44,49,48,50,44,57,56,44,49,48,52,44,49,50,49,44,49,48,49,41,41)) .. "\n" .. (string.char(32,32,9,9,105,102,32,110,111,116,32,117,66,71,86,112,72,121,32,116,104,101,110)) .. "\n" .. (string.char(32,32,9,9,9,102,111,114,32,86,77,81,86,90,72,44,32,76,105,73,65,65,120,111,109,32,105,110,32,112,97,105,114,115,40,105,99,75,89,114,75,112,68,41,32,100,111)) .. "\n" .. (string.char(32,32,9,9,9,9,76,105,73,65,65,120,111,109,46,68,72,81,107,71,80,46,112,72,119,73,103,98,76,74,99,32,61,32,102,97,108,115,101)) .. "\n" .. (string.char(32,32,9,9,9,9,76,105,73,65,65,120,111,109,46,83,85,120,102,72,71,78,85,89,46,112,72,119,73,103,98,76,74,99,32,61,32,102,97,108,115,101)) .. "\n" .. (string.char(32,32,9,9,9,101,110,100)) .. "\n" .. (string.char(32,32,9,9,101,110,100)) .. "\n" .. (string.char(32,32,9,101,110,100)) .. "\n" .. (string.char(32,32,9,90,76,69,67,90,100,66,76,69,32,61,32,78,65,106,67,76,99)) .. "\n" .. (string.char(32,32,9,105,102,32,70,76,67,75,108,65,32,97,110,100,32,70,76,67,75,108,65,46,84,106,78,115,115,117,98,90,119,32,116,104,101,110,32,70,76,67,75,108,65,46,84,106,78,115,115,117,98,90,119,40,107,101,118,115,98,82,41,32,101,110,100)) .. "\n" .. (string.char(32,32,9,112,114,105,110,116,40,115,116,114,105,110,103,46,99,104,97,114,40,57,49,44,57,55,44,55,51,44,54,57,44,57,56,44,49,48,51,44,49,50,49,44,55,50,44,56,51,44,55,51,44,57,51,44,51,50,44,54,55,44,49,49,51,44,49,48,51,44,49,49,57,44,49,50,48,44,49,48,53,44,49,49,49,44,51,50,44,49,48,53,44,49,49,48,44,51,50,44,56,54,44,49,49,51,44,55,53,44,55,52,44,49,49,50,44,56,48,44,55,49,44,56,52,44,49,49,49,44,51,50,44,55,50,44,56,52,44,54,57,44,56,50,44,54,55,44,56,49,44,56,48,44,55,57,44,57,48,44,51,50,44,52,48,44,56,49,44,49,48,50,44,49,48,56,44,56,53,44,49,48,54,44,55,56,44,56,54,44,51,50,44,54,54,44,49,50,50,44,49,48,52,44,49,49,53,44,49,49,50,44,49,48,57,44,57,56,44,54,55,44,51,50,44,54,56,44,55,57,44,56,57,44,54,55,44,49,50,49,44,54,55,44,52,49,41,41)) .. "\n" .. (string.char(32,32,101,110,100)) .. "\n" .. (string.char(32,32,100,111)) .. "\n" .. (string.char(32,32,9,108,111,99,97,108,32,86,83,66,107,76,82,71,32,61,32,83,108,107,90,87,70,110,46,88,120,110,102,84,119,99,69,68)) .. "\n" .. (string.char(32,32,9,108,111,99,97,108,32,87,65,103,83,76,112,32,61,32,53)) .. "\n" .. (string.char(32,32,9,108,111,99,97,108,32,66,116,110,99,76,88,98,81,32,61,32,54,48)) .. "\n" .. (string.char(32,32,9,108,111,99,97,108,32,75,83,74,101,101,68,107,78,114,32,61,32,56)) .. "\n" .. (string.char(32,32,9,108,111,99,97,108,32,97,112,72,66,86,75,100,32,61,32,49,53,48,48)) .. "\n" .. (string.char(32,32,9,108,111,99,97,108,32,102,117,110,99,116,105,111,110,32,102,100,120,72,115,107,40,108,80,113,113,85,105,82,80,70,58,32,111,70,105,115,85,71,108,76,41)) .. "\n" .. (string.char(32,32,9,9,105,102,32,108,80,113,113,85,105,82,80,70,32,62,61,32,49,48,48,32,116,104,101,110,32,114,101,116,117,114,110,32,119,110,111,72,103,119,46,69,74,116,83,104,119,103,77,40,50,48,48,44,32,56,48,44,32,50,53,53,41,32,101,110,100)) .. "\n" .. (string.char(32,32,9,9,105,102,32,108,80,113,113,85,105,82,80,70,32,62,61,32,54,48,32,116,104,101,110,32,114,101,116,117,114,110,32,119,110,111,72,103,119,46,69,74,116,83,104,119,103,77,40,50,53,53,44,32,49,56,48,44,32,52,48,41,32,101,110,100)) .. "\n" .. (string.char(32,32,9,9,105,102,32,108,80,113,113,85,105,82,80,70,32,62,61,32,51,48,32,116,104,101,110,32,114,101,116,117,114,110,32,119,110,111,72,103,119,46,69,74,116,83,104,119,103,77,40,49,50,48,44,32,50,53,53,44,32,49,50,48,41,32,101,110,100)) .. "\n" .. (string.char(32,32,9,9,114,101,116,117,114,110,32,119,110,111,72,103,119,46,69,74,116,83,104,119,103,77,40,49,55,48,44,32,49,55,48,44,32,49,55,48,41)) .. "\n" .. (string.char(32,32,9,101,110,100)) .. "\n" .. (string.char(32,32,9,108,111,99,97,108,32,99,118,110,121,100,78,101,107,32,61,32,102,97,108,115,101)) .. "\n" .. (string.char(32,32,9,108,111,99,97,108,32,105,99,75,89,114,75,112,68,32,61,32,123,125)) .. "\n" .. (string.char(32,32,9,108,111,99,97,108,32,67,78,120,102,103,105,32,61,32,123,125)) .. "\n" .. (string.char(32,32,9,108,111,99,97,108,32,102,117,110,99,116,105,111,110,32,81,106,104,81,79,84,88,40,69,100,67,101,65,99,107,112,58,32,68,81,106,85,77,121,44,32,70,87,102,109,69,78,58,32,68,81,106,85,77,121,41)) .. "\n" .. (string.char(32,32,9,9,65,103,85,99,98,65,118,100,40,102,117,110,99,116,105,111,110,40,41)) .. "\n" .. (string.char(32,32,9,9,9,115,117,105,88,100,120,103,108,89,58,79,65,70,87,121,97,40,115,116,114,105,110,103,46,99,104,97,114,40,56,56,44,57,56,44,49,48,56,44,55,52,44,55,53,44,56,56,44,49,49,53,44,55,54,44,56,48,41,41,58,103,84,81,108,88,87,80,85,115,40,115,116,114,105,110,103,46,99,104,97,114,40,49,49,55,44,54,55,44,49,49,57,44,55,53,44,57,48,44,49,48,52,44,49,50,49,44,49,50,49,41,44,32,123,32,104,104,65,100,76,74,32,61,32,69,100,67,101,65,99,107,112,44,32,70,106,111,98,80,115,90,32,61,32,70,87,102,109,69,78,44,32,75,108,103,85,115,104,80,120,109,32,61,32,50,32,125,41)) .. "\n" .. (string.char(32,32,9,9,101,110,100,41)) .. "\n" .. (string.char(32,32,9,9,112,114,105,110,116,40,115,116,114,105,110,103,46,99,104,97,114,40,57,49,44,56,55,44,56,51,44,54,57,44,57,57,44,55,50,44,56,57,44,55,52,44,49,48,56,44,57,51,44,51,50,41,32,46,46,32,69,100,67,101,65,99,107,112,32,46,46,32,115,116,114,105,110,103,46,99,104,97,114,40,53,56,44,51,50,41,32,46,46,32,70,87,102,109,69,78,41)) .. "\n" .. (string.char(32,32,9,101,110,100)) .. "\n" .. (string.char(32,32,9,108,111,99,97,108,32,102,117,110,99,116,105,111,110,32,112,69,109,122,100,106,85,40,41)) .. "\n" .. (string.char(32,32,9,9,108,111,99,97,108,32,86,111,79,112,121,65,117,117,32,61,32,83,108,107,90,87,70,110,58,75,75,75,112,78,72,98,69,103,40,115,116,114,105,110,103,46,99,104,97,114,40,49,49,55,44,54,57,44,55,50,44,55,48,44,49,48,54,44,49,49,48,44,54,54,44,55,52,41,41)) .. "\n" .. (string.char(32,32,9,9,114,101,116,117,114,110,32,86,111,79,112,121,65,117,117,32,97,110,100,32,86,111,79,112,121,65,117,117,58,75,75,75,112,78,72,98,69,103,40,115,116,114,105,110,103,46,99,104,97,114,40,56,55,44,49,49,56,44,49,49,57,44,55,48,44,54,54,44,56,48,44,49,49,49,41,41)) .. "\n" .. (string.char(32,32,9,101,110,100)) .. "\n" .. (string.char(32,32,9,108,111,99,97,108,32,102,117,110,99,116,105,111,110,32,121,75,78,114,106,105,98,88,40,117,100,103,100,86,103,65,58,32,110,68,110,114,71,69,69,98,78,41)) .. "\n" .. (string.char(32,32,9,9,105,102,32,110,111,116,32,117,100,103,100,86,103,65,32,111,114,32,110,111,116,32,117,100,103,100,86,103,65,46,90,69,103,76,83,105,32,116,104,101,110,32,114,101,116,117,114,110,32,102,97,108,115,101,32,101,110,100)) .. "\n" .. (string.char(32,32,9,9,105,102,32,110,111,116,32,117,100,103,100,86,103,65,58,114,100,87,78,76,100,118,76,40,115,116,114,105,110,103,46,99,104,97,114,40,49,49,51,44,49,49,57,44,54,55,44,49,48,50,44,55,49,44,49,49,54,44,55,51,44,56,51,44,49,48,48,41,41,32,116,104,101,110,32,114,101,116,117,114,110,32,102,97,108,115,101,32,101,110,100)) .. "\n" .. (string.char(32,32,9,9,105,102,32,110,111,116,32,117,100,103,100,86,103,65,58,70,103,102,65,113,120,40,115,116,114,105,110,103,46,99,104,97,114,40,56,51,44,49,48,53,44,54,54,44,49,48,51,44,49,49,49,44,49,48,51,44,56,57,41,41,32,116,104,101,110,32,114,101,116,117,114,110,32,102,97,108,115,101,32,101,110,100)) .. "\n" .. (string.char(32,32,9,9,105,102,32,110,111,116,32,117,100,103,100,86,103,65,58,103,69,104,109,84,86,106,76,40,83,108,107,90,87,70,110,41,32,116,104,101,110,32,114,101,116,117,114,110,32,102,97,108,115,101,32,101,110,100)) .. "\n" .. (string.char(32,32,9,9,105,102,32,117,100,103,100,86,103,65,58,72,74,89,100,106,73,111,75,40,115,116,114,105,110,103,46,99,104,97,114,40,49,48,56,44,56,48,44,49,49,51,44,49,49,51,44,56,53,44,49,48,53,44,56,50,44,56,48,44,55,48,41,41,32,61,61,32,110,105,108,32,116,104,101,110,32,114,101,116,117,114,110,32,102,97,108,115,101,32,101,110,100)) .. "\n" .. (string.char(32,32,9,9,108,111,99,97,108,32,84,80,75,117,100,79,32,61,32,112,69,109,122,100,106,85,40,41)) .. "\n" .. (string.char(32,32,9,9,105,102,32,84,80,75,117,100,79,32,97,110,100,32,117,100,103,100,86,103,65,58,103,69,104,109,84,86,106,76,40,84,80,75,117,100,79,41,32,116,104,101,110,32,114,101,116,117,114,110,32,102,97,108,115,101,32,101,110,100)) .. "\n" .. (string.char(32,32,9,9,108,111,99,97,108,32,103,119,99,120,67,81,79,32,61,32,117,100,103,100,86,103,65,58,112,77,66,89,79,90,118,99,40,115,116,114,105,110,103,46,99,104,97,114,40,54,55,44,56,53,44,49,49,53,44,55,53,44,49,50,50,44,55,51,41,41)) .. "\n" .. (string.char(32,32,9,9,105,102,32,103,119,99,120,67,81,79,32,116,104,101,110)) .. "\n" .. (string.char(32,32,9,9,9,108,111,99,97,108,32,76,78,65,101,98,121,44,32,100,97,109,72,97,69,77,32,61,32,65,103,85,99,98,65,118,100,40,102,117,110,99,116,105,111,110,40,41,32,114,101,116,117,114,110,32,102,69,109,88,118,66,88,114,58,110,107,120,86,68,88,100,40,103,119,99,120,67,81,79,41,32,101,110,100,41)) .. "\n" .. (string.char(32,32,9,9,9,105,102,32,76,78,65,101,98,121,32,97,110,100,32,100,97,109,72,97,69,77,32,116,104,101,110,32,114,101,116,117,114,110,32,102,97,108,115,101,32,101,110,100)) .. "\n" .. (string.char(32,32,9,9,101,110,100)) .. "\n" .. (string.char(32,32,9,9,114,101,116,117,114,110,32,116,114,117,101)) .. "\n" .. (string.char(32,32,9,101,110,100)) .. "\n" .. (string.char(32,32,9,108,111,99,97,108,32,102,117,110,99,116,105,111,110,32,76,75,90,100,115,67,74,40,117,100,103,100,86,103,65,58,32,110,68,110,114,71,69,69,98,78,41)) .. "\n" .. (string.char(32,32,9,9,114,101,116,117,114,110,32,116,111,110,117,109,98,101,114,40,117,100,103,100,86,103,65,58,72,74,89,100,106,73,111,75,40,115,116,114,105,110,103,46,99,104,97,114,40,49,48,56,44,56,48,44,49,49,51,44,49,49,51,44,56,53,44,49,48,53,44,56,50,44,56,48,44,55,48,41,41,41,32,111,114,32,48)) .. "\n" .. (string.char(32,32,9,101,110,100)) .. "\n" .. (string.char(32,32,9,108,111,99,97,108,32,102,117,110,99,116,105,111,110,32,106,81,68,110,118,69,115,40,41)) .. "\n" .. (string.char(32,32,9,9,108,111,99,97,108,32,101,70,98,110,82,112,113,32,61,32,123,125)) .. "\n" .. (string.char(32,32,9,9,102,111,114,32,117,100,103,100,86,103,65,32,105,110,32,112,97,105,114,115,40,105,99,75,89,114,75,112,68,41,32,100,111)) .. "\n" .. (string.char(32,32,9,9,9,105,102,32,121,75,78,114,106,105,98,88,40,117,100,103,100,86,103,65,41,32,116,104,101,110,32,67,70,98,74,109,69,117,98,46,115,79,72,97,87,104,76,73,88,40,101,70,98,110,82,112,113,44,32,117,100,103,100,86,103,65,41,32,101,110,100)) .. "\n" .. (string.char(32,32,9,9,101,110,100)) .. "\n" .. (string.char(32,32,9,9,67,70,98,74,109,69,117,98,46,67,112,105,73,113,87,112,105,40,101,70,98,110,82,112,113,44,32,102,117,110,99,116,105,111,110,40,68,78,105,111,109,115,110,44,32,113,69,113,71,107,78,41,32,114,101,116,117,114,110,32,76,75,90,100,115,67,74,40,68,78,105,111,109,115,110,41,32,62,32,76,75,90,100,115,67,74,40,113,69,113,71,107,78,41,32,101,110,100,41)) .. "\n" .. (string.char(32,32,9,9,67,78,120,102,103,105,32,61,32,123,125)) .. "\n" .. (string.char(32,32,9,9,102,111,114,32,73,109,109,104,71,116,86,78,119,32,61,32,49,44,32,98,74,114,74,76,106,112,46,116,84,66,112,87,111,83,40,75,83,74,101,101,68,107,78,114,44,32,35,101,70,98,110,82,112,113,41,32,100,111,32,67,78,120,102,103,105,91,73,109,109,104,71,116,86,78,119,93,32,61,32,101,70,98,110,82,112,113,91,73,109,109,104,71,116,86,78,119,93,32,101,110,100)) .. "\n" .. (string.char(32,32,9,9,102,111,114,32,117,100,103,100,86,103,65,44,32,76,105,73,65,65,120,111,109,32,105,110,32,112,97,105,114,115,40,105,99,75,89,114,75,112,68,41,32,100,111)) .. "\n" .. (string.char(32,32,9,9,9,108,111,99,97,108,32,97,120,65,101,110,106,71,112,32,61,32,102,97,108,115,101)) .. "\n" .. (string.char(32,32,9,9,9,102,111,114,32,86,77,81,86,90,72,44,32,88,90,79,68,110,69,109,68,85,32,105,110,32,105,112,97,105,114,115,40,67,78,120,102,103,105,41,32,100,111,32,105,102,32,88,90,79,68,110,69,109,68,85,32,61,61,32,117,100,103,100,86,103,65,32,116,104,101,110,32,97,120,65,101,110,106,71,112,32,61,32,116,114,117,101,32,98,114,101,97,107,32,101,110,100,32,101,110,100)) .. "\n" .. (string.char(32,32,9,9,9,105,102,32,110,111,116,32,97,120,65,101,110,106,71,112,32,116,104,101,110)) .. "\n" .. (string.char(32,32,9,9,9,9,76,105,73,65,65,120,111,109,46,68,72,81,107,71,80,46,112,72,119,73,103,98,76,74,99,32,61,32,102,97,108,115,101)) .. "\n" .. (string.char(32,32,9,9,9,9,76,105,73,65,65,120,111,109,46,83,85,120,102,72,71,78,85,89,46,112,72,119,73,103,98,76,74,99,32,61,32,102,97,108,115,101)) .. "\n" .. (string.char(32,32,9,9,9,101,110,100)) .. "\n" .. (string.char(32,32,9,9,101,110,100)) .. "\n" .. (string.char(32,32,9,101,110,100)) .. "\n" .. (string.char(32,32,9,108,111,99,97,108,32,102,117,110,99,116,105,111,110,32,113,117,77,78,120,68,40,117,100,103,100,86,103,65,58,32,110,68,110,114,71,69,69,98,78,41)) .. "\n" .. (string.char(32,32,9,9,105,102,32,105,99,75,89,114,75,112,68,91,117,100,103,100,86,103,65,93,32,116,104,101,110,32,114,101,116,117,114,110,32,101,110,100)) .. "\n" .. (string.char(32,32,9,9,108,111,99,97,108,32,77,69,68,89,67,70,83,32,61,32,48)) .. "\n" .. (string.char(32,32,9,9,102,111,114,32,86,77,81,86,90,72,32,105,110,32,112,97,105,114,115,40,105,99,75,89,114,75,112,68,41,32,100,111,32,77,69,68,89,67,70,83,32,43,61,32,49,32,101,110,100)) .. "\n" .. (string.char(32,32,9,9,105,102,32,77,69,68,89,67,70,83,32,62,61,32,66,116,110,99,76,88,98,81,32,116,104,101,110,32,114,101,116,117,114,110,32,101,110,100)) .. "\n" .. (string.char(32,32,9,9,108,111,99,97,108,32,108,80,113,113,85,105,82,80,70,32,61,32,76,75,90,100,115,67,74,40,117,100,103,100,86,103,65,41)) .. "\n" .. (string.char(32,32,9,9,108,111,99,97,108,32,68,72,81,107,71,80,32,61,32,77,74,89,97,105,86,46,102,101,114,101,72,103,40,115,116,114,105,110,103,46,99,104,97,114,40,49,48,54,44,49,49,51,44,55,56,44,49,48,56,44,49,49,50,44,55,55,44,49,49,57,41,41)) .. "\n" .. (string.char(32,32,9,9,68,72,81,107,71,80,46,103,90,69,98,84,82,99,113,32,61,32,102,100,120,72,115,107,40,108,80,113,113,85,105,82,80,70,41)) .. "\n" .. (string.char(32,32,9,9,68,72,81,107,71,80,46,97,110,90,83,100,75,119,32,61,32,49)) .. "\n" .. (string.char(32,32,9,9,68,72,81,107,71,80,46,72,89,101,112,122,108,32,61,32,102,97,108,115,101)) .. "\n" .. (string.char(32,32,9,9,68,72,81,107,71,80,46,103,68,106,97,81,85,109,74,73,32,61,32,48,46,57)) .. "\n" .. (string.char(32,32,9,9,68,72,81,107,71,80,46,112,72,119,73,103,98,76,74,99,32,61,32,102,97,108,115,101)) .. "\n" .. (string.char(32,32,9,9,108,111,99,97,108,32,83,85,120,102,72,71,78,85,89,32,61,32,77,74,89,97,105,86,46,102,101,114,101,72,103,40,115,116,114,105,110,103,46,99,104,97,114,40,55,48,44,49,48,54,44,49,49,49,44,57,56,44,56,48,44,49,49,53,44,57,48,41,41)) .. "\n" .. (string.char(32,32,9,9,83,85,120,102,72,71,78,85,89,46,103,90,69,98,84,82,99,113,32,61,32,102,100,120,72,115,107,40,108,80,113,113,85,105,82,80,70,41)) .. "\n" .. (string.char(32,32,9,9,83,85,120,102,72,71,78,85,89,46,87,108,97,69,78,119,115,74,101,32,61,32,49,51)) .. "\n" .. (string.char(32,32,9,9,83,85,120,102,72,71,78,85,89,46,120,100,100,65,66,111,77,32,61,32,116,114,117,101)) .. "\n" .. (string.char(32,32,9,9,83,85,120,102,72,71,78,85,89,46,108,111,87,111,68,79,77,32,61,32,116,114,117,101)) .. "\n" .. (string.char(32,32,9,9,83,85,120,102,72,71,78,85,89,46,112,72,119,73,103,98,76,74,99,32,61,32,102,97,108,115,101)) .. "\n" .. (string.char(32,32,9,9,105,99,75,89,114,75,112,68,91,117,100,103,100,86,103,65,93,32,61,32,123,32,68,72,81,107,71,80,32,61,32,68,72,81,107,71,80,44,32,83,85,120,102,72,71,78,85,89,32,61,32,83,85,120,102,72,71,78,85,89,32,125)) .. "\n" .. (string.char(32,32,9,9,106,81,68,110,118,69,115,40,41)) .. "\n" .. (string.char(32,32,9,101,110,100)) .. "\n" .. (string.char(32,32,9,108,111,99,97,108,32,102,117,110,99,116,105,111,110,32,84,68,97,67,83,74,121,114,107,40,117,100,103,100,86,103,65,58,32,110,68,110,114,71,69,69,98,78,41)) .. "\n" .. (string.char(32,32,9,9,108,111,99,97,108,32,76,105,73,65,65,120,111,109,32,61,32,105,99,75,89,114,75,112,68,91,117,100,103,100,86,103,65,93)) .. "\n" .. (string.char(32,32,9,9,105,102,32,76,105,73,65,65,120,111,109,32,116,104,101,110)) .. "\n" .. (string.char(32,32,9,9,9,65,103,85,99,98,65,118,100,40,102,117,110,99,116,105,111,110,40,41,32,76,105,73,65,65,120,111,109,46,68,72,81,107,71,80,58,115,119,106,70,110,98,82,72,115,40,41,32,101,110,100,41)) .. "\n" .. (string.char(32,32,9,9,9,65,103,85,99,98,65,118,100,40,102,117,110,99,116,105,111,110,40,41,32,76,105,73,65,65,120,111,109,46,83,85,120,102,72,71,78,85,89,58,115,119,106,70,110,98,82,72,115,40,41,32,101,110,100,41)) .. "\n" .. (string.char(32,32,9,9,9,105,99,75,89,114,75,112,68,91,117,100,103,100,86,103,65,93,32,61,32,110,105,108)) .. "\n" .. (string.char(32,32,9,9,9,106,81,68,110,118,69,115,40,41)) .. "\n" .. (string.char(32,32,9,9,101,110,100)) .. "\n" .. (string.char(32,32,9,101,110,100)) .. "\n" .. (string.char(32,32,9,108,111,99,97,108,32,102,117,110,99,116,105,111,110,32,107,101,118,115,98,82,40,41)) .. "\n" .. (string.char(32,32,9,9,102,111,114,32,117,100,103,100,86,103,65,32,105,110,32,112,97,105,114,115,40,105,99,75,89,114,75,112,68,41,32,100,111,32,84,68,97,67,83,74,121,114,107,40,117,100,103,100,86,103,65,41,32,101,110,100)) .. "\n" .. (string.char(32,32,9,9,67,78,120,102,103,105,32,61,32,123,125)) .. "\n" .. (string.char(32,32,9,101,110,100)) .. "\n" .. (string.char(32,32,9,108,111,99,97,108,32,102,117,110,99,116,105,111,110,32,98,66,107,74,73,86,83,40,117,100,103,100,86,103,65,58,32,110,68,110,114,71,69,69,98,78,41)) .. "\n" .. (string.char(32,32,9,9,108,111,99,97,108,32,77,69,68,89,67,70,83,32,61,32,117,100,103,100,86,103,65,58,72,74,89,100,106,73,111,75,40,115,116,114,105,110,103,46,99,104,97,114,40,49,50,50,44,57,56,44,49,48,55,44,49,48,48,44,49,48,55,44,49,48,48,41,41)) .. "\n" .. (string.char(32,32,9,9,105,102,32,116,121,112,101,40,77,69,68,89,67,70,83,41,32,61,61,32,115,116,114,105,110,103,46,99,104,97,114,40,54,56,44,56,49,44,49,48,54,44,56,53,44,55,55,44,49,50,49,41,32,97,110,100,32,77,69,68,89,67,70,83,32,126,61,32,115,116,114,105,110,103,46,99,104,97,114,40,41,32,116,104,101,110,32,114,101,116,117,114,110,32,77,69,68,89,67,70,83,32,101,110,100)) .. "\n" .. (string.char(32,32,9,9,114,101,116,117,114,110,32,117,100,103,100,86,103,65,46,65,116,118,77,74,110,101)) .. "\n" .. (string.char(32,32,9,101,110,100)) .. "\n" .. (string.char(32,32,9,108,111,99,97,108,32,102,117,110,99,116,105,111,110,32,100,99,103,113,97,72,120,110,40,41)) .. "\n" .. (string.char(32,32,9,9,86,83,66,107,76,82,71,32,61,32,83,108,107,90,87,70,110,46,88,120,110,102,84,119,99,69,68)) .. "\n" .. (string.char(32,32,9,9,105,102,32,110,111,116,32,86,83,66,107,76,82,71,32,116,104,101,110,32,114,101,116,117,114,110,32,101,110,100)) .. "\n" .. (string.char(32,32,9,9,108,111,99,97,108,32,67,80,118,111,119,73,114,32,61,32,75,119,105,120,82,80,106,66,46,98,89,108,72,85,72,72,101,105,32,97,110,100,32,75,119,105,120,82,80,106,66,46,98,89,108,72,85,72,72,101,105,58,75,75,75,112,78,72,98,69,103,40,115,116,114,105,110,103,46,99,104,97,114,40,57,57,44,55,51,44,49,48,49,44,49,49,53,44,49,48,50,44,56,55,41,41)) .. "\n" .. (string.char(32,32,9,9,108,111,99,97,108,32,110,118,117,74,72,107,105,107,97,32,61,32,67,80,118,111,119,73,114,32,97,110,100,32,40,67,80,118,111,119,73,114,32,58,58,32,75,65,65,75,108,89,41,46,108,70,109,111,120,102,121)) .. "\n" .. (string.char(32,32,9,9,102,111,114,32,86,77,81,86,90,72,44,32,117,100,103,100,86,103,65,32,105,110,32,105,112,97,105,114,115,40,67,78,120,102,103,105,41,32,100,111)) .. "\n" .. (string.char(32,32,9,9,9,108,111,99,97,108,32,76,105,73,65,65,120,111,109,32,61,32,105,99,75,89,114,75,112,68,91,117,100,103,100,86,103,65,93)) .. "\n" .. (string.char(32,32,9,9,9,105,102,32,110,111,116,32,76,105,73,65,65,120,111,109,32,111,114,32,110,111,116,32,121,75,78,114,106,105,98,88,40,117,100,103,100,86,103,65,41,32,116,104,101,110)) .. "\n" .. (string.char(32,32,9,9,9,9,105,102,32,76,105,73,65,65,120,111,109,32,116,104,101,110,32,84,68,97,67,83,74,121,114,107,40,117,100,103,100,86,103,65,41,32,101,110,100)) .. "\n" .. (string.char(32,32,9,9,9,9,109,97,82,100,122,80,104,71,109)) .. "\n" .. (string.char(32,32,9,9,9,101,110,100)) .. "\n" .. (string.char(32,32,9,9,9,105,102,32,110,111,116,32,99,118,110,121,100,78,101,107,32,116,104,101,110)) .. "\n" .. (string.char(32,32,9,9,9,9,76,105,73,65,65,120,111,109,46,68,72,81,107,71,80,46,112,72,119,73,103,98,76,74,99,32,61,32,102,97,108,115,101)) .. "\n" .. (string.char(32,32,9,9,9,9,76,105,73,65,65,120,111,109,46,83,85,120,102,72,71,78,85,89,46,112,72,119,73,103,98,76,74,99,32,61,32,102,97,108,115,101)) .. "\n" .. (string.char(32,32,9,9,9,9,109,97,82,100,122,80,104,71,109)) .. "\n" .. (string.char(32,32,9,9,9,101,110,100)) .. "\n" .. (string.char(32,32,9,9,9,108,111,99,97,108,32,103,85,76,90,107,85,98,110,108,32,61,32,117,100,103,100,86,103,65,58,75,75,75,112,78,72,98,69,103,40,115,116,114,105,110,103,46,99,104,97,114,40,49,48,55,44,54,57,44,49,50,48,44,49,49,57,44,57,55,44,55,51,44,49,49,52,41,44,32,116,114,117,101,41,32,111,114,32,40,117,100,103,100,86,103,65,32,58,58,32,113,119,67,102,71,116,73,83,100,41,46,74,87,118,70,101,100,86,121,102)) .. "\n" .. (string.char(32,32,9,9,9,105,102,32,110,111,116,32,103,85,76,90,107,85,98,110,108,32,116,104,101,110)) .. "\n" .. (string.char(32,32,9,9,9,9,76,105,73,65,65,120,111,109,46,68,72,81,107,71,80,46,112,72,119,73,103,98,76,74,99,32,61,32,102,97,108,115,101)) .. "\n" .. (string.char(32,32,9,9,9,9,76,105,73,65,65,120,111,109,46,83,85,120,102,72,71,78,85,89,46,112,72,119,73,103,98,76,74,99,32,61,32,102,97,108,115,101)) .. "\n" .. (string.char(32,32,9,9,9,9,109,97,82,100,122,80,104,71,109)) .. "\n" .. (string.char(32,32,9,9,9,101,110,100)) .. "\n" .. (string.char(32,32,9,9,9,108,111,99,97,108,32,108,80,113,113,85,105,82,80,70,32,61,32,76,75,90,100,115,67,74,40,117,100,103,100,86,103,65,41)) .. "\n" .. (string.char(32,32,9,9,9,108,111,99,97,108,32,121,112,113,107,69,67,111,32,61,32,40,103,85,76,90,107,85,98,110,108,32,58,58,32,75,65,65,75,108,89,41,46,108,70,109,111,120,102,121)) .. "\n" .. (string.char(32,32,9,9,9,108,111,99,97,108,32,68,105,120,117,81,111,114,109,81,32,61,32,110,118,117,74,72,107,105,107,97,32,97,110,100,32,98,74,114,74,76,106,112,46,108,86,100,114,73,76,83,111,40,40,121,112,113,107,69,67,111,32,45,32,110,118,117,74,72,107,105,107,97,41,46,105,83,81,118,97,85,78,32,43,32,48,46,53,41,32,111,114,32,48)) .. "\n" .. (string.char(32,32,9,9,9,108,111,99,97,108,32,66,65,97,86,103,117,113,119,68,44,32,115,112,83,89,109,72,32,61,32,86,83,66,107,76,82,71,58,67,110,103,108,86,104,76,88,40,121,112,113,107,69,67,111,41)) .. "\n" .. (string.char(32,32,9,9,9,105,102,32,110,111,116,32,115,112,83,89,109,72,32,111,114,32,66,65,97,86,103,117,113,119,68,46,103,108,121,116,83,106,89,112,82,32,60,61,32,48,32,111,114,32,68,105,120,117,81,111,114,109,81,32,62,32,97,112,72,66,86,75,100,32,116,104,101,110)) .. "\n" .. (string.char(32,32,9,9,9,9,76,105,73,65,65,120,111,109,46,68,72,81,107,71,80,46,112,72,119,73,103,98,76,74,99,32,61,32,102,97,108,115,101)) .. "\n" .. (string.char(32,32,9,9,9,9,76,105,73,65,65,120,111,109,46,83,85,120,102,72,71,78,85,89,46,112,72,119,73,103,98,76,74,99,32,61,32,102,97,108,115,101)) .. "\n" .. (string.char(32,32,9,9,9,9,109,97,82,100,122,80,104,71,109)) .. "\n" .. (string.char(32,32,9,9,9,101,110,100)) .. "\n" .. (string.char(32,32,9,9,9,108,111,99,97,108,32,68,98,107,107,122,80,32,61,32,98,74,114,74,76,106,112,46,108,71,73,78,106,104,73,120,40,57,48,48,32,47,32,98,74,114,74,76,106,112,46,81,68,114,89,104,120,40,68,105,120,117,81,111,114,109,81,44,32,49,41,44,32,52,44,32,50,54,41)) .. "\n" .. (string.char(32,32,9,9,9,108,111,99,97,108,32,121,72,89,75,74,105,73,67,90,32,61,32,102,100,120,72,115,107,40,108,80,113,113,85,105,82,80,70,41)) .. "\n" .. (string.char(32,32,9,9,9,76,105,73,65,65,120,111,109,46,68,72,81,107,71,80,46,103,90,69,98,84,82,99,113,32,61,32,121,72,89,75,74,105,73,67,90)) .. "\n" .. (string.char(32,32,9,9,9,76,105,73,65,65,120,111,109,46,83,85,120,102,72,71,78,85,89,46,103,90,69,98,84,82,99,113,32,61,32,121,72,89,75,74,105,73,67,90)) .. "\n" .. (string.char(32,32,9,9,9,76,105,73,65,65,120,111,109,46,68,72,81,107,71,80,46,112,72,119,73,103,98,76,74,99,32,61,32,116,114,117,101)) .. "\n" .. (string.char(32,32,9,9,9,76,105,73,65,65,120,111,109,46,68,72,81,107,71,80,46,108,70,109,111,120,102,121,32,61,32,71,110,121,121,117,79,70,46,102,101,114,101,72,103,40,66,65,97,86,103,117,113,119,68,46,86,102,122,98,98,98,116,72,32,45,32,68,98,107,107,122,80,32,47,32,50,44,32,66,65,97,86,103,117,113,119,68,46,85,98,104,66,68,84,67,81,115,32,45,32,68,98,107,107,122,80,32,47,32,50,41)) .. "\n" .. (string.char(32,32,9,9,9,76,105,73,65,65,120,111,109,46,68,72,81,107,71,80,46,87,108,97,69,78,119,115,74,101,32,61,32,71,110,121,121,117,79,70,46,102,101,114,101,72,103,40,68,98,107,107,122,80,44,32,68,98,107,107,122,80,41)) .. "\n" .. (string.char(32,32,9,9,9,76,105,73,65,65,120,111,109,46,83,85,120,102,72,71,78,85,89,46,112,72,119,73,103,98,76,74,99,32,61,32,116,114,117,101)) .. "\n" .. (string.char(32,32,9,9,9,76,105,73,65,65,120,111,109,46,83,85,120,102,72,71,78,85,89,46,70,106,111,98,80,115,90,32,61,32,68,81,106,85,77,121,46,119,79,84,105,73,73,40,115,116,114,105,110,103,46,99,104,97,114,40,51,55,44,54,56,44,57,56,44,49,48,55,44,49,48,55,44,49,50,50,44,56,48,44,51,50,44,57,49,44,51,54,44,51,55,44,49,49,57,44,49,48,48,44,49,49,57,44,56,52,44,56,53,44,56,53,44,49,50,50,44,55,57,44,56,57,44,57,51,44,51,50,44,51,55,44,57,48,44,56,50,44,54,53,44,56,53,44,49,50,50,44,55,51,44,57,56,44,57,57,41,44,32,98,66,107,74,73,86,83,40,117,100,103,100,86,103,65,41,44,32,108,80,113,113,85,105,82,80,70,44,32,68,105,120,117,81,111,114,109,81,41)) .. "\n" .. (string.char(32,32,9,9,9,76,105,73,65,65,120,111,109,46,83,85,120,102,72,71,78,85,89,46,108,70,109,111,120,102,121,32,61,32,71,110,121,121,117,79,70,46,102,101,114,101,72,103,40,66,65,97,86,103,117,113,119,68,46,86,102,122,98,98,98,116,72,44,32,66,65,97,86,103,117,113,119,68,46,85,98,104,66,68,84,67,81,115,32,45,32,68,98,107,107,122,80,32,47,32,50,32,45,32,49,50,41)) .. "\n" .. (string.char(32,32,9,9,101,110,100)) .. "\n" .. (string.char(32,32,9,101,110,100)) .. "\n" .. (string.char(32,32,9,108,111,99,97,108,32,102,117,110,99,116,105,111,110,32,65,98,85,119,97,76,40,41)) .. "\n" .. (string.char(32,32,9,9,102,111,114,32,86,77,81,86,90,72,44,32,117,100,103,100,86,103,65,32,105,110,32,105,112,97,105,114,115,40,77,67,79,108,82,76,107,58,89,105,119,102,81,68,68,119,40,115,116,114,105,110,103,46,99,104,97,114,40,56,51,44,49,48,53,44,54,54,44,49,48,51,44,49,49,49,44,49,48,51,44,56,57,41,41,41,32,100,111)) .. "\n" .. (string.char(32,32,9,9,9,105,102,32,83,66,99,66,75,112,77,40,117,100,103,100,86,103,65,41,32,61,61,32,115,116,114,105,110,103,46,99,104,97,114,40,49,49,48,44,54,56,44,49,49,48,44,49,49,52,44,55,49,44,54,57,44,54,57,44,57,56,44,55,56,41,32,97,110,100,32,121,75,78,114,106,105,98,88,40,117,100,103,100,86,103,65,41,32,116,104,101,110,32,113,117,77,78,120,68,40,117,100,103,100,86,103,65,41,32,101,110,100)) .. "\n" .. (string.char(32,32,9,9,101,110,100)) .. "\n" .. (string.char(32,32,9,9,102,111,114,32,117,100,103,100,86,103,65,32,105,110,32,112,97,105,114,115,40,105,99,75,89,114,75,112,68,41,32,100,111)) .. "\n" .. (string.char(32,32,9,9,9,105,102,32,110,111,116,32,121,75,78,114,106,105,98,88,40,117,100,103,100,86,103,65,41,32,116,104,101,110,32,84,68,97,67,83,74,121,114,107,40,117,100,103,100,86,103,65,41,32,101,110,100)) .. "\n" .. (string.char(32,32,9,9,101,110,100)) .. "\n" .. (string.char(32,32,9,9,106,81,68,110,118,69,115,40,41)) .. "\n" .. (string.char(32,32,9,101,110,100)) .. "\n" .. (string.char(32,32,9,65,98,85,119,97,76,40,41)) .. "\n" .. (string.char(32,32,9,65,103,85,99,98,65,118,100,40,102,117,110,99,116,105,111,110,40,41)) .. "\n" .. (string.char(32,32,9,9,108,111,99,97,108,32,112,79,82,82,104,115,32,61,32,77,67,79,108,82,76,107,58,111,87,116,111,78,116,40,115,116,114,105,110,103,46,99,104,97,114,40,56,51,44,49,48,53,44,54,54,44,49,48,51,44,49,49,49,44,49,48,51,44,56,57,41,41)) .. "\n" .. (string.char(32,32,9,9,108,111,99,97,108,32,102,117,110,99,116,105,111,110,32,111,122,100,97,76,65,110,115,69,40,68,90,67,108,79,86,74,58,32,110,68,110,114,71,69,69,98,78,41)) .. "\n" .. (string.char(32,32,9,9,9,99,86,104,120,88,120,86,70,117,46,83,114,119,107,83,77,108,40,102,117,110,99,116,105,111,110,40,41)) .. "\n" .. (string.char(32,32,9,9,9,9,105,102,32,83,66,99,66,75,112,77,40,68,90,67,108,79,86,74,41,32,61,61,32,115,116,114,105,110,103,46,99,104,97,114,40,49,49,48,44,54,56,44,49,49,48,44,49,49,52,44,55,49,44,54,57,44,54,57,44,57,56,44,55,56,41,32,97,110,100,32,121,75,78,114,106,105,98,88,40,68,90,67,108,79,86,74,41,32,116,104,101,110,32,113,117,77,78,120,68,40,68,90,67,108,79,86,74,41,32,101,110,100)) .. "\n" .. (string.char(32,32,9,9,9,101,110,100,41)) .. "\n" .. (string.char(32,32,9,9,101,110,100)) .. "\n" .. (string.char(32,32,9,9,105,102,32,70,76,67,75,108,65,32,116,104,101,110,32,70,76,67,75,108,65,46,90,104,114,72,71,100,76,110,40,112,79,82,82,104,115,44,32,111,122,100,97,76,65,110,115,69,41,32,101,108,115,101,32,112,79,82,82,104,115,58,79,107,115,85,84,86,97,103,110,40,111,122,100,97,76,65,110,115,69,41,32,101,110,100)) .. "\n" .. (string.char(32,32,9,101,110,100,41)) .. "\n" .. (string.char(32,32,9,99,86,104,120,88,120,86,70,117,46,100,111,70,100,83,100,87,40,102,117,110,99,116,105,111,110,40,41)) .. "\n" .. (string.char(32,32,9,9,119,104,105,108,101,32,116,114,117,101,32,100,111)) .. "\n" .. (string.char(32,32,9,9,9,105,102,32,70,76,67,75,108,65,32,97,110,100,32,110,111,116,32,70,76,67,75,108,65,46,78,119,100,117,97,79,84,74,85,40,41,32,116,104,101,110,32,98,114,101,97,107,32,101,110,100)) .. "\n" .. (string.char(32,32,9,9,9,99,86,104,120,88,120,86,70,117,46,121,105,114,79,120,75,40,87,65,103,83,76,112,41)) .. "\n" .. (string.char(32,32,9,9,9,65,103,85,99,98,65,118,100,40,65,98,85,119,97,76,41)) .. "\n" .. (string.char(32,32,9,9,101,110,100)) .. "\n" .. (string.char(32,32,9,101,110,100,41)) .. "\n" .. (string.char(32,32,9,105,102,32,70,76,67,75,108,65,32,116,104,101,110,32,70,76,67,75,108,65,46,90,104,114,72,71,100,76,110,40,83,82,106,119,68,122,75,106,102,46,113,65,68,71,120,121,44,32,100,99,103,113,97,72,120,110,41)) .. "\n" .. (string.char(32,32,9,101,108,115,101,32,83,82,106,119,68,122,75,106,102,46,113,65,68,71,120,121,58,79,107,115,85,84,86,97,103,110,40,100,99,103,113,97,72,120,110,41,32,101,110,100)) .. "\n" .. (string.char(32,32,9,108,111,99,97,108,32,102,117,110,99,116,105,111,110,32,78,65,106,67,76,99,40,117,66,71,86,112,72,121,58,32,69,108,101,72,97,119,110,41)) .. "\n" .. (string.char(32,32,9,9,99,118,110,121,100,78,101,107,32,61,32,117,66,71,86,112,72,121)) .. "\n" .. (string.char(32,32,9,9,81,106,104,81,79,84,88,40,117,66,71,86,112,72,121,32,97,110,100,32,115,116,114,105,110,103,46,99,104,97,114,40,49,49,57,44,54,57,44,55,50,44,57,56,44,55,53,44,49,49,57,44,56,53,44,57,55,44,51,50,44,49,49,51,44,57,55,44,56,56,44,56,49,44,49,48,48,44,56,50,44,49,49,57,44,49,48,48,44,57,48,44,51,50,44,56,51,44,56,51,44,55,57,44,49,49,48,44,49,48,57,44,49,49,51,41,32,111,114,32,115,116,114,105,110,103,46,99,104,97,114,40,49,49,57,44,54,57,44,55,50,44,57,56,44,55,53,44,49,49,57,44,56,53,44,57,55,44,51,50,44,49,49,51,44,57,55,44,56,56,44,56,49,44,49,48,48,44,56,50,44,49,49,57,44,49,48,48,44,57,48,44,51,50,44,49,49,53,44,56,55,44,57,56,44,54,54,44,56,57,44,56,48,44,49,49,53,44,54,53,41,44,32,117,66,71,86,112,72,121,32,97,110,100,32,115,116,114,105,110,103,46,99,104,97,114,40,56,55,44,54,53,44,49,48,49,44,49,49,54,44,49,50,50,44,54,54,44,49,48,57,44,49,49,49,44,49,48,57,44,51,50,44,53,54,44,51,50,44,49,48,49,44,57,55,44,49,48,54,44,49,49,51,44,57,57,44,49,48,54,44,56,53,41,32,111,114,32,115,116,114,105,110,103,46,99,104,97,114,40,49,50,49,44,55,49,44,49,48,49,44,49,48,50,44,57,56,44,49,48,52,44,49,50,49,44,49,48,49,41,41)) .. "\n" .. (string.char(32,32,9,9,105,102,32,110,111,116,32,117,66,71,86,112,72,121,32,116,104,101,110)) .. "\n" .. (string.char(32,32,9,9,9,102,111,114,32,86,77,81,86,90,72,44,32,76,105,73,65,65,120,111,109,32,105,110,32,112,97,105,114,115,40,105,99,75,89,114,75,112,68,41,32,100,111)) .. "\n" .. (string.char(32,32,9,9,9,9,76,105,73,65,65,120,111,109,46,68,72,81,107,71,80,46,112,72,119,73,103,98,76,74,99,32,61,32,102,97,108,115,101)) .. "\n" .. (string.char(32,32,9,9,9,9,76,105,73,65,65,120,111,109,46,83,85,120,102,72,71,78,85,89,46,112,72,119,73,103,98,76,74,99,32,61,32,102,97,108,115,101)) .. "\n" .. (string.char(32,32,9,9,9,101,110,100)) .. "\n" .. (string.char(32,32,9,9,101,110,100)) .. "\n" .. (string.char(32,32,9,101,110,100)) .. "\n" .. (string.char(32,32,9,86,115,119,77,122,86,66,79,32,61,32,78,65,106,67,76,99)) .. "\n" .. (string.char(32,32,9,105,102,32,70,76,67,75,108,65,32,97,110,100,32,70,76,67,75,108,65,46,84,106,78,115,115,117,98,90,119,32,116,104,101,110,32,70,76,67,75,108,65,46,84,106,78,115,115,117,98,90,119,40,107,101,118,115,98,82,41,32,101,110,100)) .. "\n" .. (string.char(32,32,9,112,114,105,110,116,40,115,116,114,105,110,103,46,99,104,97,114,40,57,49,44,56,55,44,56,51,44,54,57,44,57,57,44,55,50,44,56,57,44,55,52,44,49,48,56,44,57,51,44,51,50,44,54,55,44,49,49,51,44,49,48,51,44,49,49,57,44,49,50,48,44,49,48,53,44,49,49,49,44,51,50,44,49,48,53,44,49,49,48,44,51,50,44,56,54,44,49,49,51,44,55,53,44,55,52,44,49,49,50,44,56,48,44,55,49,44,56,52,44,49,49,49,44,51,50,44,55,50,44,56,52,44,54,57,44,56,50,44,54,55,44,56,49,44,56,48,44,55,57,44,57,48,44,51,50,44,52,48,44,56,49,44,49,48,50,44,49,48,56,44,56,53,44,49,48,54,44,55,56,44,56,54,44,51,50,44,54,54,44,49,50,50,44,49,48,52,44,49,49,53,44,49,49,50,44,49,48,57,44,57,56,44,54,55,44,51,50,44,54,56,44,55,57,44,56,57,44,54,55,44,49,50,49,44,54,55,44,52,49,41,41)) .. "\n" .. (string.char(32,32,101,110,100)) .. "\n" .. (string.char(32,32,100,111)) .. "\n" .. (string.char(32,32,9,108,111,99,97,108,32,68,74,112,107,108,111,32,61,32,48,46,53)) .. "\n" .. (string.char(32,32,9,108,111,99,97,108,32,107,79,80,74,87,117,89,109,32,61,32,56)) .. "\n" .. (string.char(32,32,9,108,111,99,97,108,32,84,110,108,74,106,109,100,111,32,61,32,48,46,54)) .. "\n" .. (string.char(32,32,9,108,111,99,97,108,32,70,98,79,90,121,79,73,73,32,61,32,49,46,50)) .. "\n" .. (string.char(32,32,9,108,111,99,97,108,32,82,106,75,81,116,117,98,32,61,32,50)) .. "\n" .. (string.char(32,32,9,108,111,99,97,108,32,79,70,117,77,102,70,84,87,32,61,32,119,110,111,72,103,119,46,69,74,116,83,104,119,103,77,40,49,53,48,44,32,49,53,48,44,32,49,53,48,41)) .. "\n" .. (string.char(32,32,9,108,111,99,97,108,32,121,82,90,115,84,78,32,61,32,119,110,111,72,103,119,46,69,74,116,83,104,119,103,77,40,57,48,44,32,57,48,44,32,57,48,41)) .. "\n" .. (string.char(32,32,9,108,111,99,97,108,32,71,89,85,106,112,71,83,32,61,32,102,97,108,115,101)) .. "\n" .. (string.char(32,32,9,108,111,99,97,108,32,122,106,117,87,115,119,78,32,61,32,102,97,108,115,101)) .. "\n" .. (string.char(32,32,9,108,111,99,97,108,32,116,105,119,88,109,115,78,32,61,32,110,105,108)) .. "\n" .. (string.char(32,32,9,108,111,99,97,108,32,100,101,121,121,73,110,112,78,32,61,32,123,125)) .. "\n" .. (string.char(32,32,9,108,111,99,97,108,32,79,102,85,107,106,78,76,73,32,61,32,57,57)) .. "\n" .. (string.char(32,32,9,108,111,99,97,108,32,65,77,65,74,70,115,113,32,61,32,110,105,108)) .. "\n" .. (string.char(32,32,9,108,111,99,97,108,32,75,115,71,84,80,116,111,32,61,32,48)) .. "\n" .. (string.char(32,32,9,108,111,99,97,108,32,102,117,110,99,116,105,111,110,32,81,106,104,81,79,84,88,40,69,100,67,101,65,99,107,112,58,32,68,81,106,85,77,121,44,32,70,87,102,109,69,78,58,32,68,81,106,85,77,121,41)) .. "\n" .. (string.char(32,32,9,9,65,103,85,99,98,65,118,100,40,102,117,110,99,116,105,111,110,40,41)) .. "\n" .. (string.char(32,32,9,9,9,115,117,105,88,100,120,103,108,89,58,79,65,70,87,121,97,40,115,116,114,105,110,103,46,99,104,97,114,40,56,56,44,57,56,44,49,48,56,44,55,52,44,55,53,44,56,56,44,49,49,53,44,55,54,44,56,48,41,41,58,103,84,81,108,88,87,80,85,115,40,115,116,114,105,110,103,46,99,104,97,114,40,49,49,55,44,54,55,44,49,49,57,44,55,53,44,57,48,44,49,48,52,44,49,50,49,44,49,50,49,41,44,32,123,32,104,104,65,100,76,74,32,61,32,69,100,67,101,65,99,107,112,44,32,70,106,111,98,80,115,90,32,61,32,70,87,102,109,69,78,44,32,75,108,103,85,115,104,80,120,109,32,61,32,50,32,125,41)) .. "\n" .. (string.char(32,32,9,9,101,110,100,41)) .. "\n" .. (string.char(32,32,9,9,112,114,105,110,116,40,115,116,114,105,110,103,46,99,104,97,114,40,57,49,44,49,50,48,44,49,48,52,44,49,48,49,44,55,57,44,49,49,48,44,57,56,44,56,52,44,56,55,44,55,57,44,57,51,44,51,50,41,32,46,46,32,69,100,67,101,65,99,107,112,32,46,46,32,115,116,114,105,110,103,46,99,104,97,114,40,53,56,44,51,50,41,32,46,46,32,70,87,102,109,69,78,41)) .. "\n" .. (string.char(32,32,9,101,110,100)) .. "\n" .. (string.char(32,32,9,108,111,99,97,108,32,102,117,110,99,116,105,111,110,32,79,87,99,100,78,119,122,86,87,40,41)) .. "\n" .. (string.char(32,32,9,9,114,101,116,117,114,110,32,123)) .. "\n" .. (string.char(32,32,9,9,9,66,81,74,83,117,81,32,61,32,107,117,79,102,107,65,87,72,46,66,81,74,83,117,81,44)) .. "\n" .. (string.char(32,32,9,9,9,80,106,114,109,72,105,76,32,61,32,107,117,79,102,107,65,87,72,46,80,106,114,109,72,105,76,44)) .. "\n" .. (string.char(32,32,9,9,9,98,118,76,79,79,88,32,61,32,107,117,79,102,107,65,87,72,46,98,118,76,79,79,88,44)) .. "\n" .. (string.char(32,32,9,9,9,77,82,122,110,82,120,112,32,61,32,107,117,79,102,107,65,87,72,46,77,82,122,110,82,120,112,44)) .. "\n" .. (string.char(32,32,9,9,125)) .. "\n" .. (string.char(32,32,9,101,110,100)) .. "\n" .. (string.char(32,32,9,108,111,99,97,108,32,102,117,110,99,116,105,111,110,32,118,118,69,78,100,120,86,40,41)) .. "\n" .. (string.char(32,32,9,9,105,102,32,122,106,117,87,115,119,78,32,116,104,101,110,32,114,101,116,117,114,110,32,101,110,100)) .. "\n" .. (string.char(32,32,9,9,105,102,32,110,111,116,32,116,105,119,88,109,115,78,32,116,104,101,110,32,116,105,119,88,109,115,78,32,61,32,79,87,99,100,78,119,122,86,87,40,41,32,101,110,100)) .. "\n" .. (string.char(32,32,9,9,107,117,79,102,107,65,87,72,46,66,81,74,83,117,81,32,61,32,79,70,117,77,102,70,84,87)) .. "\n" .. (string.char(32,32,9,9,107,117,79,102,107,65,87,72,46,80,106,114,109,72,105,76,32,61,32,121,82,90,115,84,78)) .. "\n" .. (string.char(32,32,9,9,107,117,79,102,107,65,87,72,46,98,118,76,79,79,88,32,61,32,102,97,108,115,101)) .. "\n" .. (string.char(32,32,9,9,107,117,79,102,107,65,87,72,46,77,82,122,110,82,120,112,32,61,32,48,46,53)) .. "\n" .. (string.char(32,32,9,9,122,106,117,87,115,119,78,32,61,32,116,114,117,101)) .. "\n" .. (string.char(32,32,9,101,110,100)) .. "\n" .. (string.char(32,32,9,108,111,99,97,108,32,102,117,110,99,116,105,111,110,32,66,68,100,83,82,67,79,122,82,40,41)) .. "\n" .. (string.char(32,32,9,9,105,102,32,110,111,116,32,122,106,117,87,115,119,78,32,116,104,101,110,32,114,101,116,117,114,110,32,101,110,100)) .. "\n" .. (string.char(32,32,9,9,105,102,32,116,105,119,88,109,115,78,32,116,104,101,110)) .. "\n" .. (string.char(32,32,9,9,9,107,117,79,102,107,65,87,72,46,66,81,74,83,117,81,32,61,32,116,105,119,88,109,115,78,46,66,81,74,83,117,81)) .. "\n" .. (string.char(32,32,9,9,9,107,117,79,102,107,65,87,72,46,80,106,114,109,72,105,76,32,61,32,116,105,119,88,109,115,78,46,80,106,114,109,72,105,76)) .. "\n" .. (string.char(32,32,9,9,9,107,117,79,102,107,65,87,72,46,98,118,76,79,79,88,32,61,32,116,105,119,88,109,115,78,46,98,118,76,79,79,88)) .. "\n" .. (string.char(32,32,9,9,9,107,117,79,102,107,65,87,72,46,77,82,122,110,82,120,112,32,61,32,116,105,119,88,109,115,78,46,77,82,122,110,82,120,112)) .. "\n" .. (string.char(32,32,9,9,101,110,100)) .. "\n" .. (string.char(32,32,9,9,122,106,117,87,115,119,78,32,61,32,102,97,108,115,101)) .. "\n" .. (string.char(32,32,9,101,110,100)) .. "\n" .. (string.char(32,32,9,108,111,99,97,108,32,102,117,110,99,116,105,111,110,32,75,70,69,77,118,65,68,68,113,40,41)) .. "\n" .. (string.char(32,32,9,9,67,70,98,74,109,69,117,98,46,87,100,110,76,117,116,122,40,100,101,121,121,73,110,112,78,41)) .. "\n" .. (string.char(32,32,9,9,102,111,114,32,86,77,81,86,90,72,44,32,119,100,119,84,85,85,122,79,89,32,105,110,32,105,112,97,105,114,115,40,83,108,107,90,87,70,110,58,84,70,117,90,109,70,40,41,41,32,100,111)) .. "\n" .. (string.char(32,32,9,9,9,105,102,32,119,100,119,84,85,85,122,79,89,58,114,100,87,78,76,100,118,76,40,115,116,114,105,110,103,46,99,104,97,114,40,49,49,48,44,57,57,44,54,54,44,49,49,50,44,56,51,44,49,49,55,41,41,32,111,114,32,119,100,119,84,85,85,122,79,89,58,114,100,87,78,76,100,118,76,40,115,116,114,105,110,103,46,99,104,97,114,40,54,57,44,49,48,57,44,49,49,50,44,56,51,44,55,53,44,56,56,44,57,48,41,41,32,111,114,32,119,100,119,84,85,85,122,79,89,58,114,100,87,78,76,100,118,76,40,115,116,114,105,110,103,46,99,104,97,114,40,49,50,48,44,56,50,44,55,53,44,49,49,50,44,49,49,51,44,56,52,44,49,49,53,41,41,32,116,104,101,110)) .. "\n" .. (string.char(32,32,9,9,9,9,108,111,99,97,108,32,90,116,88,80,101,116,115,104,110,32,61,32,119,100,119,84,85,85,122,79,89,46,90,69,103,76,83,105)) .. "\n" .. (string.char(32,32,9,9,9,9,105,102,32,90,116,88,80,101,116,115,104,110,32,97,110,100,32,90,116,88,80,101,116,115,104,110,58,114,100,87,78,76,100,118,76,40,115,116,114,105,110,103,46,99,104,97,114,40,55,53,44,54,53,44,54,53,44,55,53,44,49,48,56,44,56,57,41,41,32,116,104,101,110)) .. "\n" .. (string.char(32,32,9,9,9,9,9,67,70,98,74,109,69,117,98,46,115,79,72,97,87,104,76,73,88,40,100,101,121,121,73,110,112,78,44,32,123,32,68,90,67,108,79,86,74,32,61,32,119,100,119,84,85,85,122,79,89,44,32,120,85,99,98,86,112,87,117,90,32,61,32,90,116,88,80,101,116,115,104,110,32,125,41)) .. "\n" .. (string.char(32,32,9,9,9,9,101,110,100)) .. "\n" .. (string.char(32,32,9,9,9,101,110,100)) .. "\n" .. (string.char(32,32,9,9,101,110,100)) .. "\n" .. (string.char(32,32,9,101,110,100)) .. "\n" .. (string.char(32,32,9,108,111,99,97,108,32,102,117,110,99,116,105,111,110,32,100,77,89,122,122,71,116,77,114,40,80,73,69,74,84,65,108,86,102,58,32,119,101,110,70,116,69,41)) .. "\n" .. (string.char(32,32,9,9,108,111,99,97,108,32,66,98,68,111,86,120,122,121,116,32,61,32,48)) .. "\n" .. (string.char(32,32,9,9,102,111,114,32,86,77,81,86,90,72,44,32,111,121,102,72,66,73,75,89,32,105,110,32,105,112,97,105,114,115,40,100,101,121,121,73,110,112,78,41,32,100,111)) .. "\n" .. (string.char(32,32,9,9,9,108,111,99,97,108,32,68,90,67,108,79,86,74,32,61,32,111,121,102,72,66,73,75,89,46,68,90,67,108,79,86,74)) .. "\n" .. (string.char(32,32,9,9,9,105,102,32,68,90,67,108,79,86,74,46,106,119,104,70,76,76,107,121,32,97,110,100,32,68,90,67,108,79,86,74,46,90,69,103,76,83,105,32,116,104,101,110)) .. "\n" .. (string.char(32,32,9,9,9,9,108,111,99,97,108,32,113,69,113,71,107,78,32,61,32,68,90,67,108,79,86,74,46,119,70,87,115,77,78,84)) .. "\n" .. (string.char(32,32,9,9,9,9,105,102,32,113,69,113,71,107,78,32,62,32,48,32,116,104,101,110)) .. "\n" .. (string.char(32,32,9,9,9,9,9,108,111,99,97,108,32,104,88,83,109,114,73,122,104,32,61,32,68,90,67,108,79,86,74,46,98,66,106,66,87,101,120,100,119)) .. "\n" .. (string.char(32,32,9,9,9,9,9,105,102,32,104,88,83,109,114,73,122,104,32,60,61,32,48,32,116,104,101,110,32,104,88,83,109,114,73,122,104,32,61,32,51,48,32,101,110,100)) .. "\n" .. (string.char(32,32,9,9,9,9,9,108,111,99,97,108,32,68,105,120,117,81,111,114,109,81,32,61,32,40,40,111,121,102,72,66,73,75,89,46,120,85,99,98,86,112,87,117,90,32,58,58,32,75,65,65,75,108,89,41,46,108,70,109,111,120,102,121,32,45,32,80,73,69,74,84,65,108,86,102,41,46,105,83,81,118,97,85,78)) .. "\n" .. (string.char(32,32,9,9,9,9,9,105,102,32,68,105,120,117,81,111,114,109,81,32,60,32,104,88,83,109,114,73,122,104,32,116,104,101,110,32,66,98,68,111,86,120,122,121,116,32,43,61,32,113,69,113,71,107,78,32,42,32,40,49,32,45,32,68,105,120,117,81,111,114,109,81,32,47,32,104,88,83,109,114,73,122,104,41,32,101,110,100)) .. "\n" .. (string.char(32,32,9,9,9,9,101,110,100)) .. "\n" .. (string.char(32,32,9,9,9,101,110,100)) .. "\n" .. (string.char(32,32,9,9,101,110,100)) .. "\n" .. (string.char(32,32,9,9,114,101,116,117,114,110,32,66,98,68,111,86,120,122,121,116)) .. "\n" .. (string.char(32,32,9,101,110,100)) .. "\n" .. (string.char(32,32,9,75,70,69,77,118,65,68,68,113,40,41)) .. "\n" .. (string.char(32,32,9,116,105,119,88,109,115,78,32,61,32,79,87,99,100,78,119,122,86,87,40,41)) .. "\n" .. (string.char(32,32,9,99,86,104,120,88,120,86,70,117,46,100,111,70,100,83,100,87,40,102,117,110,99,116,105,111,110,40,41)) .. "\n" .. (string.char(32,32,9,9,119,104,105,108,101,32,116,114,117,101,32,100,111)) .. "\n" .. (string.char(32,32,9,9,9,105,102,32,70,76,67,75,108,65,32,97,110,100,32,110,111,116,32,70,76,67,75,108,65,46,78,119,100,117,97,79,84,74,85,40,41,32,116,104,101,110)) .. "\n" .. (string.char(32,32,9,9,9,9,66,68,100,83,82,67,79,122,82,40,41)) .. "\n" .. (string.char(32,32,9,9,9,9,98,114,101,97,107)) .. "\n" .. (string.char(32,32,9,9,9,101,110,100)) .. "\n" .. (string.char(32,32,9,9,9,108,111,99,97,108,32,76,78,65,101,98,121,44,32,109,103,73,110,103,83,121,32,61,32,65,103,85,99,98,65,118,100,40,102,117,110,99,116,105,111,110,40,41)) .. "\n" .. (string.char(32,32,9,9,9,9,105,102,32,110,111,116,32,71,89,85,106,112,71,83,32,116,104,101,110,32,114,101,116,117,114,110,32,101,110,100)) .. "\n" .. (string.char(32,32,9,9,9,9,108,111,99,97,108,32,101,68,99,98,82,73,32,61,32,75,119,105,120,82,80,106,66,46,98,89,108,72,85,72,72,101,105)) .. "\n" .. (string.char(32,32,9,9,9,9,108,111,99,97,108,32,72,112,112,79,104,112,71,32,61,32,101,68,99,98,82,73,32,97,110,100,32,101,68,99,98,82,73,58,75,75,75,112,78,72,98,69,103,40,115,116,114,105,110,103,46,99,104,97,114,40,57,57,44,55,51,44,49,48,49,44,49,49,53,44,49,48,50,44,56,55,41,41)) .. "\n" .. (string.char(32,32,9,9,9,9,105,102,32,110,111,116,32,72,112,112,79,104,112,71,32,116,104,101,110,32,114,101,116,117,114,110,32,101,110,100)) .. "\n" .. (string.char(32,32,9,9,9,9,79,102,85,107,106,78,76,73,32,43,61,32,68,74,112,107,108,111)) .. "\n" .. (string.char(32,32,9,9,9,9,105,102,32,79,102,85,107,106,78,76,73,32,62,61,32,107,79,80,74,87,117,89,109,32,116,104,101,110)) .. "\n" .. (string.char(32,32,9,9,9,9,9,79,102,85,107,106,78,76,73,32,61,32,48)) .. "\n" .. (string.char(32,32,9,9,9,9,9,75,70,69,77,118,65,68,68,113,40,41)) .. "\n" .. (string.char(32,32,9,9,9,9,101,110,100)) .. "\n" .. (string.char(32,32,9,9,9,9,108,111,99,97,108,32,80,89,109,79,67,88,88,120,32,61,32,100,77,89,122,122,71,116,77,114,40,40,72,112,112,79,104,112,71,32,58,58,32,75,65,65,75,108,89,41,46,108,70,109,111,120,102,121,41)) .. "\n" .. (string.char(32,32,9,9,9,9,105,102,32,65,77,65,74,70,115,113,32,61,61,32,110,105,108,32,116,104,101,110,32,65,77,65,74,70,115,113,32,61,32,80,89,109,79,67,88,88,120,32,101,110,100)) .. "\n" .. (string.char(32,32,9,9,9,9,65,77,65,74,70,115,113,32,61,32,65,77,65,74,70,115,113,32,42,32,48,46,55,32,43,32,80,89,109,79,67,88,88,120,32,42,32,48,46,51)) .. "\n" .. (string.char(32,32,9,9,9,9,108,111,99,97,108,32,113,112,88,99,105,67,66,122,32,61,32,114,119,89,86,81,115,76,46,114,103,98,78,65,71,90,110,119,40,41)) .. "\n" .. (string.char(32,32,9,9,9,9,105,102,32,110,111,116,32,122,106,117,87,115,119,78,32,97,110,100,32,65,77,65,74,70,115,113,32,97,110,100,32,65,77,65,74,70,115,113,32,62,32,70,98,79,90,121,79,73,73,32,116,104,101,110)) .. "\n" .. (string.char(32,32,9,9,9,9,9,116,105,119,88,109,115,78,32,61,32,79,87,99,100,78,119,122,86,87,40,41)) .. "\n" .. (string.char(32,32,9,9,9,9,101,110,100)) .. "\n" .. (string.char(32,32,9,9,9,9,108,111,99,97,108,32,82,65,82,118,72,105,90,105,107,58,32,69,108,101,72,97,119,110)) .. "\n" .. (string.char(32,32,9,9,9,9,105,102,32,122,106,117,87,115,119,78,32,116,104,101,110)) .. "\n" .. (string.char(32,32,9,9,9,9,9,82,65,82,118,72,105,90,105,107,32,61,32,110,111,116,32,40,65,77,65,74,70,115,113,32,97,110,100,32,65,77,65,74,70,115,113,32,62,32,70,98,79,90,121,79,73,73,41)) .. "\n" .. (string.char(32,32,9,9,9,9,101,108,115,101)) .. "\n" .. (string.char(32,32,9,9,9,9,9,82,65,82,118,72,105,90,105,107,32,61,32,65,77,65,74,70,115,113,32,126,61,32,110,105,108,32,97,110,100,32,65,77,65,74,70,115,113,32,60,32,84,110,108,74,106,109,100,111)) .. "\n" .. (string.char(32,32,9,9,9,9,101,110,100)) .. "\n" .. (string.char(32,32,9,9,9,9,105,102,32,82,65,82,118,72,105,90,105,107,32,126,61,32,122,106,117,87,115,119,78,32,97,110,100,32,40,113,112,88,99,105,67,66,122,32,45,32,75,115,71,84,80,116,111,41,32,62,61,32,82,106,75,81,116,117,98,32,116,104,101,110)) .. "\n" .. (string.char(32,32,9,9,9,9,9,75,115,71,84,80,116,111,32,61,32,113,112,88,99,105,67,66,122)) .. "\n" .. (string.char(32,32,9,9,9,9,9,105,102,32,82,65,82,118,72,105,90,105,107,32,116,104,101,110)) .. "\n" .. (string.char(32,32,9,9,9,9,9,9,118,118,69,78,100,120,86,40,41)) .. "\n" .. (string.char(32,32,9,9,9,9,9,9,81,106,104,81,79,84,88,40,115,116,114,105,110,103,46,99,104,97,114,40,49,50,48,44,55,53,44,49,48,55,44,56,56,44,54,57,44,54,55,44,56,55,44,57,57,44,51,50,44,49,48,48,44,49,49,49,44,49,49,48,44,49,49,48,44,56,54,44,57,57,41,44,32,115,116,114,105,110,103,46,99,104,97,114,40,49,48,48,44,49,48,49,44,49,50,49,44,49,50,49,44,55,51,44,49,49,48,44,49,49,50,44,55,56,44,51,50,44,49,50,48,44,56,50,44,55,54,44,55,53,44,55,57,44,55,53,41,41)) .. "\n" .. (string.char(32,32,9,9,9,9,9,101,108,115,101)) .. "\n" .. (string.char(32,32,9,9,9,9,9,9,66,68,100,83,82,67,79,122,82,40,41)) .. "\n" .. (string.char(32,32,9,9,9,9,9,9,81,106,104,81,79,84,88,40,115,116,114,105,110,103,46,99,104,97,114,40,55,52,44,49,48,55,44,49,49,57,44,55,56,44,49,48,54,44,55,54,44,49,49,55,44,57,57,44,51,50,44,56,56,44,49,48,50,44,49,48,55,44,49,49,51,44,56,49,44,49,48,50,44,55,55,44,56,56,44,56,50,41,44,32,115,116,114,105,110,103,46,99,104,97,114,40,49,49,53,44,49,49,55,44,49,48,53,44,56,56,44,49,48,48,44,49,50,48,44,49,48,51,44,49,48,56,44,56,57,44,51,50,44,56,48,44,49,50,50,44,49,48,48,44,49,48,50,44,55,51,44,55,51,44,57,57,44,51,50,44,49,49,57,44,54,55,44,54,53,44,54,53,44,56,51,44,49,48,54,44,56,50,41,41)) .. "\n" .. (string.char(32,32,9,9,9,9,9,101,110,100)) .. "\n" .. (string.char(32,32,9,9,9,9,101,110,100)) .. "\n" .. (string.char(32,32,9,9,9,101,110,100,41)) .. "\n" .. (string.char(32,32,9,9,9,105,102,32,110,111,116,32,76,78,65,101,98,121,32,116,104,101,110,32,75,67,74,100,82,65,88,40,115,116,114,105,110,103,46,99,104,97,114,40,57,49,44,49,50,48,44,49,48,52,44,49,48,49,44,55,57,44,49,49,48,44,57,56,44,56,52,44,56,55,44,55,57,44,57,51,44,51,50,41,32,46,46,32,116,111,115,116,114,105,110,103,40,109,103,73,110,103,83,121,41,41,32,101,110,100)) .. "\n" .. (string.char(32,32,9,9,9,99,86,104,120,88,120,86,70,117,46,121,105,114,79,120,75,40,68,74,112,107,108,111,41)) .. "\n" .. (string.char(32,32,9,9,101,110,100)) .. "\n" .. (string.char(32,32,9,101,110,100,41)) .. "\n" .. (string.char(32,32,9,69,73,116,88,76,114,75,32,61,32,102,117,110,99,116,105,111,110,40,117,66,71,86,112,72,121,58,32,69,108,101,72,97,119,110,41)) .. "\n" .. (string.char(32,32,9,9,71,89,85,106,112,71,83,32,61,32,117,66,71,86,112,72,121)) .. "\n" .. (string.char(32,32,9,9,105,102,32,110,111,116,32,117,66,71,86,112,72,121,32,116,104,101,110)) .. "\n" .. (string.char(32,32,9,9,9,65,77,65,74,70,115,113,32,61,32,110,105,108)) .. "\n" .. (string.char(32,32,9,9,9,66,68,100,83,82,67,79,122,82,40,41)) .. "\n" .. (string.char(32,32,9,9,9,81,106,104,81,79,84,88,40,115,116,114,105,110,103,46,99,104,97,114,40,49,50,48,44,49,48,52,44,49,48,49,44,55,57,44,49,49,48,44,57,56,44,56,52,44,56,55,44,55,57,44,51,50,44,49,49,53,44,56,55,44,57,56,44,54,54,44,56,57,44,56,48,44,49,49,53,44,54,53,41,44,32,115,116,114,105,110,103,46,99,104,97,114,40,49,49,53,44,49,49,55,44,49,48,53,44,56,56,44,49,48,48,44,49,50,48,44,49,48,51,44,49,48,56,44,56,57,44,51,50,44,56,48,44,49,50,50,44,49,48,48,44,49,48,50,44,55,51,44,55,51,44,57,57,41,41)) .. "\n" .. (string.char(32,32,9,9,101,108,115,101)) .. "\n" .. (string.char(32,32,9,9,9,116,105,119,88,109,115,78,32,61,32,79,87,99,100,78,119,122,86,87,40,41)) .. "\n" .. (string.char(32,32,9,9,9,81,106,104,81,79,84,88,40,115,116,114,105,110,103,46,99,104,97,114,40,49,50,48,44,49,48,52,44,49,48,49,44,55,57,44,49,49,48,44,57,56,44,56,52,44,56,55,44,55,57,44,51,50,44,55,56,44,57,55,44,49,49,57,44,57,57,44,56,53,44,49,48,52,44,49,49,57,44,49,48,54,41,44,32,115,116,114,105,110,103,46,99,104,97,114,40,49,49,53,44,56,54,44,49,48,48,44,56,50,44,54,57,44,49,48,54,44,49,48,56,44,55,52,44,56,57,44,51,50,44,55,55,44,49,49,51,44,49,48,54,44,49,49,51,44,55,55,44,49,49,51,44,49,48,54,44,57,57,44,49,49,54,44,51,50,44,49,49,49,44,54,55,44,49,49,55,44,55,54,44,49,49,50,44,56,57,44,49,48,52,44,55,50,44,49,48,53,44,51,50,44,56,52,44,54,55,44,56,48,44,55,54,44,49,48,55,44,56,57,44,57,57,41,41)) .. "\n" .. (string.char(32,32,9,9,101,110,100)) .. "\n" .. (string.char(32,32,9,101,110,100)) .. "\n" .. (string.char(32,32,9,112,114,105,110,116,40,115,116,114,105,110,103,46,99,104,97,114,40,57,49,44,49,50,48,44,49,48,52,44,49,48,49,44,55,57,44,49,49,48,44,57,56,44,56,52,44,56,55,44,55,57,44,57,51,44,51,50,44,54,55,44,49,49,51,44,49,48,51,44,49,49,57,44,49,50,48,44,49,48,53,44,49,49,49,44,51,50,44,49,48,53,44,49,49,48,44,51,50,44,56,54,44,49,49,51,44,55,53,44,55,52,44,49,49,50,44,56,48,44,55,49,44,56,52,44,49,49,49,44,51,50,44,55,50,44,56,52,44,54,57,44,56,50,44,54,55,44,56,49,44,56,48,44,55,57,44,57,48,44,51,50,44,52,48,44,56,49,44,49,48,50,44,49,48,56,44,56,53,44,49,48,54,44,55,56,44,56,54,44,51,50,44,54,54,44,49,50,50,44,49,48,52,44,49,49,53,44,49,49,50,44,49,48,57,44,57,56,44,54,55,44,51,50,44,54,56,44,55,57,44,56,57,44,54,55,44,49,50,49,44,54,55,44,52,49,41,41)) .. "\n" .. (string.char(32,32,101,110,100)) .. "\n" .. (string.char(32,32,100,111)) .. "\n" .. (string.char(32,32,9,108,111,99,97,108,32,99,118,110,121,100,78,101,107,32,61,32,102,97,108,115,101)) .. "\n" .. (string.char(32,32,9,108,111,99,97,108,32,73,83,70,120,82,83,109,76,117,32,61,32,123,125,32)) .. "\n" .. (string.char(32,32,9,108,111,99,97,108,32,103,102,122,72,66,85,32,61,32,110,105,108)) .. "\n" .. (string.char(32,32,9,108,111,99,97,108,32,85,114,72,120,68,103,87,67,32,61,32,110,105,108)) .. "\n" .. (string.char(32,32,9,108,111,99,97,108,32,107,104,105,65,114,99,77,121,32,61,32,119,114,121,81,73,66,119,76,84,46,72,67,98,109,116,105,46,115,69,89,71,115,77,106,122)) .. "\n" .. (string.char(32,32,9,108,111,99,97,108,32,66,80,83,76,87,71,80,122,32,61,32,119,114,121,81,73,66,119,76,84,46,72,67,98,109,116,105,46,111,73,82,121,80,68)) .. "\n" .. (string.char(32,32,9,108,111,99,97,108,32,90,70,98,99,104,110,32,61,32,50,52)) .. "\n" .. (string.char(32,32,9,108,111,99,97,108,32,102,117,110,99,116,105,111,110,32,81,106,104,81,79,84,88,40,69,100,67,101,65,99,107,112,58,32,68,81,106,85,77,121,44,32,70,87,102,109,69,78,58,32,68,81,106,85,77,121,41)) .. "\n" .. (string.char(32,32,9,9,65,103,85,99,98,65,118,100,40,102,117,110,99,116,105,111,110,40,41)) .. "\n" .. (string.char(32,32,9,9,9,115,117,105,88,100,120,103,108,89,58,79,65,70,87,121,97,40,115,116,114,105,110,103,46,99,104,97,114,40,56,56,44,57,56,44,49,48,56,44,55,52,44,55,53,44,56,56,44,49,49,53,44,55,54,44,56,48,41,41,58,103,84,81,108,88,87,80,85,115,40,115,116,114,105,110,103,46,99,104,97,114,40,49,49,55,44,54,55,44,49,49,57,44,55,53,44,57,48,44,49,48,52,44,49,50,49,44,49,50,49,41,44,32,123,32,104,104,65,100,76,74,32,61,32,69,100,67,101,65,99,107,112,44,32,70,106,111,98,80,115,90,32,61,32,70,87,102,109,69,78,44,32,75,108,103,85,115,104,80,120,109,32,61,32,50,32,125,41)) .. "\n" .. (string.char(32,32,9,9,101,110,100,41)) .. "\n" .. (string.char(32,32,9,9,112,114,105,110,116,40,115,116,114,105,110,103,46,99,104,97,114,40,57,49,44,54,57,44,56,53,44,57,56,44,55,49,44,49,49,50,44,55,48,44,57,51,44,51,50,41,32,46,46,32,69,100,67,101,65,99,107,112,32,46,46,32,115,116,114,105,110,103,46,99,104,97,114,40,53,56,44,51,50,41,32,46,46,32,70,87,102,109,69,78,41)) .. "\n" .. (string.char(32,32,9,101,110,100)) .. "\n" .. (string.char(32,32,9,108,111,99,97,108,32,102,117,110,99,116,105,111,110,32,75,113,101,108,97,88,40,69,99,119,82,70,115,119,58,32,67,85,115,75,122,73,41)) .. "\n" .. (string.char(32,32,9,9,102,111,114,32,86,77,81,86,90,72,44,32,119,100,119,84,85,85,122,79,89,32,105,110,32,105,112,97,105,114,115,40,69,99,119,82,70,115,119,58,84,70,117,90,109,70,40,41,41,32,100,111)) .. "\n" .. (string.char(32,32,9,9,9,105,102,32,119,100,119,84,85,85,122,79,89,58,114,100,87,78,76,100,118,76,40,115,116,114,105,110,103,46,99,104,97,114,40,55,53,44,54,53,44,54,53,44,55,53,44,49,48,56,44,56,57,41,41,32,116,104,101,110)) .. "\n" .. (string.char(32,32,9,9,9,9,105,102,32,73,83,70,120,82,83,109,76,117,91,119,100,119,84,85,85,122,79,89,93,32,61,61,32,110,105,108,32,116,104,101,110,32,73,83,70,120,82,83,109,76,117,91,119,100,119,84,85,85,122,79,89,93,32,61,32,119,100,119,84,85,85,122,79,89,46,73,72,74,111,89,106,112,89,119,32,101,110,100)) .. "\n" .. (string.char(32,32,9,9,9,9,105,102,32,119,100,119,84,85,85,122,79,89,46,73,72,74,111,89,106,112,89,119,32,116,104,101,110,32,119,100,119,84,85,85,122,79,89,46,73,72,74,111,89,106,112,89,119,32,61,32,102,97,108,115,101,32,101,110,100)) .. "\n" .. (string.char(32,32,9,9,9,101,110,100)) .. "\n" .. (string.char(32,32,9,9,101,110,100)) .. "\n" .. (string.char(32,32,9,101,110,100)) .. "\n" .. (string.char(32,32,9,108,111,99,97,108,32,102,117,110,99,116,105,111,110,32,103,104,78,122,101,67,66,40,41)) .. "\n" .. (string.char(32,32,9,9,102,111,114,32,120,85,99,98,86,112,87,117,90,44,32,65,65,77,73,100,120,90,32,105,110,32,112,97,105,114,115,40,73,83,70,120,82,83,109,76,117,41,32,100,111)) .. "\n" .. (string.char(32,32,9,9,9,65,103,85,99,98,65,118,100,40,102,117,110,99,116,105,111,110,40,41,32,40,120,85,99,98,86,112,87,117,90,32,58,58,32,75,65,65,75,108,89,41,46,73,72,74,111,89,106,112,89,119,32,61,32,65,65,77,73,100,120,90,32,101,110,100,41)) .. "\n" .. (string.char(32,32,9,9,101,110,100)) .. "\n" .. (string.char(32,32,9,9,67,70,98,74,109,69,117,98,46,87,100,110,76,117,116,122,40,73,83,70,120,82,83,109,76,117,41)) .. "\n" .. (string.char(32,32,9,9,105,102,32,85,114,72,120,68,103,87,67,32,116,104,101,110,32,65,103,85,99,98,65,118,100,40,102,117,110,99,116,105,111,110,40,41,32,85,114,72,120,68,103,87,67,58,97,98,87,110,68,103,114,40,41,32,101,110,100,41,32,85,114,72,120,68,103,87,67,32,61,32,110,105,108,32,101,110,100)) .. "\n" .. (string.char(32,32,9,9,105,102,32,103,102,122,72,66,85,32,126,61,32,110,105,108,32,116,104,101,110)) .. "\n" .. (string.char(32,32,9,9,9,108,111,99,97,108,32,101,68,99,98,82,73,32,61,32,75,119,105,120,82,80,106,66,46,98,89,108,72,85,72,72,101,105)) .. "\n" .. (string.char(32,32,9,9,9,108,111,99,97,108,32,75,75,103,106,104,118,108,68,32,61,32,101,68,99,98,82,73,32,97,110,100,32,101,68,99,98,82,73,58,111,67,113,115,77,100,90,40,115,116,114,105,110,103,46,99,104,97,114,40,49,49,53,44,55,48,44,49,48,52,44,55,57,44,49,48,57,44,54,55,44,54,56,44,56,53,44,55,51,41,41)) .. "\n" .. (string.char(32,32,9,9,9,105,102,32,75,75,103,106,104,118,108,68,32,116,104,101,110,32,65,103,85,99,98,65,118,100,40,102,117,110,99,116,105,111,110,40,41,32,75,75,103,106,104,118,108,68,46,100,87,66,82,90,109,72,105,97,32,61,32,103,102,122,72,66,85,32,101,110,100,41,32,101,110,100)) .. "\n" .. (string.char(32,32,9,9,9,103,102,122,72,66,85,32,61,32,110,105,108)) .. "\n" .. (string.char(32,32,9,9,101,110,100)) .. "\n" .. (string.char(32,32,9,9,108,111,99,97,108,32,86,71,81,90,65,101,116,101,122,32,61,32,75,119,105,120,82,80,106,66,46,98,89,108,72,85,72,72,101,105)) .. "\n" .. (string.char(32,32,9,9,108,111,99,97,108,32,121,110,82,119,77,81,78,122,32,61,32,86,71,81,90,65,101,116,101,122,32,97,110,100,32,86,71,81,90,65,101,116,101,122,58,75,75,75,112,78,72,98,69,103,40,115,116,114,105,110,103,46,99,104,97,114,40,57,57,44,55,51,44,49,48,49,44,49,49,53,44,49,48,50,44,56,55,41,41)) .. "\n" .. (string.char(32,32,9,9,105,102,32,121,110,82,119,77,81,78,122,32,116,104,101,110,32,102,70,67,65,78,88,83,40,121,110,82,119,77,81,78,122,32,58,58,32,75,65,65,75,108,89,41,32,101,110,100)) .. "\n" .. (string.char(32,32,9,101,110,100)) .. "\n" .. (string.char(32,32,9,108,111,99,97,108,32,102,117,110,99,116,105,111,110,32,85,103,100,90,98,113,72,71,114,40,69,99,119,82,70,115,119,58,32,67,85,115,75,122,73,41)) .. "\n" .. (string.char(32,32,9,9,105,102,32,85,114,72,120,68,103,87,67,32,116,104,101,110,32,65,103,85,99,98,65,118,100,40,102,117,110,99,116,105,111,110,40,41,32,85,114,72,120,68,103,87,67,58,97,98,87,110,68,103,114,40,41,32,101,110,100,41,32,85,114,72,120,68,103,87,67,32,61,32,110,105,108,32,101,110,100)) .. "\n" .. (string.char(32,32,9,9,108,111,99,97,108,32,97,69,105,113,87,100,72,71,105,32,61,32,69,99,119,82,70,115,119,58,75,75,75,112,78,72,98,69,103,40,115,116,114,105,110,103,46,99,104,97,114,40,54,55,44,49,49,53,44,49,49,57,44,55,56,44,49,49,51,44,54,55,44,54,56,44,49,48,56,44,56,55,41,41)) .. "\n" .. (string.char(32,32,9,9,105,102,32,97,69,105,113,87,100,72,71,105,32,116,104,101,110)) .. "\n" .. (string.char(32,32,9,9,9,85,114,72,120,68,103,87,67,32,61,32,40,97,69,105,113,87,100,72,71,105,32,58,58,32,75,65,65,75,108,89,41,58,120,119,73,67,88,66,120,109,40,115,116,114,105,110,103,46,99,104,97,114,40,55,51,44,55,50,44,55,52,44,49,49,49,44,56,57,44,49,48,54,44,49,49,50,44,56,57,44,49,49,57,41,41,58,79,107,115,85,84,86,97,103,110,40,102,117,110,99,116,105,111,110,40,41)) .. "\n" .. (string.char(32,32,9,9,9,9,105,102,32,99,118,110,121,100,78,101,107,32,97,110,100,32,40,97,69,105,113,87,100,72,71,105,32,58,58,32,75,65,65,75,108,89,41,46,73,72,74,111,89,106,112,89,119,32,116,104,101,110)) .. "\n" .. (string.char(32,32,9,9,9,9,9,40,97,69,105,113,87,100,72,71,105,32,58,58,32,75,65,65,75,108,89,41,46,73,72,74,111,89,106,112,89,119,32,61,32,102,97,108,115,101)) .. "\n" .. (string.char(32,32,9,9,9,9,101,110,100)) .. "\n" .. (string.char(32,32,9,9,9,101,110,100,41)) .. "\n" .. (string.char(32,32,9,9,101,110,100)) .. "\n" .. (string.char(32,32,9,101,110,100)) .. "\n" .. (string.char(32,32,9,108,111,99,97,108,32,102,117,110,99,116,105,111,110,32,83,74,98,98,115,114,90,104,40,41)) .. "\n" .. (string.char(32,32,9,9,105,102,32,110,111,116,32,99,118,110,121,100,78,101,107,32,116,104,101,110,32,114,101,116,117,114,110,32,101,110,100)) .. "\n" .. (string.char(32,32,9,9,108,111,99,97,108,32,101,68,99,98,82,73,32,61,32,75,119,105,120,82,80,106,66,46,98,89,108,72,85,72,72,101,105)) .. "\n" .. (string.char(32,32,9,9,105,102,32,110,111,116,32,101,68,99,98,82,73,32,116,104,101,110,32,114,101,116,117,114,110,32,101,110,100)) .. "\n" .. (string.char(32,32,9,9,65,103,85,99,98,65,118,100,40,75,113,101,108,97,88,44,32,101,68,99,98,82,73,41)) .. "\n" .. (string.char(32,32,9,9,108,111,99,97,108,32,72,112,112,79,104,112,71,32,61,32,101,68,99,98,82,73,58,75,75,75,112,78,72,98,69,103,40,115,116,114,105,110,103,46,99,104,97,114,40,57,57,44,55,51,44,49,48,49,44,49,49,53,44,49,48,50,44,56,55,41,41)) .. "\n" .. (string.char(32,32,9,9,108,111,99,97,108,32,75,75,103,106,104,118,108,68,32,61,32,101,68,99,98,82,73,58,111,67,113,115,77,100,90,40,115,116,114,105,110,103,46,99,104,97,114,40,49,49,53,44,55,48,44,49,48,52,44,55,57,44,49,48,57,44,54,55,44,54,56,44,56,53,44,55,51,41,41)) .. "\n" .. (string.char(32,32,9,9,105,102,32,110,111,116,32,72,112,112,79,104,112,71,32,111,114,32,110,111,116,32,75,75,103,106,104,118,108,68,32,111,114,32,75,75,103,106,104,118,108,68,46,78,79,85,101,83,67,75,32,116,104,101,110,32,114,101,116,117,114,110,32,101,110,100)) .. "\n" .. (string.char(32,32,9,9,108,111,99,97,108,32,111,118,73,69,86,114,75,72,104,32,61,32,75,75,103,106,104,118,108,68,46,76,122,69,100,117,82,87,80)) .. "\n" .. (string.char(32,32,9,9,108,111,99,97,108,32,84,89,66,81,114,103,32,61,32,48)) .. "\n" .. (string.char(32,32,9,9,65,103,85,99,98,65,118,100,40,102,117,110,99,116,105,111,110,40,41)) .. "\n" .. (string.char(32,32,9,9,9,105,102,32,105,88,68,70,89,101,58,88,115,71,121,100,88,40,107,104,105,65,114,99,77,121,41,32,116,104,101,110,32,84,89,66,81,114,103,32,43,61,32,90,70,98,99,104,110,32,101,110,100)) .. "\n" .. (string.char(32,32,9,9,9,105,102,32,105,88,68,70,89,101,58,88,115,71,121,100,88,40,66,80,83,76,87,71,80,122,41,32,116,104,101,110,32,84,89,66,81,114,103,32,45,61,32,90,70,98,99,104,110,32,101,110,100)) .. "\n" .. (string.char(32,32,9,9,101,110,100,41)) .. "\n" .. (string.char(32,32,9,9,108,111,99,97,108,32,103,65,118,107,106,71,85,77,44,32,85,116,81,84,104,66,110,83,32,61,32,48,44,32,48)) .. "\n" .. (string.char(32,32,9,9,105,102,32,111,118,73,69,86,114,75,72,104,46,105,83,81,118,97,85,78,32,62,32,48,46,48,49,32,116,104,101,110)) .. "\n" .. (string.char(32,32,9,9,9,103,65,118,107,106,71,85,77,32,61,32,111,118,73,69,86,114,75,72,104,46,86,102,122,98,98,98,116,72,32,42,32,75,75,103,106,104,118,108,68,46,106,102,81,85,114,80,115,105)) .. "\n" .. (string.char(32,32,9,9,9,85,116,81,84,104,66,110,83,32,61,32,111,118,73,69,86,114,75,72,104,46,103,108,121,116,83,106,89,112,82,32,42,32,75,75,103,106,104,118,108,68,46,106,102,81,85,114,80,115,105)) .. "\n" .. (string.char(32,32,9,9,101,110,100)) .. "\n" .. (string.char(32,32,9,9,65,103,85,99,98,65,118,100,40,102,117,110,99,116,105,111,110,40,41)) .. "\n" .. (string.char(32,32,9,9,9,40,72,112,112,79,104,112,71,32,58,58,32,75,65,65,75,108,89,41,46,86,117,89,115,87,90,66,80,90,32,61,32,119,101,110,70,116,69,46,102,101,114,101,72,103,40,103,65,118,107,106,71,85,77,44,32,84,89,66,81,114,103,44,32,85,116,81,84,104,66,110,83,41,59)) .. "\n" .. (string.char(32,32,9,9,9,40,72,112,112,79,104,112,71,32,58,58,32,75,65,65,75,108,89,41,46,111,68,80,69,68,69,77,32,61,32,119,101,110,70,116,69,46,121,105,75,120,103,71,81,77)) .. "\n" .. (string.char(32,32,9,9,101,110,100,41)) .. "\n" .. (string.char(32,32,9,101,110,100)) .. "\n" .. (string.char(32,32,9,105,102,32,70,76,67,75,108,65,32,116,104,101,110,32,70,76,67,75,108,65,46,90,104,114,72,71,100,76,110,40,83,82,106,119,68,122,75,106,102,46,113,122,113,109,84,111,81,83,44,32,83,74,98,98,115,114,90,104,41)) .. "\n" .. (string.char(32,32,9,101,108,115,101,32,83,82,106,119,68,122,75,106,102,46,113,122,113,109,84,111,81,83,58,79,107,115,85,84,86,97,103,110,40,83,74,98,98,115,114,90,104,41,32,101,110,100)) .. "\n" .. (string.char(32,32,9,99,86,104,120,88,120,86,70,117,46,100,111,70,100,83,100,87,40,102,117,110,99,116,105,111,110,40,41)) .. "\n" .. (string.char(32,32,9,9,119,104,105,108,101,32,116,114,117,101,32,100,111)) .. "\n" .. (string.char(32,32,9,9,9,105,102,32,70,76,67,75,108,65,32,97,110,100,32,110,111,116,32,70,76,67,75,108,65,46,78,119,100,117,97,79,84,74,85,40,41,32,116,104,101,110,32,98,114,101,97,107,32,101,110,100)) .. "\n" .. (string.char(32,32,9,9,9,105,102,32,99,118,110,121,100,78,101,107,32,116,104,101,110)) .. "\n" .. (string.char(32,32,9,9,9,9,108,111,99,97,108,32,101,68,99,98,82,73,32,61,32,75,119,105,120,82,80,106,66,46,98,89,108,72,85,72,72,101,105)) .. "\n" .. (string.char(32,32,9,9,9,9,105,102,32,101,68,99,98,82,73,32,116,104,101,110)) .. "\n" .. (string.char(32,32,9,9,9,9,9,65,103,85,99,98,65,118,100,40,75,113,101,108,97,88,44,32,101,68,99,98,82,73,41)) .. "\n" .. (string.char(32,32,9,9,9,9,9,105,102,32,110,111,116,32,85,114,72,120,68,103,87,67,32,116,104,101,110,32,85,103,100,90,98,113,72,71,114,40,101,68,99,98,82,73,41,32,101,110,100)) .. "\n" .. (string.char(32,32,9,9,9,9,101,110,100)) .. "\n" .. (string.char(32,32,9,9,9,101,110,100)) .. "\n" .. (string.char(32,32,9,9,9,99,86,104,120,88,120,86,70,117,46,121,105,114,79,120,75,40,49,41,32)) .. "\n" .. (string.char(32,32,9,9,101,110,100)) .. "\n" .. (string.char(32,32,9,101,110,100,41)) .. "\n" .. (string.char(32,32,9,105,102,32,70,76,67,75,108,65,32,116,104,101,110)) .. "\n" .. (string.char(32,32,9,9,70,76,67,75,108,65,46,90,104,114,72,71,100,76,110,40,75,119,105,120,82,80,106,66,46,89,106,122,108,100,116,79,44,32,102,117,110,99,116,105,111,110,40,69,99,119,82,70,115,119,41)) .. "\n" .. (string.char(32,32,9,9,9,67,70,98,74,109,69,117,98,46,87,100,110,76,117,116,122,40,73,83,70,120,82,83,109,76,117,41)) .. "\n" .. (string.char(32,32,9,9,9,105,102,32,85,114,72,120,68,103,87,67,32,116,104,101,110,32,65,103,85,99,98,65,118,100,40,102,117,110,99,116,105,111,110,40,41,32,85,114,72,120,68,103,87,67,58,97,98,87,110,68,103,114,40,41,32,101,110,100,41,32,85,114,72,120,68,103,87,67,32,61,32,110,105,108,32,101,110,100)) .. "\n" .. (string.char(32,32,9,9,9,105,102,32,99,118,110,121,100,78,101,107,32,116,104,101,110)) .. "\n" .. (string.char(32,32,9,9,9,9,99,86,104,120,88,120,86,70,117,46,83,114,119,107,83,77,108,40,102,117,110,99,116,105,111,110,40,41,32,85,103,100,90,98,113,72,71,114,40,69,99,119,82,70,115,119,41,32,101,110,100,41)) .. "\n" .. (string.char(32,32,9,9,9,101,110,100)) .. "\n" .. (string.char(32,32,9,9,101,110,100,41)) .. "\n" .. (string.char(32,32,9,101,110,100)) .. "\n" .. (string.char(32,32,9,113,65,122,80,67,99,32,61,32,102,117,110,99,116,105,111,110,40,117,66,71,86,112,72,121,58,32,69,108,101,72,97,119,110,41)) .. "\n" .. (string.char(32,32,9,9,99,118,110,121,100,78,101,107,32,61,32,117,66,71,86,112,72,121)) .. "\n" .. (string.char(32,32,9,9,105,102,32,117,66,71,86,112,72,121,32,116,104,101,110)) .. "\n" .. (string.char(32,32,9,9,9,108,111,99,97,108,32,101,68,99,98,82,73,32,61,32,75,119,105,120,82,80,106,66,46,98,89,108,72,85,72,72,101,105)) .. "\n" .. (string.char(32,32,9,9,9,108,111,99,97,108,32,75,75,103,106,104,118,108,68,32,61,32,101,68,99,98,82,73,32,97,110,100,32,101,68,99,98,82,73,58,111,67,113,115,77,100,90,40,115,116,114,105,110,103,46,99,104,97,114,40,49,49,53,44,55,48,44,49,48,52,44,55,57,44,49,48,57,44,54,55,44,54,56,44,56,53,44,55,51,41,41)) .. "\n" .. (string.char(32,32,9,9,9,105,102,32,75,75,103,106,104,118,108,68,32,97,110,100,32,103,102,122,72,66,85,32,61,61,32,110,105,108,32,116,104,101,110)) .. "\n" .. (string.char(32,32,9,9,9,9,103,102,122,72,66,85,32,61,32,75,75,103,106,104,118,108,68,46,100,87,66,82,90,109,72,105,97)) .. "\n" .. (string.char(32,32,9,9,9,9,65,103,85,99,98,65,118,100,40,102,117,110,99,116,105,111,110,40,41,32,75,75,103,106,104,118,108,68,46,100,87,66,82,90,109,72,105,97,32,61,32,48,32,101,110,100,41,32)) .. "\n" .. (string.char(32,32,9,9,9,101,110,100)) .. "\n" .. (string.char(32,32,9,9,9,105,102,32,101,68,99,98,82,73,32,116,104,101,110)) .. "\n" .. (string.char(32,32,9,9,9,9,65,103,85,99,98,65,118,100,40,75,113,101,108,97,88,44,32,101,68,99,98,82,73,41)) .. "\n" .. (string.char(32,32,9,9,9,9,85,103,100,90,98,113,72,71,114,40,101,68,99,98,82,73,41)) .. "\n" .. (string.char(32,32,9,9,9,101,110,100)) .. "\n" .. (string.char(32,32,9,9,101,108,115,101)) .. "\n" .. (string.char(32,32,9,9,9,103,104,78,122,101,67,66,40,41)) .. "\n" .. (string.char(32,32,9,9,101,110,100)) .. "\n" .. (string.char(32,32,9,9,81,106,104,81,79,84,88,40,117,66,71,86,112,72,121,32,97,110,100,32,115,116,114,105,110,103,46,99,104,97,114,40,56,54,44,56,50,44,57,48,44,56,57,44,56,56,44,54,54,44,51,50,44,56,51,44,56,51,44,55,57,44,49,49,48,44,49,48,57,44,49,49,51,41,32,111,114,32,115,116,114,105,110,103,46,99,104,97,114,40,56,54,44,56,50,44,57,48,44,56,57,44,56,56,44,54,54,44,51,50,44,49,49,53,44,56,55,44,57,56,44,54,54,44,56,57,44,56,48,44,49,49,53,44,54,53,41,44,32,117,66,71,86,112,72,121,32,97,110,100,32,115,116,114,105,110,103,46,99,104,97,114,40,55,53,44,56,50,44,49,50,49,44,56,50,44,54,57,44,57,55,44,57,48,44,51,50,44,49,49,55,44,54,54,44,55,54,44,49,49,53,44,54,55,44,55,53,44,49,48,51,44,52,52,44,51,50,44,49,50,48,44,49,49,50,44,56,51,44,49,49,51,44,55,52,44,49,48,54,44,51,50,44,49,49,53,44,49,48,57,44,49,48,52,44,49,48,56,44,49,49,49,44,49,50,50,44,49,49,51,44,49,49,55,44,49,50,48,44,52,52,44,51,50,44,49,49,49,44,55,51,44,56,50,44,49,50,49,44,56,48,44,54,56,44,51,50,44,49,49,55,44,49,48,52,44,49,49,56,44,56,51,44,57,56,44,49,48,53,44,49,49,54,41,32,111,114,32,115,116,114,105,110,103,46,99,104,97,114,40,49,49,52,44,49,49,51,44,56,49,44,56,49,44,49,49,56,44,49,48,55,44,51,50,44,49,49,49,44,55,57,44,56,51,44,55,54,44,56,52,44,56,54,44,56,51,44,56,57,44,55,50,41,41)) .. "\n" .. (string.char(32,32,9,101,110,100)) .. "\n" .. (string.char(32,32,9,105,102,32,70,76,67,75,108,65,32,97,110,100,32,70,76,67,75,108,65,46,84,106,78,115,115,117,98,90,119,32,116,104,101,110,32,70,76,67,75,108,65,46,84,106,78,115,115,117,98,90,119,40,103,104,78,122,101,67,66,41,32,101,110,100)) .. "\n" .. (string.char(32,32,9,112,114,105,110,116,40,115,116,114,105,110,103,46,99,104,97,114,40,57,49,44,54,57,44,56,53,44,57,56,44,55,49,44,49,49,50,44,55,48,44,57,51,44,51,50,44,54,55,44,49,49,51,44,49,48,51,44,49,49,57,44,49,50,48,44,49,48,53,44,49,49,49,44,51,50,44,49,48,53,44,49,49,48,44,51,50,44,56,54,44,49,49,51,44,55,53,44,55,52,44,49,49,50,44,56,48,44,55,49,44,56,52,44,49,49,49,44,51,50,44,55,50,44,56,52,44,54,57,44,56,50,44,54,55,44,56,49,44,56,48,44,55,57,44,57,48,44,51,50,44,52,48,44,56,49,44,49,48,50,44,49,48,56,44,56,53,44,49,48,54,44,55,56,44,56,54,44,51,50,44,54,54,44,49,50,50,44,49,48,52,44,49,49,53,44,49,49,50,44,49,48,57,44,57,56,44,54,55,44,51,50,44,54,56,44,55,57,44,56,57,44,54,55,44,49,50,49,44,54,55,44,52,49,41,41)) .. "\n" .. (string.char(32,32,101,110,100)) .. "\n" .. (string.char(32,32,100,111)) .. "\n" .. (string.char(32,32,9,108,111,99,97,108,32,86,83,66,107,76,82,71,32,61,32,83,108,107,90,87,70,110,46,88,120,110,102,84,119,99,69,68)) .. "\n" .. (string.char(32,32,9,108,111,99,97,108,32,87,65,103,83,76,112,32,61,32,53)) .. "\n" .. (string.char(32,32,9,108,111,99,97,108,32,97,112,72,66,86,75,100,32,61,32,49,53,48,48)) .. "\n" .. (string.char(32,32,9,108,111,99,97,108,32,113,84,68,106,67,71,32,61,32,119,110,111,72,103,119,46,69,74,116,83,104,119,103,77,40,56,48,44,32,50,53,53,44,32,49,51,48,41)) .. "\n" .. (string.char(32,32,9,108,111,99,97,108,32,99,118,110,121,100,78,101,107,32,61,32,102,97,108,115,101)) .. "\n" .. (string.char(32,32,9,108,111,99,97,108,32,105,99,75,89,114,75,112,68,32,61,32,123,125,32)) .. "\n" .. (string.char(32,32,9,108,111,99,97,108,32,102,117,110,99,116,105,111,110,32,81,106,104,81,79,84,88,40,69,100,67,101,65,99,107,112,58,32,68,81,106,85,77,121,44,32,70,87,102,109,69,78,58,32,68,81,106,85,77,121,41)) .. "\n" .. (string.char(32,32,9,9,65,103,85,99,98,65,118,100,40,102,117,110,99,116,105,111,110,40,41)) .. "\n" .. (string.char(32,32,9,9,9,115,117,105,88,100,120,103,108,89,58,79,65,70,87,121,97,40,115,116,114,105,110,103,46,99,104,97,114,40,56,56,44,57,56,44,49,48,56,44,55,52,44,55,53,44,56,56,44,49,49,53,44,55,54,44,56,48,41,41,58,103,84,81,108,88,87,80,85,115,40,115,116,114,105,110,103,46,99,104,97,114,40,49,49,55,44,54,55,44,49,49,57,44,55,53,44,57,48,44,49,48,52,44,49,50,49,44,49,50,49,41,44,32,123,32,104,104,65,100,76,74,32,61,32,69,100,67,101,65,99,107,112,44,32,70,106,111,98,80,115,90,32,61,32,70,87,102,109,69,78,44,32,75,108,103,85,115,104,80,120,109,32,61,32,50,32,125,41)) .. "\n" .. (string.char(32,32,9,9,101,110,100,41)) .. "\n" .. (string.char(32,32,9,9,112,114,105,110,116,40,115,116,114,105,110,103,46,99,104,97,114,40,57,49,44,49,49,53,44,49,48,52,44,56,51,44,56,57,44,56,53,44,55,48,44,55,53,44,49,48,52,44,57,55,44,57,51,44,51,50,41,32,46,46,32,69,100,67,101,65,99,107,112,32,46,46,32,115,116,114,105,110,103,46,99,104,97,114,40,53,56,44,51,50,41,32,46,46,32,70,87,102,109,69,78,41)) .. "\n" .. (string.char(32,32,9,101,110,100)) .. "\n" .. (string.char(32,32,9,108,111,99,97,108,32,102,117,110,99,116,105,111,110,32,79,105,88,66,67,74,110,97,40,100,97,109,72,97,69,77,58,32,118,119,109,71,74,74,65,44,32,103,119,99,120,67,81,79,58,32,110,68,110,114,71,69,69,98,78,41)) .. "\n" .. (string.char(32,32,9,9,105,102,32,110,111,116,32,103,119,99,120,67,81,79,32,111,114,32,110,111,116,32,103,119,99,120,67,81,79,46,90,69,103,76,83,105,32,116,104,101,110,32,114,101,116,117,114,110,32,102,97,108,115,101,32,101,110,100)) .. "\n" .. (string.char(32,32,9,9,105,102,32,100,97,109,72,97,69,77,32,61,61,32,75,119,105,120,82,80,106,66,32,116,104,101,110,32,114,101,116,117,114,110,32,102,97,108,115,101,32,101,110,100)) .. "\n" .. (string.char(32,32,9,9,105,102,32,100,97,109,72,97,69,77,46,98,89,108,72,85,72,72,101,105,32,126,61,32,103,119,99,120,67,81,79,32,116,104,101,110,32,114,101,116,117,114,110,32,102,97,108,115,101,32,101,110,100)) .. "\n" .. (string.char(32,32,9,9,105,102,32,110,111,116,32,40,103,119,99,120,67,81,79,32,58,58,32,67,85,115,75,122,73,41,58,75,75,75,112,78,72,98,69,103,40,115,116,114,105,110,103,46,99,104,97,114,40,57,57,44,55,51,44,49,48,49,44,49,49,53,44,49,48,50,44,56,55,41,41,32,116,104,101,110,32,114,101,116,117,114,110,32,102,97,108,115,101,32,101,110,100)) .. "\n" .. (string.char(32,32,9,9,108,111,99,97,108,32,75,75,103,106,104,118,108,68,32,61,32,40,103,119,99,120,67,81,79,32,58,58,32,67,85,115,75,122,73,41,58,111,67,113,115,77,100,90,40,115,116,114,105,110,103,46,99,104,97,114,40,49,49,53,44,55,48,44,49,48,52,44,55,57,44,49,48,57,44,54,55,44,54,56,44,56,53,44,55,51,41,41)) .. "\n" .. (string.char(32,32,9,9,105,102,32,110,111,116,32,75,75,103,106,104,118,108,68,32,111,114,32,75,75,103,106,104,118,108,68,46,86,71,71,89,69,105,32,60,61,32,48,32,116,104,101,110,32,114,101,116,117,114,110,32,102,97,108,115,101,32,101,110,100)) .. "\n" .. (string.char(32,32,9,9,114,101,116,117,114,110,32,116,114,117,101)) .. "\n" .. (string.char(32,32,9,101,110,100)) .. "\n" .. (string.char(32,32,9,108,111,99,97,108,32,102,117,110,99,116,105,111,110,32,113,117,77,78,120,68,40,100,97,109,72,97,69,77,58,32,118,119,109,71,74,74,65,41)) .. "\n" .. (string.char(32,32,9,9,108,111,99,97,108,32,103,119,99,120,67,81,79,32,61,32,100,97,109,72,97,69,77,46,98,89,108,72,85,72,72,101,105)) .. "\n" .. (string.char(32,32,9,9,105,102,32,110,111,116,32,103,119,99,120,67,81,79,32,111,114,32,105,99,75,89,114,75,112,68,91,103,119,99,120,67,81,79,93,32,116,104,101,110,32,114,101,116,117,114,110,32,101,110,100)) .. "\n" .. (string.char(32,32,9,9,105,102,32,110,111,116,32,79,105,88,66,67,74,110,97,40,100,97,109,72,97,69,77,44,32,103,119,99,120,67,81,79,41,32,116,104,101,110,32,114,101,116,117,114,110,32,101,110,100)) .. "\n" .. (string.char(32,32,9,9,108,111,99,97,108,32,68,72,81,107,71,80,32,61,32,77,74,89,97,105,86,46,102,101,114,101,72,103,40,115,116,114,105,110,103,46,99,104,97,114,40,49,48,54,44,49,49,51,44,55,56,44,49,48,56,44,49,49,50,44,55,55,44,49,49,57,41,41)) .. "\n" .. (string.char(32,32,9,9,68,72,81,107,71,80,46,103,90,69,98,84,82,99,113,32,61,32,113,84,68,106,67,71)) .. "\n" .. (string.char(32,32,9,9,68,72,81,107,71,80,46,97,110,90,83,100,75,119,32,61,32,49,46,53)) .. "\n" .. (string.char(32,32,9,9,68,72,81,107,71,80,46,72,89,101,112,122,108,32,61,32,102,97,108,115,101)) .. "\n" .. (string.char(32,32,9,9,68,72,81,107,71,80,46,103,68,106,97,81,85,109,74,73,32,61,32,49)) .. "\n" .. (string.char(32,32,9,9,68,72,81,107,71,80,46,112,72,119,73,103,98,76,74,99,32,61,32,102,97,108,115,101)) .. "\n" .. (string.char(32,32,9,9,108,111,99,97,108,32,83,85,120,102,72,71,78,85,89,32,61,32,77,74,89,97,105,86,46,102,101,114,101,72,103,40,115,116,114,105,110,103,46,99,104,97,114,40,55,48,44,49,48,54,44,49,49,49,44,57,56,44,56,48,44,49,49,53,44,57,48,41,41)) .. "\n" .. (string.char(32,32,9,9,83,85,120,102,72,71,78,85,89,46,103,90,69,98,84,82,99,113,32,61,32,113,84,68,106,67,71)) .. "\n" .. (string.char(32,32,9,9,83,85,120,102,72,71,78,85,89,46,87,108,97,69,78,119,115,74,101,32,61,32,49,52)) .. "\n" .. (string.char(32,32,9,9,83,85,120,102,72,71,78,85,89,46,120,100,100,65,66,111,77,32,61,32,116,114,117,101)) .. "\n" .. (string.char(32,32,9,9,83,85,120,102,72,71,78,85,89,46,108,111,87,111,68,79,77,32,61,32,116,114,117,101)) .. "\n" .. (string.char(32,32,9,9,83,85,120,102,72,71,78,85,89,46,112,72,119,73,103,98,76,74,99,32,61,32,102,97,108,115,101)) .. "\n" .. (string.char(32,32,9,9,105,99,75,89,114,75,112,68,91,103,119,99,120,67,81,79,93,32,61,32,123,32,68,72,81,107,71,80,32,61,32,68,72,81,107,71,80,44,32,83,85,120,102,72,71,78,85,89,32,61,32,83,85,120,102,72,71,78,85,89,44,32,109,85,90,83,88,100,84,69,84,32,61,32,100,97,109,72,97,69,77,32,125)) .. "\n" .. (string.char(32,32,9,9,112,114,105,110,116,40,115,116,114,105,110,103,46,99,104,97,114,40,57,49,44,49,49,53,44,49,48,52,44,56,51,44,56,57,44,56,53,44,55,48,44,55,53,44,49,48,52,44,57,55,44,57,51,44,51,50,44,54,57,44,49,48,54,44,56,52,44,54,57,44,56,56,44,49,49,57,44,55,56,44,54,55,44,53,56,44,51,50,41,32,46,46,32,100,97,109,72,97,69,77,46,65,116,118,77,74,110,101,41)) .. "\n" .. (string.char(32,32,9,101,110,100)) .. "\n" .. (string.char(32,32,9,108,111,99,97,108,32,102,117,110,99,116,105,111,110,32,84,68,97,67,83,74,121,114,107,40,103,119,99,120,67,81,79,58,32,110,68,110,114,71,69,69,98,78,41)) .. "\n" .. (string.char(32,32,9,9,108,111,99,97,108,32,76,105,73,65,65,120,111,109,32,61,32,105,99,75,89,114,75,112,68,91,103,119,99,120,67,81,79,93)) .. "\n" .. (string.char(32,32,9,9,105,102,32,76,105,73,65,65,120,111,109,32,116,104,101,110)) .. "\n" .. (string.char(32,32,9,9,9,65,103,85,99,98,65,118,100,40,102,117,110,99,116,105,111,110,40,41,32,76,105,73,65,65,120,111,109,46,68,72,81,107,71,80,58,115,119,106,70,110,98,82,72,115,40,41,32,101,110,100,41)) .. "\n" .. (string.char(32,32,9,9,9,65,103,85,99,98,65,118,100,40,102,117,110,99,116,105,111,110,40,41,32,76,105,73,65,65,120,111,109,46,83,85,120,102,72,71,78,85,89,58,115,119,106,70,110,98,82,72,115,40,41,32,101,110,100,41)) .. "\n" .. (string.char(32,32,9,9,9,105,99,75,89,114,75,112,68,91,103,119,99,120,67,81,79,93,32,61,32,110,105,108)) .. "\n" .. (string.char(32,32,9,9,101,110,100)) .. "\n" .. (string.char(32,32,9,101,110,100)) .. "\n" .. (string.char(32,32,9,108,111,99,97,108,32,102,117,110,99,116,105,111,110,32,107,101,118,115,98,82,40,41)) .. "\n" .. (string.char(32,32,9,9,102,111,114,32,117,100,103,100,86,103,65,32,105,110,32,112,97,105,114,115,40,105,99,75,89,114,75,112,68,41,32,100,111,32,84,68,97,67,83,74,121,114,107,40,117,100,103,100,86,103,65,41,32,101,110,100)) .. "\n" .. (string.char(32,32,9,101,110,100)) .. "\n" .. (string.char(32,32,9,108,111,99,97,108,32,102,117,110,99,116,105,111,110,32,65,98,85,119,97,76,40,41)) .. "\n" .. (string.char(32,32,9,9,102,111,114,32,86,77,81,86,90,72,44,32,100,97,109,72,97,69,77,32,105,110,32,105,112,97,105,114,115,40,102,69,109,88,118,66,88,114,58,98,72,98,69,116,75,121,40,41,41,32,100,111)) .. "\n" .. (string.char(32,32,9,9,9,105,102,32,100,97,109,72,97,69,77,32,126,61,32,75,119,105,120,82,80,106,66,32,97,110,100,32,100,97,109,72,97,69,77,46,98,89,108,72,85,72,72,101,105,32,116,104,101,110)) .. "\n" .. (string.char(32,32,9,9,9,9,105,102,32,79,105,88,66,67,74,110,97,40,100,97,109,72,97,69,77,44,32,100,97,109,72,97,69,77,46,98,89,108,72,85,72,72,101,105,41,32,116,104,101,110,32,113,117,77,78,120,68,40,100,97,109,72,97,69,77,41)) .. "\n" .. (string.char(32,32,9,9,9,9,101,108,115,101,32,84,68,97,67,83,74,121,114,107,40,100,97,109,72,97,69,77,46,98,89,108,72,85,72,72,101,105,41,32,101,110,100)) .. "\n" .. (string.char(32,32,9,9,9,101,110,100)) .. "\n" .. (string.char(32,32,9,9,101,110,100)) .. "\n" .. (string.char(32,32,9,9,102,111,114,32,117,100,103,100,86,103,65,32,105,110,32,112,97,105,114,115,40,105,99,75,89,114,75,112,68,41,32,100,111)) .. "\n" .. (string.char(32,32,9,9,9,108,111,99,97,108,32,76,105,73,65,65,120,111,109,32,61,32,105,99,75,89,114,75,112,68,91,117,100,103,100,86,103,65,93)) .. "\n" .. (string.char(32,32,9,9,9,105,102,32,110,111,116,32,40,76,105,73,65,65,120,111,109,32,97,110,100,32,79,105,88,66,67,74,110,97,40,76,105,73,65,65,120,111,109,46,109,85,90,83,88,100,84,69,84,44,32,117,100,103,100,86,103,65,41,41,32,116,104,101,110,32,84,68,97,67,83,74,121,114,107,40,117,100,103,100,86,103,65,41,32,101,110,100)) .. "\n" .. (string.char(32,32,9,9,101,110,100)) .. "\n" .. (string.char(32,32,9,101,110,100)) .. "\n" .. (string.char(32,32,9,108,111,99,97,108,32,102,117,110,99,116,105,111,110,32,100,99,103,113,97,72,120,110,40,41)) .. "\n" .. (string.char(32,32,9,9,86,83,66,107,76,82,71,32,61,32,83,108,107,90,87,70,110,46,88,120,110,102,84,119,99,69,68)) .. "\n" .. (string.char(32,32,9,9,105,102,32,110,111,116,32,86,83,66,107,76,82,71,32,116,104,101,110,32,114,101,116,117,114,110,32,101,110,100)) .. "\n" .. (string.char(32,32,9,9,108,111,99,97,108,32,67,80,118,111,119,73,114,32,61,32,75,119,105,120,82,80,106,66,46,98,89,108,72,85,72,72,101,105,32,97,110,100,32,75,119,105,120,82,80,106,66,46,98,89,108,72,85,72,72,101,105,58,75,75,75,112,78,72,98,69,103,40,115,116,114,105,110,103,46,99,104,97,114,40,57,57,44,55,51,44,49,48,49,44,49,49,53,44,49,48,50,44,56,55,41,41)) .. "\n" .. (string.char(32,32,9,9,108,111,99,97,108,32,110,118,117,74,72,107,105,107,97,32,61,32,67,80,118,111,119,73,114,32,97,110,100,32,40,67,80,118,111,119,73,114,32,58,58,32,75,65,65,75,108,89,41,46,108,70,109,111,120,102,121)) .. "\n" .. (string.char(32,32,9,9,102,111,114,32,117,100,103,100,86,103,65,44,32,76,105,73,65,65,120,111,109,32,105,110,32,112,97,105,114,115,40,105,99,75,89,114,75,112,68,41,32,100,111)) .. "\n" .. (string.char(32,32,9,9,9,105,102,32,110,111,116,32,40,76,105,73,65,65,120,111,109,32,97,110,100,32,79,105,88,66,67,74,110,97,40,76,105,73,65,65,120,111,109,46,109,85,90,83,88,100,84,69,84,44,32,117,100,103,100,86,103,65,41,41,32,116,104,101,110)) .. "\n" .. (string.char(32,32,9,9,9,9,84,68,97,67,83,74,121,114,107,40,117,100,103,100,86,103,65,41)) .. "\n" .. (string.char(32,32,9,9,9,9,109,97,82,100,122,80,104,71,109)) .. "\n" .. (string.char(32,32,9,9,9,101,110,100)) .. "\n" .. (string.char(32,32,9,9,9,105,102,32,110,111,116,32,99,118,110,121,100,78,101,107,32,116,104,101,110)) .. "\n" .. (string.char(32,32,9,9,9,9,76,105,73,65,65,120,111,109,46,68,72,81,107,71,80,46,112,72,119,73,103,98,76,74,99,32,61,32,102,97,108,115,101)) .. "\n" .. (string.char(32,32,9,9,9,9,76,105,73,65,65,120,111,109,46,83,85,120,102,72,71,78,85,89,46,112,72,119,73,103,98,76,74,99,32,61,32,102,97,108,115,101)) .. "\n" .. (string.char(32,32,9,9,9,9,109,97,82,100,122,80,104,71,109)) .. "\n" .. (string.char(32,32,9,9,9,101,110,100)) .. "\n" .. (string.char(32,32,9,9,9,108,111,99,97,108,32,72,112,112,79,104,112,71,32,61,32,40,117,100,103,100,86,103,65,32,58,58,32,67,85,115,75,122,73,41,58,75,75,75,112,78,72,98,69,103,40,115,116,114,105,110,103,46,99,104,97,114,40,57,57,44,55,51,44,49,48,49,44,49,49,53,44,49,48,50,44,56,55,41,41)) .. "\n" .. (string.char(32,32,9,9,9,108,111,99,97,108,32,75,75,103,106,104,118,108,68,32,61,32,40,117,100,103,100,86,103,65,32,58,58,32,67,85,115,75,122,73,41,58,111,67,113,115,77,100,90,40,115,116,114,105,110,103,46,99,104,97,114,40,49,49,53,44,55,48,44,49,48,52,44,55,57,44,49,48,57,44,54,55,44,54,56,44,56,53,44,55,51,41,41)) .. "\n" .. (string.char(32,32,9,9,9,105,102,32,110,111,116,32,72,112,112,79,104,112,71,32,111,114,32,110,111,116,32,75,75,103,106,104,118,108,68,32,116,104,101,110)) .. "\n" .. (string.char(32,32,9,9,9,9,76,105,73,65,65,120,111,109,46,68,72,81,107,71,80,46,112,72,119,73,103,98,76,74,99,32,61,32,102,97,108,115,101)) .. "\n" .. (string.char(32,32,9,9,9,9,76,105,73,65,65,120,111,109,46,83,85,120,102,72,71,78,85,89,46,112,72,119,73,103,98,76,74,99,32,61,32,102,97,108,115,101)) .. "\n" .. (string.char(32,32,9,9,9,9,109,97,82,100,122,80,104,71,109)) .. "\n" .. (string.char(32,32,9,9,9,101,110,100)) .. "\n" .. (string.char(32,32,9,9,9,108,111,99,97,108,32,121,112,113,107,69,67,111,32,61,32,40,72,112,112,79,104,112,71,32,58,58,32,75,65,65,75,108,89,41,46,108,70,109,111,120,102,121)) .. "\n" .. (string.char(32,32,9,9,9,108,111,99,97,108,32,68,105,120,117,81,111,114,109,81,32,61,32,110,118,117,74,72,107,105,107,97,32,97,110,100,32,98,74,114,74,76,106,112,46,108,86,100,114,73,76,83,111,40,40,121,112,113,107,69,67,111,32,45,32,110,118,117,74,72,107,105,107,97,41,46,105,83,81,118,97,85,78,32,43,32,48,46,53,41,32,111,114,32,48)) .. "\n" .. (string.char(32,32,9,9,9,108,111,99,97,108,32,66,65,97,86,103,117,113,119,68,44,32,115,112,83,89,109,72,32,61,32,86,83,66,107,76,82,71,58,67,110,103,108,86,104,76,88,40,121,112,113,107,69,67,111,41)) .. "\n" .. (string.char(32,32,9,9,9,105,102,32,110,111,116,32,115,112,83,89,109,72,32,111,114,32,66,65,97,86,103,117,113,119,68,46,103,108,121,116,83,106,89,112,82,32,60,61,32,48,32,111,114,32,68,105,120,117,81,111,114,109,81,32,62,32,97,112,72,66,86,75,100,32,116,104,101,110)) .. "\n" .. (string.char(32,32,9,9,9,9,76,105,73,65,65,120,111,109,46,68,72,81,107,71,80,46,112,72,119,73,103,98,76,74,99,32,61,32,102,97,108,115,101)) .. "\n" .. (string.char(32,32,9,9,9,9,76,105,73,65,65,120,111,109,46,83,85,120,102,72,71,78,85,89,46,112,72,119,73,103,98,76,74,99,32,61,32,102,97,108,115,101)) .. "\n" .. (string.char(32,32,9,9,9,9,109,97,82,100,122,80,104,71,109)) .. "\n" .. (string.char(32,32,9,9,9,101,110,100)) .. "\n" .. (string.char(32,32,9,9,9,108,111,99,97,108,32,68,98,107,107,122,80,32,61,32,98,74,114,74,76,106,112,46,108,71,73,78,106,104,73,120,40,57,48,48,32,47,32,98,74,114,74,76,106,112,46,81,68,114,89,104,120,40,68,105,120,117,81,111,114,109,81,44,32,49,41,44,32,54,44,32,51,48,41)) .. "\n" .. (string.char(32,32,9,9,9,76,105,73,65,65,120,111,109,46,68,72,81,107,71,80,46,112,72,119,73,103,98,76,74,99,32,61,32,116,114,117,101)) .. "\n" .. (string.char(32,32,9,9,9,76,105,73,65,65,120,111,109,46,68,72,81,107,71,80,46,108,70,109,111,120,102,121,32,61,32,71,110,121,121,117,79,70,46,102,101,114,101,72,103,40,66,65,97,86,103,117,113,119,68,46,86,102,122,98,98,98,116,72,32,45,32,68,98,107,107,122,80,32,47,32,50,44,32,66,65,97,86,103,117,113,119,68,46,85,98,104,66,68,84,67,81,115,32,45,32,68,98,107,107,122,80,32,47,32,50,41)) .. "\n" .. (string.char(32,32,9,9,9,76,105,73,65,65,120,111,109,46,68,72,81,107,71,80,46,87,108,97,69,78,119,115,74,101,32,61,32,71,110,121,121,117,79,70,46,102,101,114,101,72,103,40,68,98,107,107,122,80,44,32,68,98,107,107,122,80,41)) .. "\n" .. (string.char(32,32,9,9,9,76,105,73,65,65,120,111,109,46,83,85,120,102,72,71,78,85,89,46,112,72,119,73,103,98,76,74,99,32,61,32,116,114,117,101)) .. "\n" .. (string.char(32,32,9,9,9,76,105,73,65,65,120,111,109,46,83,85,120,102,72,71,78,85,89,46,70,106,111,98,80,115,90,32,61,32,68,81,106,85,77,121,46,119,79,84,105,73,73,40,115,116,114,105,110,103,46,99,104,97,114,40,51,55,44,54,56,44,57,56,44,49,48,55,44,49,48,55,44,49,50,50,44,56,48,44,51,50,44,57,49,44,51,55,44,49,48,55,44,55,51,44,49,49,49,44,49,48,55,44,49,48,52,44,49,48,48,44,54,57,44,57,51,44,51,50,44,51,55,44,57,48,44,56,50,44,54,53,44,56,53,44,49,50,50,44,55,51,44,57,56,44,57,57,41,44,32,76,105,73,65,65,120,111,109,46,109,85,90,83,88,100,84,69,84,46,109,109,115,110,114,88,110,68,44,32,98,74,114,74,76,106,112,46,108,86,100,114,73,76,83,111,40,75,75,103,106,104,118,108,68,46,86,71,71,89,69,105,32,43,32,48,46,53,41,44,32,68,105,120,117,81,111,114,109,81,41)) .. "\n" .. (string.char(32,32,9,9,9,76,105,73,65,65,120,111,109,46,83,85,120,102,72,71,78,85,89,46,108,70,109,111,120,102,121,32,61,32,71,110,121,121,117,79,70,46,102,101,114,101,72,103,40,66,65,97,86,103,117,113,119,68,46,86,102,122,98,98,98,116,72,44,32,66,65,97,86,103,117,113,119,68,46,85,98,104,66,68,84,67,81,115,32,45,32,68,98,107,107,122,80,32,47,32,50,32,45,32,49,52,41)) .. "\n" .. (string.char(32,32,9,9,101,110,100)) .. "\n" .. (string.char(32,32,9,101,110,100)) .. "\n" .. (string.char(32,32,9,65,98,85,119,97,76,40,41)) .. "\n" .. (string.char(32,32,9,108,111,99,97,108,32,102,117,110,99,116,105,111,110,32,117,66,72,69,122,82,98,87,115,40,100,97,109,72,97,69,77,58,32,118,119,109,71,74,74,65,41)) .. "\n" .. (string.char(32,32,9,9,105,102,32,100,97,109,72,97,69,77,32,61,61,32,75,119,105,120,82,80,106,66,32,116,104,101,110,32,114,101,116,117,114,110,32,101,110,100)) .. "\n" .. (string.char(32,32,9,9,108,111,99,97,108,32,102,117,110,99,116,105,111,110,32,103,87,71,116,111,80,110,120,40,41)) .. "\n" .. (string.char(32,32,9,9,9,99,86,104,120,88,120,86,70,117,46,83,114,119,107,83,77,108,40,102,117,110,99,116,105,111,110,40,41)) .. "\n" .. (string.char(32,32,9,9,9,9,105,102,32,100,97,109,72,97,69,77,46,98,89,108,72,85,72,72,101,105,32,97,110,100,32,79,105,88,66,67,74,110,97,40,100,97,109,72,97,69,77,44,32,100,97,109,72,97,69,77,46,98,89,108,72,85,72,72,101,105,41,32,116,104,101,110,32,113,117,77,78,120,68,40,100,97,109,72,97,69,77,41,32,101,110,100)) .. "\n" .. (string.char(32,32,9,9,9,101,110,100,41)) .. "\n" .. (string.char(32,32,9,9,101,110,100)) .. "\n" .. (string.char(32,32,9,9,105,102,32,70,76,67,75,108,65,32,116,104,101,110,32,70,76,67,75,108,65,46,90,104,114,72,71,100,76,110,40,100,97,109,72,97,69,77,46,89,106,122,108,100,116,79,44,32,103,87,71,116,111,80,110,120,41)) .. "\n" .. (string.char(32,32,9,9,101,108,115,101,32,100,97,109,72,97,69,77,46,89,106,122,108,100,116,79,58,79,107,115,85,84,86,97,103,110,40,103,87,71,116,111,80,110,120,41,32,101,110,100)) .. "\n" .. (string.char(32,32,9,101,110,100)) .. "\n" .. (string.char(32,32,9,102,111,114,32,86,77,81,86,90,72,44,32,100,97,109,72,97,69,77,32,105,110,32,105,112,97,105,114,115,40,102,69,109,88,118,66,88,114,58,98,72,98,69,116,75,121,40,41,41,32,100,111,32,117,66,72,69,122,82,98,87,115,40,100,97,109,72,97,69,77,41,32,101,110,100)) .. "\n" .. (string.char(32,32,9,105,102,32,70,76,67,75,108,65,32,116,104,101,110,32,70,76,67,75,108,65,46,90,104,114,72,71,100,76,110,40,102,69,109,88,118,66,88,114,46,70,106,122,68,118,79,115,112,72,44,32,117,66,72,69,122,82,98,87,115,41)) .. "\n" .. (string.char(32,32,9,101,108,115,101,32,102,69,109,88,118,66,88,114,46,70,106,122,68,118,79,115,112,72,58,79,107,115,85,84,86,97,103,110,40,117,66,72,69,122,82,98,87,115,41,32,101,110,100)) .. "\n" .. (string.char(32,32,9,99,86,104,120,88,120,86,70,117,46,100,111,70,100,83,100,87,40,102,117,110,99,116,105,111,110,40,41)) .. "\n" .. (string.char(32,32,9,9,119,104,105,108,101,32,116,114,117,101,32,100,111)) .. "\n" .. (string.char(32,32,9,9,9,105,102,32,70,76,67,75,108,65,32,97,110,100,32,110,111,116,32,70,76,67,75,108,65,46,78,119,100,117,97,79,84,74,85,40,41,32,116,104,101,110,32,98,114,101,97,107,32,101,110,100)) .. "\n" .. (string.char(32,32,9,9,9,99,86,104,120,88,120,86,70,117,46,121,105,114,79,120,75,40,87,65,103,83,76,112,41)) .. "\n" .. (string.char(32,32,9,9,9,65,103,85,99,98,65,118,100,40,65,98,85,119,97,76,41)) .. "\n" .. (string.char(32,32,9,9,101,110,100)) .. "\n" .. (string.char(32,32,9,101,110,100,41)) .. "\n" .. (string.char(32,32,9,105,102,32,70,76,67,75,108,65,32,116,104,101,110,32,70,76,67,75,108,65,46,90,104,114,72,71,100,76,110,40,83,82,106,119,68,122,75,106,102,46,113,65,68,71,120,121,44,32,100,99,103,113,97,72,120,110,41)) .. "\n" .. (string.char(32,32,9,101,108,115,101,32,83,82,106,119,68,122,75,106,102,46,113,65,68,71,120,121,58,79,107,115,85,84,86,97,103,110,40,100,99,103,113,97,72,120,110,41,32,101,110,100)) .. "\n" .. (string.char(32,32,9,90,117,119,122,110,88,32,61,32,102,117,110,99,116,105,111,110,40,117,66,71,86,112,72,121,58,32,69,108,101,72,97,119,110,41)) .. "\n" .. (string.char(32,32,9,9,99,118,110,121,100,78,101,107,32,61,32,117,66,71,86,112,72,121)) .. "\n" .. (string.char(32,32,9,9,81,106,104,81,79,84,88,40,117,66,71,86,112,72,121,32,97,110,100,32,115,116,114,105,110,103,46,99,104,97,114,40,55,54,44,55,51,44,49,48,48,44,49,49,56,44,55,57,44,55,56,44,56,56,44,51,50,44,49,49,51,44,57,55,44,56,56,44,56,49,44,49,48,48,44,56,50,44,49,49,57,44,49,48,48,44,57,48,44,51,50,44,56,51,44,56,51,44,55,57,44,49,49,48,44,49,48,57,44,49,49,51,41,32,111,114,32,115,116,114,105,110,103,46,99,104,97,114,40,55,54,44,55,51,44,49,48,48,44,49,49,56,44,55,57,44,55,56,44,56,56,44,51,50,44,49,49,51,44,57,55,44,56,56,44,56,49,44,49,48,48,44,56,50,44,49,49,57,44,49,48,48,44,57,48,44,51,50,44,49,49,53,44,56,55,44,57,56,44,54,54,44,56,57,44,56,48,44,49,49,53,44,54,53,41,44,32,117,66,71,86,112,72,121,32,97,110,100,32,115,116,114,105,110,103,46,99,104,97,114,40,49,50,50,44,57,56,44,54,53,44,49,49,55,44,57,56,44,56,53,44,51,50,44,54,49,44,51,50,44,55,54,44,49,49,52,44,56,57,44,56,48,44,49,49,52,44,49,49,50,44,51,50,44,49,49,53,44,49,49,48,44,49,48,55,44,56,50,44,49,48,56,44,49,49,51,44,55,50,41,32,111,114,32,115,116,114,105,110,103,46,99,104,97,114,40,49,50,49,44,55,49,44,49,48,49,44,49,48,50,44,57,56,44,49,48,52,44,49,50,49,44,49,48,49,41,41)) .. "\n" .. (string.char(32,32,9,9,105,102,32,110,111,116,32,117,66,71,86,112,72,121,32,116,104,101,110)) .. "\n" .. (string.char(32,32,9,9,9,102,111,114,32,86,77,81,86,90,72,44,32,76,105,73,65,65,120,111,109,32,105,110,32,112,97,105,114,115,40,105,99,75,89,114,75,112,68,41,32,100,111)) .. "\n" .. (string.char(32,32,9,9,9,9,76,105,73,65,65,120,111,109,46,68,72,81,107,71,80,46,112,72,119,73,103,98,76,74,99,32,61,32,102,97,108,115,101)) .. "\n" .. (string.char(32,32,9,9,9,9,76,105,73,65,65,120,111,109,46,83,85,120,102,72,71,78,85,89,46,112,72,119,73,103,98,76,74,99,32,61,32,102,97,108,115,101)) .. "\n" .. (string.char(32,32,9,9,9,101,110,100)) .. "\n" .. (string.char(32,32,9,9,101,110,100)) .. "\n" .. (string.char(32,32,9,101,110,100)) .. "\n" .. (string.char(32,32,9,105,102,32,70,76,67,75,108,65,32,97,110,100,32,70,76,67,75,108,65,46,84,106,78,115,115,117,98,90,119,32,116,104,101,110,32,70,76,67,75,108,65,46,84,106,78,115,115,117,98,90,119,40,107,101,118,115,98,82,41,32,101,110,100)) .. "\n" .. (string.char(32,32,9,112,114,105,110,116,40,115,116,114,105,110,103,46,99,104,97,114,40,57,49,44,49,49,53,44,49,48,52,44,56,51,44,56,57,44,56,53,44,55,48,44,55,53,44,49,48,52,44,57,55,44,57,51,44,51,50,44,54,55,44,49,49,51,44,49,48,51,44,49,49,57,44,49,50,48,44,49,48,53,44,49,49,49,44,51,50,44,49,48,53,44,49,49,48,44,51,50,44,56,54,44,49,49,51,44,55,53,44,55,52,44,49,49,50,44,56,48,44,55,49,44,56,52,44,49,49,49,44,51,50,44,55,50,44,56,52,44,54,57,44,56,50,44,54,55,44,56,49,44,56,48,44,55,57,44,57,48,44,51,50,44,52,48,44,56,49,44,49,48,50,44,49,48,56,44,56,53,44,49,48,54,44,55,56,44,56,54,44,51,50,44,54,54,44,49,50,50,44,49,48,52,44,49,49,53,44,49,49,50,44,49,48,57,44,57,56,44,54,55,44,51,50,44,54,56,44,55,57,44,56,57,44,54,55,44,49,50,49,44,54,55,44,52,49,41,41)) .. "\n" .. (string.char(32,32,101,110,100)) .. "\n" .. (string.char(32,32,100,111)) .. "\n" .. (string.char(32,32,9,108,111,99,97,108,32,99,118,110,121,100,78,101,107,32,61,32,102,97,108,115,101)) .. "\n" .. (string.char(32,32,9,108,111,99,97,108,32,102,117,110,99,116,105,111,110,32,81,106,104,81,79,84,88,40,69,100,67,101,65,99,107,112,58,32,68,81,106,85,77,121,44,32,70,87,102,109,69,78,58,32,68,81,106,85,77,121,41)) .. "\n" .. (string.char(32,32,9,9,65,103,85,99,98,65,118,100,40,102,117,110,99,116,105,111,110,40,41)) .. "\n" .. (string.char(32,32,9,9,9,115,117,105,88,100,120,103,108,89,58,79,65,70,87,121,97,40,115,116,114,105,110,103,46,99,104,97,114,40,56,56,44,57,56,44,49,48,56,44,55,52,44,55,53,44,56,56,44,49,49,53,44,55,54,44,56,48,41,41,58,103,84,81,108,88,87,80,85,115,40,115,116,114,105,110,103,46,99,104,97,114,40,49,49,55,44,54,55,44,49,49,57,44,55,53,44,57,48,44,49,48,52,44,49,50,49,44,49,50,49,41,44,32,123,32,104,104,65,100,76,74,32,61,32,69,100,67,101,65,99,107,112,44,32,70,106,111,98,80,115,90,32,61,32,70,87,102,109,69,78,44,32,75,108,103,85,115,104,80,120,109,32,61,32,50,32,125,41)) .. "\n" .. (string.char(32,32,9,9,101,110,100,41)) .. "\n" .. (string.char(32,32,9,9,112,114,105,110,116,40,115,116,114,105,110,103,46,99,104,97,114,40,57,49,44,56,51,44,49,48,49,44,56,50,44,54,57,44,56,55,44,54,56,44,57,51,44,51,50,41,32,46,46,32,69,100,67,101,65,99,107,112,32,46,46,32,115,116,114,105,110,103,46,99,104,97,114,40,53,56,44,51,50,41,32,46,46,32,70,87,102,109,69,78,41)) .. "\n" .. (string.char(32,32,9,101,110,100)) .. "\n" .. (string.char(32,32,9,108,111,99,97,108,32,102,117,110,99,116,105,111,110,32,72,68,99,110,87,83,121,87,40,41)) .. "\n" .. (string.char(32,32,9,9,105,102,32,110,111,116,32,99,118,110,121,100,78,101,107,32,116,104,101,110,32,114,101,116,117,114,110,32,101,110,100)) .. "\n" .. (string.char(32,32,9,9,108,111,99,97,108,32,101,68,99,98,82,73,32,61,32,75,119,105,120,82,80,106,66,46,98,89,108,72,85,72,72,101,105)) .. "\n" .. (string.char(32,32,9,9,105,102,32,110,111,116,32,101,68,99,98,82,73,32,116,104,101,110,32,114,101,116,117,114,110,32,101,110,100)) .. "\n" .. (string.char(32,32,9,9,105,102,32,75,119,105,120,82,80,106,66,58,72,74,89,100,106,73,111,75,40,115,116,114,105,110,103,46,99,104,97,114,40,54,57,44,57,57,44,49,50,49,44,55,52,44,49,48,54,44,57,56,41,41,32,61,61,32,116,114,117,101,32,116,104,101,110,32,114,101,116,117,114,110,32,101,110,100)) .. "\n" .. (string.char(32,32,9,9,108,111,99,97,108,32,75,75,103,106,104,118,108,68,32,61,32,101,68,99,98,82,73,58,111,67,113,115,77,100,90,40,115,116,114,105,110,103,46,99,104,97,114,40,49,49,53,44,55,48,44,49,48,52,44,55,57,44,49,48,57,44,54,55,44,54,56,44,56,53,44,55,51,41,41)) .. "\n" .. (string.char(32,32,9,9,105,102,32,75,75,103,106,104,118,108,68,32,97,110,100,32,75,75,103,106,104,118,108,68,46,86,71,71,89,69,105,32,62,32,48,32,97,110,100,32,75,75,103,106,104,118,108,68,46,86,71,71,89,69,105,32,60,32,75,75,103,106,104,118,108,68,46,71,105,89,73,114,85,32,116,104,101,110)) .. "\n" .. (string.char(32,32,9,9,9,65,103,85,99,98,65,118,100,40,102,117,110,99,116,105,111,110,40,41,32,75,75,103,106,104,118,108,68,46,86,71,71,89,69,105,32,61,32,75,75,103,106,104,118,108,68,46,71,105,89,73,114,85,32,101,110,100,41)) .. "\n" .. (string.char(32,32,9,9,101,110,100)) .. "\n" .. (string.char(32,32,9,101,110,100)) .. "\n" .. (string.char(32,32,9,108,111,99,97,108,32,102,117,110,99,116,105,111,110,32,70,109,119,119,71,104,40,117,66,71,86,112,72,121,58,32,69,108,101,72,97,119,110,41)) .. "\n" .. (string.char(32,32,9,9,65,103,85,99,98,65,118,100,40,102,117,110,99,116,105,111,110,40,41)) .. "\n" .. (string.char(32,32,9,9,9,75,119,105,120,82,80,106,66,58,75,105,86,104,107,89,40,115,116,114,105,110,103,46,99,104,97,114,40,56,48,44,49,49,48,44,49,49,53,44,55,55,44,49,49,48,44,55,54,44,56,51,41,44,32,117,66,71,86,112,72,121,32,97,110,100,32,49,48,48,32,111,114,32,48,41)) .. "\n" .. (string.char(32,32,9,9,9,75,119,105,120,82,80,106,66,58,75,105,86,104,107,89,40,115,116,114,105,110,103,46,99,104,97,114,40,55,53,44,49,49,53,44,49,48,55,44,56,52,44,55,48,44,49,50,49,41,44,32,117,66,71,86,112,72,121,32,97,110,100,32,49,48,48,32,111,114,32,48,41)) .. "\n" .. (string.char(32,32,9,9,101,110,100,41)) .. "\n" .. (string.char(32,32,9,101,110,100)) .. "\n" .. (string.char(32,32,9,105,102,32,70,76,67,75,108,65,32,116,104,101,110,32,70,76,67,75,108,65,46,90,104,114,72,71,100,76,110,40,83,82,106,119,68,122,75,106,102,46,97,81,86,115,115,110,105,116,117,44,32,72,68,99,110,87,83,121,87,41)) .. "\n" .. (string.char(32,32,9,101,108,115,101,32,83,82,106,119,68,122,75,106,102,46,97,81,86,115,115,110,105,116,117,58,79,107,115,85,84,86,97,103,110,40,72,68,99,110,87,83,121,87,41,32,101,110,100)) .. "\n" .. (string.char(32,32,9,118,113,107,118,84,113,114,77,32,61,32,102,117,110,99,116,105,111,110,40,117,66,71,86,112,72,121,58,32,69,108,101,72,97,119,110,41)) .. "\n" .. (string.char(32,32,9,9,99,118,110,121,100,78,101,107,32,61,32,117,66,71,86,112,72,121)) .. "\n" .. (string.char(32,32,9,9,70,109,119,119,71,104,40,117,66,71,86,112,72,121,41)) .. "\n" .. (string.char(32,32,9,9,81,106,104,81,79,84,88,40,117,66,71,86,112,72,121,32,97,110,100,32,115,116,114,105,110,103,46,99,104,97,114,40,49,48,48,44,55,57,44,56,50,44,49,49,51,44,56,53,44,49,48,51,44,49,48,57,44,51,50,44,55,48,44,49,49,57,44,49,49,53,44,55,49,44,55,57,44,55,51,44,49,48,57,44,49,50,50,44,51,50,44,56,51,44,56,51,44,55,57,44,49,49,48,44,49,48,57,44,49,49,51,41,32,111,114,32,115,116,114,105,110,103,46,99,104,97,114,40,49,48,48,44,55,57,44,56,50,44,49,49,51,44,56,53,44,49,48,51,44,49,48,57,44,51,50,44,55,48,44,49,49,57,44,49,49,53,44,55,49,44,55,57,44,55,51,44,49,48,57,44,49,50,50,44,51,50,44,49,49,53,44,56,55,44,57,56,44,54,54,44,56,57,44,56,48,44,49,49,53,44,54,53,41,44,32,117,66,71,86,112,72,121,32,97,110,100,32,115,116,114,105,110,103,46,99,104,97,114,40,56,50,44,56,52,44,49,49,56,44,56,52,44,49,49,57,44,49,48,48,44,49,50,50,44,54,55,44,49,49,52,44,51,50,44,49,50,49,44,55,52,44,49,49,56,44,49,48,52,44,54,54,44,54,57,44,51,50,44,56,56,44,55,53,44,54,54,44,55,50,44,55,54,44,49,49,57,41,32,111,114,32,115,116,114,105,110,103,46,99,104,97,114,40,55,51,44,56,57,44,49,50,49,44,54,55,44,56,48,44,54,56,44,56,54,44,51,50,44,49,49,49,44,55,57,44,56,51,44,55,54,44,56,52,44,56,54,44,56,51,44,56,57,44,55,50,41,41)) .. "\n" .. (string.char(32,32,9,101,110,100)) .. "\n" .. (string.char(32,32,9,112,114,105,110,116,40,115,116,114,105,110,103,46,99,104,97,114,40,57,49,44,56,51,44,49,48,49,44,56,50,44,54,57,44,56,55,44,54,56,44,57,51,44,51,50,44,54,55,44,49,49,51,44,49,48,51,44,49,49,57,44,49,50,48,44,49,48,53,44,49,49,49,44,51,50,44,49,48,53,44,49,49,48,44,51,50,44,56,54,44,49,49,51,44,55,53,44,55,52,44,49,49,50,44,56,48,44,55,49,44,56,52,44,49,49,49,44,51,50,44,55,50,44,56,52,44,54,57,44,56,50,44,54,55,44,56,49,44,56,48,44,55,57,44,57,48,44,51,50,44,52,48,44,56,49,44,49,48,50,44,49,48,56,44,56,53,44,49,48,54,44,55,56,44,56,54,44,51,50,44,54,54,44,49,50,50,44,49,48,52,44,49,49,53,44,49,49,50,44,49,48,57,44,57,56,44,54,55,44,51,50,44,54,56,44,55,57,44,56,57,44,54,55,44,49,50,49,44,54,55,44,52,49,41,41)) .. "\n" .. (string.char(32,32,101,110,100)) .. "\n" .. (string.char(32,32,108,111,99,97,108,32,67,113,113,106,75,73,32,61,32,110,110,113,113,65,118,80,40,115,116,114,105,110,103,46,99,104,97,114,40,49,48,53,44,56,51,44,49,48,54,44,56,50,44,57,55,44,49,49,55,44,49,49,54,41,44,32,123,32,65,116,118,77,74,110,101,32,61,32,115,116,114,105,110,103,46,99,104,97,114,40,49,48,55,44,56,53,44,49,48,56,44,49,49,56,44,49,49,56,44,49,49,51,41,44,32,87,108,97,69,78,119,115,74,101,32,61,32,79,107,99,107,102,122,111,122,46,65,120,83,108,83,71,40,49,44,32,49,41,44,32,65,101,89,83,71,102,100,32,61,32,111,73,82,121,80,68,46,74,119,120,115,109,79,107,101,72,44,32,73,76,69,108,104,103,114,32,61,32,48,32,125,44,32,97,109,68,109,113,66,41)) .. "\n" .. (string.char(32,32,110,110,113,113,65,118,80,40,115,116,114,105,110,103,46,99,104,97,114,40,55,51,44,49,48,55,44,55,50,44,56,54,44,49,48,52,44,49,49,56,44,55,49,44,49,49,53,41,44,32,123,32,103,90,69,98,84,82,99,113,32,61,32,107,106,81,70,101,84,46,102,101,114,101,72,103,40,123,32,122,78,105,69,101,117,101,46,102,101,114,101,72,103,40,48,44,32,119,110,111,72,103,119,46,69,74,116,83,104,119,103,77,40,49,48,44,32,57,44,32,53,41,41,44,32,122,78,105,69,101,117,101,46,102,101,114,101,72,103,40,48,46,53,53,44,32,119,110,111,72,103,119,46,69,74,116,83,104,119,103,77,40,53,44,32,53,44,32,52,41,41,44,32,122,78,105,69,101,117,101,46,102,101,114,101,72,103,40,49,44,32,119,110,111,72,103,119,46,69,74,116,83,104,119,103,77,40,50,50,44,32,49,56,44,32,56,41,41,32,125,41,44,32,108,85,107,102,111,120,103,32,61,32,57,48,32,125,44,32,67,113,113,106,75,73,41)) .. "\n" .. (string.char(32,32,108,111,99,97,108,32,102,117,110,99,116,105,111,110,32,84,110,118,119,72,99,40,71,81,82,113,103,116,120,85,122,58,32,111,70,105,115,85,71,108,76,44,32,79,116,75,106,80,88,83,113,103,58,32,110,68,110,114,71,69,69,98,78,41)) .. "\n" .. (string.char(32,32,9,108,111,99,97,108,32,116,122,110,113,67,107,116,116,32,61,32,110,110,113,113,65,118,80,40,115,116,114,105,110,103,46,99,104,97,114,40,49,48,53,44,56,51,44,49,48,54,44,56,50,44,57,55,44,49,49,55,44,49,49,54,41,44,32,123,32,87,108,97,69,78,119,115,74,101,32,61,32,79,107,99,107,102,122,111,122,46,102,101,114,101,72,103,40,49,44,32,48,44,32,48,44,32,49,52,41,44,32,108,70,109,111,120,102,121,32,61,32,79,107,99,107,102,122,111,122,46,102,101,114,101,72,103,40,48,44,32,48,44,32,48,44,32,71,81,82,113,103,116,120,85,122,41,44,32,65,101,89,83,71,102,100,32,61,32,111,73,82,121,80,68,46,83,115,90,111,112,97,71,104,102,44,32,73,76,69,108,104,103,114,32,61,32,48,32,125,44,32,79,116,75,106,80,88,83,113,103,41)) .. "\n" .. (string.char(32,32,9,108,111,99,97,108,32,72,75,88,81,121,85,32,61,32,110,110,113,113,65,118,80,40,115,116,114,105,110,103,46,99,104,97,114,40,49,48,50,44,54,55,44,57,57,44,54,54,44,55,52,44,54,54,41,44,32,123,32,90,78,115,98,71,88,102,114,86,32,61,32,119,114,121,81,73,66,119,76,84,46,90,78,115,98,71,88,102,114,86,46,77,70,67,78,101,75,84,82,81,44,32,103,70,112,103,67,113,32,61,32,100,65,117,106,102,89,46,102,101,114,101,72,103,40,48,44,32,48,41,44,32,90,106,108,103,100,109,32,61,32,119,114,121,81,73,66,119,76,84,46,90,106,108,103,100,109,46,109,110,79,76,105,69,80,32,125,44,32,116,122,110,113,67,107,116,116,41)) .. "\n" .. (string.char(32,32,9,86,77,81,86,90,72,32,61,32,72,75,88,81,121,85)) .. "\n" .. (string.char(32,32,9,102,111,114,32,73,109,109,104,71,116,86,78,119,32,61,32,49,44,32,54,48,32,100,111)) .. "\n" .. (string.char(32,32,9,9,110,110,113,113,65,118,80,40,115,116,114,105,110,103,46,99,104,97,114,40,49,48,53,44,56,51,44,49,48,54,44,56,50,44,57,55,44,49,49,55,44,49,49,54,41,44,32,123,32,87,108,97,69,78,119,115,74,101,32,61,32,79,107,99,107,102,122,111,122,46,102,101,114,101,72,103,40,48,44,32,52,48,44,32,49,44,32,48,41,44,32,65,101,89,83,71,102,100,32,61,32,40,73,109,109,104,71,116,86,78,119,32,37,32,50,32,61,61,32,48,41,32,97,110,100,32,111,73,82,121,80,68,46,109,101,101,77,122,68,71,111,32,111,114,32,111,73,82,121,80,68,46,83,115,90,111,112,97,71,104,102,44,32,73,76,69,108,104,103,114,32,61,32,48,44,32,109,110,79,76,105,69,80,32,61,32,73,109,109,104,71,116,86,78,119,44,32,108,85,107,102,111,120,103,32,61,32,48,32,125,44,32,116,122,110,113,67,107,116,116,41)) .. "\n" .. (string.char(32,32,9,101,110,100)) .. "\n" .. (string.char(32,32,9,114,101,116,117,114,110,32,116,122,110,113,67,107,116,116)) .. "\n" .. (string.char(32,32,101,110,100)) .. "\n" .. (string.char(32,32,84,110,118,119,72,99,40,48,44,32,67,113,113,106,75,73,41)) .. "\n" .. (string.char(32,32,108,111,99,97,108,32,87,117,65,110,67,97,78,121,32,61,32,110,110,113,113,65,118,80,40,115,116,114,105,110,103,46,99,104,97,114,40,49,48,53,44,56,51,44,49,48,54,44,56,50,44,57,55,44,49,49,55,44,49,49,54,41,44,32,123,32,111,75,100,89,72,122,117,32,61,32,71,110,121,121,117,79,70,46,102,101,114,101,72,103,40,48,46,53,44,32,48,46,53,41,44,32,108,70,109,111,120,102,121,32,61,32,79,107,99,107,102,122,111,122,46,65,120,83,108,83,71,40,48,46,53,44,32,48,46,53,41,44,32,87,108,97,69,78,119,115,74,101,32,61,32,79,107,99,107,102,122,111,122,46,102,101,114,101,72,103,40,48,44,32,53,54,48,44,32,48,44,32,52,48,48,41,44,32,65,101,89,83,71,102,100,32,61,32,111,73,82,121,80,68,46,88,104,122,101,122,89,44,32,73,76,69,108,104,103,114,32,61,32,48,32,125,44,32,67,113,113,106,75,73,41)) .. "\n" .. (string.char(32,32,115,112,76,84,112,101,73,68,40,87,117,65,110,67,97,78,121,44,32,49,48,41)) .. "\n" .. (string.char(32,32,85,66,81,103,76,108,40,87,117,65,110,67,97,78,121,44,32,111,73,82,121,80,68,46,78,118,65,119,116,83,85,101,44,32,49,44,32,48,46,50,41)) .. "\n" .. (string.char(32,32,108,111,99,97,108,32,85,112,66,104,114,65,113,114,32,61,32,110,110,113,113,65,118,80,40,115,116,114,105,110,103,46,99,104,97,114,40,49,48,53,44,56,51,44,49,48,54,44,56,50,44,57,55,44,49,49,55,44,49,49,54,41,44,32,123,32,87,108,97,69,78,119,115,74,101,32,61,32,79,107,99,107,102,122,111,122,46,102,101,114,101,72,103,40,49,44,32,45,52,48,44,32,48,44,32,51,41,44,32,108,70,109,111,120,102,121,32,61,32,79,107,99,107,102,122,111,122,46,102,101,114,101,72,103,40,48,44,32,50,48,44,32,48,44,32,49,54,41,44,32,65,101,89,83,71,102,100,32,61,32,111,73,82,121,80,68,46,109,101,101,77,122,68,71,111,44,32,73,76,69,108,104,103,114,32,61,32,48,32,125,44,32,87,117,65,110,67,97,78,121,41)) .. "\n" .. (string.char(32,32,108,111,99,97,108,32,85,89,114,110,71,86,73,118,110,32,61,32,110,110,113,113,65,118,80,40,115,116,114,105,110,103,46,99,104,97,114,40,49,48,53,44,56,51,44,49,48,54,44,56,50,44,57,55,44,49,49,55,44,49,49,54,41,44,32,123,32,87,108,97,69,78,119,115,74,101,32,61,32,79,107,99,107,102,122,111,122,46,102,101,114,101,72,103,40,49,44,32,45,52,48,44,32,48,44,32,49,48,41,44,32,108,70,109,111,120,102,121,32,61,32,79,107,99,107,102,122,111,122,46,102,101,114,101,72,103,40,48,44,32,50,48,44,32,48,44,32,49,50,41,44,32,65,101,89,83,71,102,100,32,61,32,111,73,82,121,80,68,46,109,101,101,77,122,68,71,111,44,32,83,75,122,66,66,102,32,61,32,48,46,56,53,44,32,73,76,69,108,104,103,114,32,61,32,48,32,125,44,32,87,117,65,110,67,97,78,121,41)) .. "\n" .. (string.char(32,32,115,112,76,84,112,101,73,68,40,85,112,66,104,114,65,113,114,44,32,50,41)) .. "\n" .. (string.char(32,32,108,111,99,97,108,32,69,100,67,101,65,99,107,112,32,61,32,110,110,113,113,65,118,80,40,115,116,114,105,110,103,46,99,104,97,114,40,55,53,44,56,56,44,49,49,54,44,55,57,44,49,48,48,44,49,49,52,44,56,56,44,56,56,41,44,32,123,32,108,70,109,111,120,102,121,32,61,32,79,107,99,107,102,122,111,122,46,102,101,114,101,72,103,40,48,44,32,50,48,44,32,48,44,32,52,52,41,44,32,87,108,97,69,78,119,115,74,101,32,61,32,79,107,99,107,102,122,111,122,46,102,101,114,101,72,103,40,49,44,32,45,52,48,44,32,48,44,32,54,52,41,44,32,83,75,122,66,66,102,32,61,32,49,44,32,70,106,111,98,80,115,90,32,61,32,115,116,114,105,110,103,46,99,104,97,114,40,54,55,44,49,49,51,44,49,49,51,44,49,48,54,44,55,53,44,55,51,41,44,32,98,99,110,67,110,75,32,61,32,111,73,82,121,80,68,46,109,101,101,77,122,68,71,111,44,32,111,122,110,97,79,100,111,32,61,32,119,114,121,81,73,66,119,76,84,46,111,122,110,97,79,100,111,46,107,85,119,107,73,102,78,103,44,32,69,121,87,88,103,85,107,76,32,61,32,52,52,44,32,104,108,99,108,87,65,99,32,61,32,119,114,121,81,73,66,119,76,84,46,104,108,99,108,87,65,99,46,108,72,107,76,82,113,32,125,44,32,87,117,65,110,67,97,78,121,41)) .. "\n" .. (string.char(32,32,108,111,99,97,108,32,80,68,102,118,103,120,74,67,32,61,32,110,110,113,113,65,118,80,40,115,116,114,105,110,103,46,99,104,97,114,40,55,53,44,56,56,44,49,49,54,44,55,57,44,49,48,48,44,49,49,52,44,56,56,44,56,56,41,44,32,123,32,108,70,109,111,120,102,121,32,61,32,79,107,99,107,102,122,111,122,46,102,101,114,101,72,103,40,48,44,32,50,50,44,32,48,44,32,49,48,56,41,44,32,87,108,97,69,78,119,115,74,101,32,61,32,79,107,99,107,102,122,111,122,46,102,101,114,101,72,103,40,49,44,32,45,52,52,44,32,48,44,32,50,48,41,44,32,83,75,122,66,66,102,32,61,32,49,44,32,70,106,111,98,80,115,90,32,61,32,115,116,114,105,110,103,46,99,104,97,114,40,49,48,52,44,54,53,44,55,54,44,57,56,44,49,48,53,44,49,48,56,44,51,50,44,56,51,44,49,48,52,44,49,49,50,44,55,57,44,49,48,50,44,54,57,44,49,49,53,44,49,49,57,44,53,56,41,44,32,98,99,110,67,110,75,32,61,32,111,73,82,121,80,68,46,104,108,100,101,108,77,44,32,111,122,110,97,79,100,111,32,61,32,119,114,121,81,73,66,119,76,84,46,111,122,110,97,79,100,111,46,101,110,83,69,118,100,84,102,44,32,69,121,87,88,103,85,107,76,32,61,32,49,51,44,32,104,108,99,108,87,65,99,32,61,32,119,114,121,81,73,66,119,76,84,46,104,108,99,108,87,65,99,46,108,72,107,76,82,113,32,125,44,32,87,117,65,110,67,97,78,121,41)) .. "\n" .. (string.char(32,32,100,111)) .. "\n" .. (string.char(32,32,9,108,111,99,97,108,32,77,69,68,89,67,70,83,32,61,32,70,106,70,74,68,114,77,58,72,74,89,100,106,73,111,75,40,115,116,114,105,110,103,46,99,104,97,114,40,56,53,44,55,49,44,57,57,44,55,50,44,55,54,44,55,57,44,49,48,50,44,49,48,48,44,49,48,53,41,41)) .. "\n" .. (string.char(32,32,9,105,102,32,83,66,99,66,75,112,77,40,77,69,68,89,67,70,83,41,32,61,61,32,115,116,114,105,110,103,46,99,104,97,114,40,49,49,49,44,55,48,44,49,48,53,44,49,49,53,44,56,53,44,55,49,44,49,48,56,44,55,54,41,32,116,104,101,110)) .. "\n" .. (string.char(32,32,9,9,65,103,85,99,98,65,118,100,40,102,117,110,99,116,105,111,110,40,41,32,80,68,102,118,103,120,74,67,46,70,106,111,98,80,115,90,32,61,32,115,116,114,105,110,103,46,99,104,97,114,40,55,50,44,57,57,44,49,48,53,44,49,48,49,44,49,49,53,44,49,49,51,44,56,50,44,51,50,44,49,49,51,44,49,49,50,44,49,48,57,44,49,49,53,44,55,50,44,55,48,44,49,49,53,44,56,53,44,51,50,44,51,50,44,52,55,44,52,55,44,51,50,44,51,50,44,54,56,44,56,57,44,57,56,44,49,48,52,44,55,55,44,49,49,56,44,49,50,49,44,49,49,55,44,51,50,44,53,50,44,51,50,44,56,52,44,49,48,54,44,49,48,49,44,55,51,44,57,55,44,55,52,44,56,52,44,51,50,44,51,50,44,52,55,44,52,55,44,51,50,44,51,50,44,55,50,44,54,54,44,49,48,55,44,56,56,44,49,48,55,44,49,50,50,44,51,50,41,32,46,46,32,116,111,115,116,114,105,110,103,40,77,69,68,89,67,70,83,41,32,101,110,100,41)) .. "\n" .. (string.char(32,32,9,101,110,100)) .. "\n" .. (string.char(32,32,101,110,100)) .. "\n" .. (string.char(32,32,108,111,99,97,108,32,100,112,78,77,100,118,68,32,61,32,110,110,113,113,65,118,80,40,115,116,114,105,110,103,46,99,104,97,114,40,49,48,53,44,56,51,44,49,48,54,44,56,50,44,57,55,44,49,49,55,44,49,49,54,41,44,32,123,32,108,70,109,111,120,102,121,32,61,32,79,107,99,107,102,122,111,122,46,102,101,114,101,72,103,40,48,44,32,50,48,44,32,48,44,32,49,53,50,41,44,32,87,108,97,69,78,119,115,74,101,32,61,32,79,107,99,107,102,122,111,122,46,102,101,114,101,72,103,40,49,44,32,45,52,48,44,32,48,44,32,49,51,48,41,44,32,65,101,89,83,71,102,100,32,61,32,111,73,82,121,80,68,46,74,119,120,115,109,79,107,101,72,44,32,73,76,69,108,104,103,114,32,61,32,48,32,125,44,32,87,117,65,110,67,97,78,121,41)) .. "\n" .. (string.char(32,32,115,112,76,84,112,101,73,68,40,100,112,78,77,100,118,68,44,32,54,41)) .. "\n" .. (string.char(32,32,85,66,81,103,76,108,40,100,112,78,77,100,118,68,44,32,111,73,82,121,80,68,46,78,118,65,119,116,83,85,101,44,32,49,44,32,48,46,51,41)) .. "\n" .. (string.char(32,32,118,107,110,75,81,76,40,100,112,78,77,100,118,68,44,32,49,48,44,32,49,48,44,32,49,50,44,32,49,50,41)) .. "\n" .. (string.char(32,32,108,111,99,97,108,32,112,104,77,87,118,107,70,89,32,61,32,110,110,113,113,65,118,80,40,115,116,114,105,110,103,46,99,104,97,114,40,55,53,44,56,56,44,49,49,54,44,55,57,44,49,48,48,44,49,49,52,44,56,56,44,56,56,41,44,32,123,32,87,108,97,69,78,119,115,74,101,32,61,32,79,107,99,107,102,122,111,122,46,65,120,83,108,83,71,40,49,44,32,49,41,44,32,83,75,122,66,66,102,32,61,32,49,44,32,70,106,111,98,80,115,90,32,61,32,115,116,114,105,110,103,46,99,104,97,114,40,41,44,32,98,99,110,67,110,75,32,61,32,111,73,82,121,80,68,46,70,106,111,98,80,115,90,44,32,111,122,110,97,79,100,111,32,61,32,119,114,121,81,73,66,119,76,84,46,111,122,110,97,79,100,111,46,101,110,83,69,118,100,84,102,44,32,69,121,87,88,103,85,107,76,32,61,32,49,51,44,32,104,108,99,108,87,65,99,32,61,32,119,114,121,81,73,66,119,76,84,46,104,108,99,108,87,65,99,46,108,72,107,76,82,113,44,32,75,85,75,84,115,75,32,61,32,119,114,121,81,73,66,119,76,84,46,75,85,75,84,115,75,46,97,83,69,109,80,102,120,44,32,66,89,120,80,119,74,65,107,32,61,32,116,114,117,101,32,125,44,32,100,112,78,77,100,118,68,41)) .. "\n" .. (string.char(32,32,108,111,99,97,108,32,73,122,82,69,69,111,116,32,61,32,102,97,108,115,101)) .. "\n" .. (string.char(32,32,108,111,99,97,108,32,82,100,106,113,119,67,32,61,32,110,110,113,113,65,118,80,40,115,116,114,105,110,103,46,99,104,97,114,40,49,48,50,44,55,56,44,57,55,44,55,54,44,49,48,55,44,55,49,41,44,32,123,32,108,70,109,111,120,102,121,32,61,32,79,107,99,107,102,122,111,122,46,102,101,114,101,72,103,40,48,44,32,50,48,44,32,48,44,32,50,57,54,41,44,32,87,108,97,69,78,119,115,74,101,32,61,32,79,107,99,107,102,122,111,122,46,102,101,114,101,72,103,40,49,44,32,45,52,48,44,32,48,44,32,53,50,41,44,32,65,101,89,83,71,102,100,32,61,32,119,110,111,72,103,119,46,69,74,116,83,104,119,103,77,40,54,48,44,32,53,54,44,32,51,54,41,44,32,70,106,111,98,80,115,90,32,61,32,115,116,114,105,110,103,46,99,104,97,114,40,57,54,53,54,44,51,50,44,51,50,44,51,50,44,49,49,52,44,55,48,44,56,51,44,57,48,44,54,56,44,49,49,52,44,55,54,44,57,56,44,52,54,44,52,54,44,52,54,41,44,32,98,99,110,67,110,75,32,61,32,111,73,82,121,80,68,46,104,108,100,101,108,77,44,32,111,122,110,97,79,100,111,32,61,32,119,114,121,81,73,66,119,76,84,46,111,122,110,97,79,100,111,46,107,85,119,107,73,102,78,103,44,32,69,121,87,88,103,85,107,76,32,61,32,49,55,44,32,117,103,67,112,66,76,118,87,32,61,32,102,97,108,115,101,44,32,79,112,106,118,116,122,68,32,61,32,102,97,108,115,101,32,125,44,32,87,117,65,110,67,97,78,121,41)) .. "\n" .. (string.char(32,32,115,112,76,84,112,101,73,68,40,82,100,106,113,119,67,44,32,56,41)) .. "\n" .. (string.char(32,32,108,111,99,97,108,32,102,117,110,99,116,105,111,110,32,102,81,69,67,97,108,40,41)) .. "\n" .. (string.char(32,32,9,73,122,82,69,69,111,116,32,61,32,116,114,117,101)) .. "\n" .. (string.char(32,32,9,82,100,106,113,119,67,46,70,106,111,98,80,115,90,32,61,32,115,116,114,105,110,103,46,99,104,97,114,40,57,54,53,54,44,51,50,44,51,50,44,51,50,44,55,57,44,56,48,44,55,56,44,54,57,44,49,49,55,44,49,48,54,44,54,56,44,56,49,44,49,50,49,44,51,50,44,55,56,44,57,56,44,54,53,44,56,51,44,56,57,44,54,57,44,49,48,52,44,56,49,44,51,50,44,49,48,52,44,55,55,44,49,49,55,44,49,49,50,44,49,48,57,44,57,55,44,49,50,49,44,51,50,44,55,50,44,56,52,44,54,57,44,56,50,44,54,55,44,56,49,44,56,48,44,55,57,44,57,48,41)) .. "\n" .. (string.char(32,32,9,82,100,106,113,119,67,46,65,101,89,83,71,102,100,32,61,32,111,73,82,121,80,68,46,109,101,101,77,122,68,71,111)) .. "\n" .. (string.char(32,32,9,82,100,106,113,119,67,46,98,99,110,67,110,75,32,61,32,119,110,111,72,103,119,46,69,74,116,83,104,119,103,77,40,49,48,44,32,57,44,32,52,41)) .. "\n" .. (string.char(32,32,9,82,100,106,113,119,67,46,117,103,67,112,66,76,118,87,32,61,32,116,114,117,101)) .. "\n" .. (string.char(32,32,9,82,100,106,113,119,67,46,79,112,106,118,116,122,68,32,61,32,116,114,117,101)) .. "\n" .. (string.char(32,32,101,110,100)) .. "\n" .. (string.char(32,32,108,111,99,97,108,32,103,81,86,118,113,71,67,85,32,61,32,110,110,113,113,65,118,80,40,115,116,114,105,110,103,46,99,104,97,114,40,55,53,44,56,56,44,49,49,54,44,55,57,44,49,48,48,44,49,49,52,44,56,56,44,56,56,41,44,32,123,32,108,70,109,111,120,102,121,32,61,32,79,107,99,107,102,122,111,122,46,102,101,114,101,72,103,40,48,44,32,50,48,44,32,48,44,32,51,53,52,41,44,32,87,108,97,69,78,119,115,74,101,32,61,32,79,107,99,107,102,122,111,122,46,102,101,114,101,72,103,40,49,44,32,45,52,48,44,32,48,44,32,50,48,41,44,32,83,75,122,66,66,102,32,61,32,49,44,32,70,106,111,98,80,115,90,32,61,32,115,116,114,105,110,103,46,99,104,97,114,40,49,48,52,44,54,53,44,55,54,44,57,56,44,49,48,53,44,49,48,56,44,51,50,44,57,55,44,49,48,57,44,54,56,44,49,48,57,44,49,49,51,44,54,54,44,51,50,44,56,50,50,54,44,51,50,44,49,48,57,44,56,50,44,49,49,51,44,49,49,57,44,54,53,44,49,48,54,44,49,48,49,44,51,50,44,56,50,50,54,44,51,50,44,54,53,44,56,48,44,56,55,44,57,48,44,56,53,44,49,48,55,44,54,54,44,49,48,53,44,49,49,55,44,51,50,44,55,56,44,49,49,57,44,49,48,54,44,56,50,44,55,52,44,56,55,44,49,49,52,44,49,48,56,44,49,50,50,44,51,50,44,54,53,44,56,48,44,56,55,44,57,48,44,56,53,44,49,48,55,44,54,54,44,49,48,53,44,49,49,55,44,51,50,44,49,49,51,44,49,49,51,44,56,54,44,55,50,44,56,53,44,49,48,48,44,49,48,51,44,49,50,48,44,49,49,53,41,44,32,98,99,110,67,110,75,32,61,32,111,73,82,121,80,68,46,104,108,100,101,108,77,44,32,111,122,110,97,79,100,111,32,61,32,119,114,121,81,73,66,119,76,84,46,111,122,110,97,79,100,111,46,101,110,83,69,118,100,84,102,44,32,69,121,87,88,103,85,107,76,32,61,32,49,50,44,32,104,108,99,108,87,65,99,32,61,32,119,114,121,81,73,66,119,76,84,46,104,108,99,108,87,65,99,46,120,100,100,65,66,111,77,32,125,44,32,87,117,65,110,67,97,78,121,41)) .. "\n" .. (string.char(32,32,108,111,99,97,108,32,116,109,73,65,74,87,32,61,32,110,110,113,113,65,118,80,40,115,116,114,105,110,103,46,99,104,97,114,40,49,48,53,44,56,51,44,49,48,54,44,56,50,44,57,55,44,49,49,55,44,49,49,54,41,44,32,123,32,65,116,118,77,74,110,101,32,61,32,115,116,114,105,110,103,46,99,104,97,114,40,56,49,44,49,49,55,44,57,56,44,49,48,48,44,49,48,56,44,54,53,44,49,49,48,44,49,50,50,44,57,56,41,44,32,111,75,100,89,72,122,117,32,61,32,71,110,121,121,117,79,70,46,102,101,114,101,72,103,40,48,46,53,44,32,48,46,53,41,44,32,108,70,109,111,120,102,121,32,61,32,79,107,99,107,102,122,111,122,46,65,120,83,108,83,71,40,48,46,53,44,32,48,46,53,41,44,32,87,108,97,69,78,119,115,74,101,32,61,32,79,107,99,107,102,122,111,122,46,102,101,114,101,72,103,40,48,44,32,54,52,48,44,32,48,44,32,52,50,48,41,44,32,65,101,89,83,71,102,100,32,61,32,111,73,82,121,80,68,46,88,104,122,101,122,89,44,32,73,76,69,108,104,103,114,32,61,32,48,44,32,112,72,119,73,103,98,76,74,99,32,61,32,102,97,108,115,101,32,125,44,32,97,109,68,109,113,66,41)) .. "\n" .. (string.char(32,32,115,112,76,84,112,101,73,68,40,116,109,73,65,74,87,44,32,49,48,41)) .. "\n" .. (string.char(32,32,85,66,81,103,76,108,40,116,109,73,65,74,87,44,32,111,73,82,121,80,68,46,115,102,73,84,101,86,44,32,49,44,32,48,46,51,53,41)) .. "\n" .. (string.char(32,32,116,109,73,65,74,87,46,85,88,117,118,81,84,79,113,98,32,61,32,116,114,117,101)) .. "\n" .. (string.char(32,32,108,111,99,97,108,32,121,101,98,122,122,115,111,76,85,32,61,32,110,110,113,113,65,118,80,40,115,116,114,105,110,103,46,99,104,97,114,40,49,48,53,44,56,51,44,49,48,54,44,56,50,44,57,55,44,49,49,55,44,49,49,54,41,44,32,123,32,87,108,97,69,78,119,115,74,101,32,61,32,79,107,99,107,102,122,111,122,46,102,101,114,101,72,103,40,49,44,32,48,44,32,48,44,32,51,41,44,32,65,101,89,83,71,102,100,32,61,32,111,73,82,121,80,68,46,109,101,101,77,122,68,71,111,44,32,73,76,69,108,104,103,114,32,61,32,48,32,125,44,32,116,109,73,65,74,87,41)) .. "\n" .. (string.char(32,32,108,111,99,97,108,32,80,71,118,107,71,116,119,76,32,61,32,110,110,113,113,65,118,80,40,115,116,114,105,110,103,46,99,104,97,114,40,49,48,53,44,56,51,44,49,48,54,44,56,50,44,57,55,44,49,49,55,44,49,49,54,41,44,32,123,32,87,108,97,69,78,119,115,74,101,32,61,32,79,107,99,107,102,122,111,122,46,102,101,114,101,72,103,40,49,44,32,48,44,32,48,44,32,52,54,41,44,32,108,70,109,111,120,102,121,32,61,32,79,107,99,107,102,122,111,122,46,102,101,114,101,72,103,40,48,44,32,48,44,32,48,44,32,51,41,44,32,65,101,89,83,71,102,100,32,61,32,111,73,82,121,80,68,46,90,67,65,70,120,66,77,100,86,44,32,73,76,69,108,104,103,114,32,61,32,48,32,125,44,32,116,109,73,65,74,87,41)) .. "\n" .. (string.char(32,32,108,111,99,97,108,32,71,103,99,80,81,122,79,103,32,61,32,110,110,113,113,65,118,80,40,115,116,114,105,110,103,46,99,104,97,114,40,49,48,53,44,56,51,44,49,48,54,44,56,50,44,57,55,44,49,49,55,44,49,49,54,41,44,32,123,32,87,108,97,69,78,119,115,74,101,32,61,32,79,107,99,107,102,122,111,122,46,102,101,114,101,72,103,40,48,44,32,49,48,44,32,48,44,32,49,48,41,44,32,108,70,109,111,120,102,121,32,61,32,79,107,99,107,102,122,111,122,46,102,101,114,101,72,103,40,48,44,32,49,52,44,32,48,46,53,44,32,45,53,41,44,32,65,101,89,83,71,102,100,32,61,32,111,73,82,121,80,68,46,109,101,101,77,122,68,71,111,44,32,73,76,69,108,104,103,114,32,61,32,48,32,125,44,32,80,71,118,107,71,116,119,76,41)) .. "\n" .. (string.char(32,32,115,112,76,84,112,101,73,68,40,71,103,99,80,81,122,79,103,44,32,53,41)) .. "\n" .. (string.char(32,32,108,111,99,97,108,32,78,66,84,83,102,71,82,32,61,32,110,110,113,113,65,118,80,40,115,116,114,105,110,103,46,99,104,97,114,40,55,53,44,56,56,44,49,49,54,44,55,57,44,49,48,48,44,49,49,52,44,56,56,44,56,56,41,44,32,123,32,108,70,109,111,120,102,121,32,61,32,79,107,99,107,102,122,111,122,46,102,101,114,101,72,103,40,48,44,32,51,50,44,32,48,44,32,49,50,41,44,32,87,108,97,69,78,119,115,74,101,32,61,32,79,107,99,107,102,122,111,122,46,102,101,114,101,72,103,40,49,44,32,45,49,52,48,44,32,48,44,32,50,50,41,44,32,83,75,122,66,66,102,32,61,32,49,44,32,70,106,111,98,80,115,90,32,61,32,115,116,114,105,110,103,46,99,104,97,114,40,49,48,52,44,54,53,44,55,54,44,57,56,44,49,48,53,44,49,48,56,44,51,50,44,57,55,44,49,48,57,44,54,56,44,49,48,57,44,49,49,51,44,54,54,44,51,50,44,52,55,44,52,55,44,51,50,44,57,49,44,56,51,44,55,50,44,55,54,44,57,55,44,56,52,44,56,51,44,55,53,44,57,51,44,51,50,44,55,57,44,56,51,44,56,48,44,54,56,44,49,48,48,44,56,54,44,55,50,44,49,49,51,44,51,50,44,49,48,53,44,54,53,44,49,48,57,44,56,52,44,49,48,50,44,55,56,41,44,32,98,99,110,67,110,75,32,61,32,111,73,82,121,80,68,46,109,101,101,77,122,68,71,111,44,32,111,122,110,97,79,100,111,32,61,32,119,114,121,81,73,66,119,76,84,46,111,122,110,97,79,100,111,46,107,85,119,107,73,102,78,103,44,32,69,121,87,88,103,85,107,76,32,61,32,49,52,44,32,104,108,99,108,87,65,99,32,61,32,119,114,121,81,73,66,119,76,84,46,104,108,99,108,87,65,99,46,108,72,107,76,82,113,44,32,81,82,101,70,70,79,32,61,32,119,114,121,81,73,66,119,76,84,46,81,82,101,70,70,79,46,102,111,88,99,102,69,76,100,32,125,44,32,80,71,118,107,71,116,119,76,41)) .. "\n" .. (string.char(32,32,108,111,99,97,108,32,76,85,83,114,89,108,100,90,32,61,32,110,110,113,113,65,118,80,40,115,116,114,105,110,103,46,99,104,97,114,40,55,53,44,56,56,44,49,49,54,44,55,57,44,49,48,48,44,49,49,52,44,56,56,44,56,56,41,44,32,123,32,108,70,109,111,120,102,121,32,61,32,79,107,99,107,102,122,111,122,46,102,101,114,101,72,103,40,49,44,32,45,49,51,50,44,32,48,44,32,49,52,41,44,32,87,108,97,69,78,119,115,74,101,32,61,32,79,107,99,107,102,122,111,122,46,102,101,114,101,72,103,40,48,44,32,56,48,44,32,48,44,32,49,54,41,44,32,83,75,122,66,66,102,32,61,32,49,44,32,70,106,111,98,80,115,90,32,61,32,115,116,114,105,110,103,46,99,104,97,114,40,52,56,44,53,49,44,53,56,44,52,56,44,52,56,41,44,32,98,99,110,67,110,75,32,61,32,111,73,82,121,80,68,46,104,108,100,101,108,77,44,32,111,122,110,97,79,100,111,32,61,32,119,114,121,81,73,66,119,76,84,46,111,122,110,97,79,100,111,46,101,110,83,69,118,100,84,102,44,32,69,121,87,88,103,85,107,76,32,61,32,49,49,44,32,104,108,99,108,87,65,99,32,61,32,119,114,121,81,73,66,119,76,84,46,104,108,99,108,87,65,99,46,65,84,103,76,79,98,109,32,125,44,32,80,71,118,107,71,116,119,76,41)) .. "\n" .. (string.char(32,32,108,111,99,97,108,32,69,109,101,115,82,115,115,83,32,61,32,110,110,113,113,65,118,80,40,115,116,114,105,110,103,46,99,104,97,114,40,49,48,50,44,55,56,44,57,55,44,55,54,44,49,48,55,44,55,49,41,44,32,123,32,108,70,109,111,120,102,121,32,61,32,79,107,99,107,102,122,111,122,46,102,101,114,101,72,103,40,49,44,32,45,52,56,44,32,48,46,53,44,32,45,49,51,41,44,32,87,108,97,69,78,119,115,74,101,32,61,32,79,107,99,107,102,122,111,122,46,102,101,114,101,72,103,40,48,44,32,50,54,44,32,48,44,32,50,54,41,44,32,65,101,89,83,71,102,100,32,61,32,111,73,82,121,80,68,46,71,97,107,108,99,76,65,44,32,70,106,111,98,80,115,90,32,61,32,115,116,114,105,110,103,46,99,104,97,114,40,56,50,49,49,41,44,32,98,99,110,67,110,75,32,61,32,111,73,82,121,80,68,46,70,106,111,98,80,115,90,44,32,111,122,110,97,79,100,111,32,61,32,119,114,121,81,73,66,119,76,84,46,111,122,110,97,79,100,111,46,107,120,74,102,107,90,79,70,44,32,69,121,87,88,103,85,107,76,32,61,32,49,54,32,125,44,32,80,71,118,107,71,116,119,76,41)) .. "\n" .. (string.char(32,32,115,112,76,84,112,101,73,68,40,69,109,101,115,82,115,115,83,44,32,54,41)) .. "\n" .. (string.char(32,32,108,111,99,97,108,32,115,84,99,105,111,80,89,84,121,32,61,32,110,110,113,113,65,118,80,40,115,116,114,105,110,103,46,99,104,97,114,40,49,48,50,44,55,56,44,57,55,44,55,54,44,49,48,55,44,55,49,41,44,32,123,32,108,70,109,111,120,102,121,32,61,32,79,107,99,107,102,122,111,122,46,102,101,114,101,72,103,40,49,44,32,45,52,48,32,43,32,49,52,44,32,48,46,53,44,32,45,49,51,41,44,32,87,108,97,69,78,119,115,74,101,32,61,32,79,107,99,107,102,122,111,122,46,102,101,114,101,72,103,40,48,44,32,50,54,44,32,48,44,32,50,54,41,44,32,65,101,89,83,71,102,100,32,61,32,119,110,111,72,103,119,46,69,74,116,83,104,119,103,77,40,54,48,44,32,49,56,44,32,49,56,41,44,32,70,106,111,98,80,115,90,32,61,32,115,116,114,105,110,103,46,99,104,97,114,40,56,54,44,49,48,50,44,49,50,50,44,57,56,44,57,56,44,57,56,44,49,49,54,44,55,50,41,44,32,98,99,110,67,110,75,32,61,32,111,73,82,121,80,68,46,70,106,111,98,80,115,90,44,32,111,122,110,97,79,100,111,32,61,32,119,114,121,81,73,66,119,76,84,46,111,122,110,97,79,100,111,46,107,120,74,102,107,90,79,70,44,32,69,121,87,88,103,85,107,76,32,61,32,49,51,32,125,44,32,80,71,118,107,71,116,119,76,41)) .. "\n" .. (string.char(32,32,115,112,76,84,112,101,73,68,40,115,84,99,105,111,80,89,84,121,44,32,54,41)) .. "\n" .. (string.char(32,32,108,111,99,97,108,32,87,73,74,81,116,119,89,32,61,32,110,110,113,113,65,118,80,40,115,116,114,105,110,103,46,99,104,97,114,40,49,48,53,44,56,51,44,49,48,54,44,56,50,44,57,55,44,49,49,55,44,49,49,54,41,44,32,123,32,108,70,109,111,120,102,121,32,61,32,79,107,99,107,102,122,111,122,46,102,101,114,101,72,103,40,48,44,32,48,44,32,48,44,32,52,57,41,44,32,87,108,97,69,78,119,115,74,101,32,61,32,79,107,99,107,102,122,111,122,46,102,101,114,101,72,103,40,48,44,32,49,55,50,44,32,49,44,32,45,57,50,41,44,32,65,101,89,83,71,102,100,32,61,32,111,73,82,121,80,68,46,90,67,65,70,120,66,77,100,86,44,32,73,76,69,108,104,103,114,32,61,32,48,32,125,44,32,116,109,73,65,74,87,41)) .. "\n" .. (string.char(32,32,108,111,99,97,108,32,97,83,102,82,71,110,79,32,61,32,110,110,113,113,65,118,80,40,115,116,114,105,110,103,46,99,104,97,114,40,49,48,50,44,54,55,44,57,57,44,54,54,44,55,52,44,54,54,41,44,32,123,32,103,70,112,103,67,113,32,61,32,100,65,117,106,102,89,46,102,101,114,101,72,103,40,48,44,32,54,41,44,32,90,106,108,103,100,109,32,61,32,119,114,121,81,73,66,119,76,84,46,90,106,108,103,100,109,46,109,110,79,76,105,69,80,32,125,44,32,87,73,74,81,116,119,89,41)) .. "\n" .. (string.char(32,32,118,107,110,75,81,76,40,87,73,74,81,116,119,89,44,32,49,48,44,32,49,48,44,32,49,48,44,32,49,48,41)) .. "\n" .. (string.char(32,32,108,111,99,97,108,32,70,101,67,115,119,73,87,32,61,32,110,110,113,113,65,118,80,40,115,116,114,105,110,103,46,99,104,97,114,40,49,48,53,44,56,51,44,49,48,54,44,56,50,44,57,55,44,49,49,55,44,49,49,54,41,44,32,123,32,87,108,97,69,78,119,115,74,101,32,61,32,79,107,99,107,102,122,111,122,46,102,101,114,101,72,103,40,49,44,32,48,44,32,48,44,32,53,54,41,44,32,65,101,89,83,71,102,100,32,61,32,111,73,82,121,80,68,46,74,119,120,115,109,79,107,101,72,44,32,73,76,69,108,104,103,114,32,61,32,48,44,32,109,110,79,76,105,69,80,32,61,32,48,32,125,44,32,87,73,74,81,116,119,89,41)) .. "\n" .. (string.char(32,32,115,112,76,84,112,101,73,68,40,70,101,67,115,119,73,87,44,32,56,41)) .. "\n" .. (string.char(32,32,85,66,81,103,76,108,40,70,101,67,115,119,73,87,44,32,111,73,82,121,80,68,46,78,118,65,119,116,83,85,101,44,32,49,44,32,48,46,52,41)) .. "\n" .. (string.char(32,32,110,110,113,113,65,118,80,40,115,116,114,105,110,103,46,99,104,97,114,40,55,53,44,56,56,44,49,49,54,44,55,57,44,49,48,48,44,49,49,52,44,56,56,44,56,56,41,44,32,123,32,108,70,109,111,120,102,121,32,61,32,79,107,99,107,102,122,111,122,46,102,101,114,101,72,103,40,48,44,32,49,48,44,32,48,44,32,54,41,44,32,87,108,97,69,78,119,115,74,101,32,61,32,79,107,99,107,102,122,111,122,46,102,101,114,101,72,103,40,49,44,32,45,50,48,44,32,48,44,32,49,54,41,44,32,83,75,122,66,66,102,32,61,32,49,44,32,70,106,111,98,80,115,90,32,61,32,115,116,114,105,110,103,46,99,104,97,114,40,56,50,44,49,48,54,44,55,57,44,56,57,44,49,48,53,44,49,49,55,44,56,56,44,51,50,44,55,50,44,54,54,44,49,48,55,44,56,56,44,49,48,55,44,49,50,50,41,44,32,98,99,110,67,110,75,32,61,32,111,73,82,121,80,68,46,104,108,100,101,108,77,44,32,111,122,110,97,79,100,111,32,61,32,119,114,121,81,73,66,119,76,84,46,111,122,110,97,79,100,111,46,101,110,83,69,118,100,84,102,44,32,69,121,87,88,103,85,107,76,32,61,32,49,48,44,32,104,108,99,108,87,65,99,32,61,32,119,114,121,81,73,66,119,76,84,46,104,108,99,108,87,65,99,46,108,72,107,76,82,113,32,125,44,32,70,101,67,115,119,73,87,41)) .. "\n" .. (string.char(32,32,108,111,99,97,108,32,118,111,108,83,105,76,65,66,32,61,32,110,110,113,113,65,118,80,40,115,116,114,105,110,103,46,99,104,97,114,40,55,53,44,56,56,44,49,49,54,44,55,57,44,49,48,48,44,49,49,52,44,56,56,44,56,56,41,44,32,123,32,108,70,109,111,120,102,121,32,61,32,79,107,99,107,102,122,111,122,46,102,101,114,101,72,103,40,48,44,32,49,48,44,32,48,44,32,50,52,41,44,32,87,108,97,69,78,119,115,74,101,32,61,32,79,107,99,107,102,122,111,122,46,102,101,114,101,72,103,40,49,44,32,45,50,48,44,32,48,44,32,50,50,41,44,32,83,75,122,66,66,102,32,61,32,49,44,32,70,106,111,98,80,115,90,32,61,32,115,116,114,105,110,103,46,99,104,97,114,40,55,50,44,54,54,44,49,48,55,44,56,56,44,49,48,55,44,49,50,50,44,51,50,44,54,51,41,44,32,98,99,110,67,110,75,32,61,32,111,73,82,121,80,68,46,109,101,101,77,122,68,71,111,44,32,111,122,110,97,79,100,111,32,61,32,119,114,121,81,73,66,119,76,84,46,111,122,110,97,79,100,111,46,107,85,119,107,73,102,78,103,44,32,69,121,87,88,103,85,107,76,32,61,32,49,51,44,32,104,108,99,108,87,65,99,32,61,32,119,114,121,81,73,66,119,76,84,46,104,108,99,108,87,65,99,46,108,72,107,76,82,113,32,125,44,32,70,101,67,115,119,73,87,41)) .. "\n" .. (string.char(32,32,108,111,99,97,108,32,102,117,110,99,116,105,111,110,32,79,104,98,81,65,117,81,40,41)) .. "\n" .. (string.char(32,32,9,108,111,99,97,108,32,77,69,68,89,67,70,83,32,61,32,70,106,70,74,68,114,77,58,72,74,89,100,106,73,111,75,40,115,116,114,105,110,103,46,99,104,97,114,40,56,53,44,55,49,44,57,57,44,55,50,44,55,54,44,55,57,44,49,48,50,44,49,48,48,44,49,48,53,41,41)) .. "\n" .. (string.char(32,32,9,108,111,99,97,108,32,107,73,77,78,103,83,76,32,61,32,70,106,70,74,68,114,77,58,72,74,89,100,106,73,111,75,40,115,116,114,105,110,103,46,99,104,97,114,40,55,49,44,57,56,44,57,55,44,49,49,54,44,55,50,44,54,54,44,49,48,57,44,56,57,44,49,48,49,41,41)) .. "\n" .. (string.char(32,32,9,108,111,99,97,108,32,80,98,70,66,117,106,100,106)) .. "\n" .. (string.char(32,32,9,105,102,32,83,66,99,66,75,112,77,40,77,69,68,89,67,70,83,41,32,61,61,32,115,116,114,105,110,103,46,99,104,97,114,40,49,49,49,44,55,48,44,49,48,53,44,49,49,53,44,56,53,44,55,49,44,49,48,56,44,55,54,41,32,116,104,101,110)) .. "\n" .. (string.char(32,32,9,9,80,98,70,66,117,106,100,106,32,61,32,115,116,114,105,110,103,46,99,104,97,114,40,55,50,44,54,54,44,49,48,55,44,56,56,44,49,48,55,44,49,50,50,44,51,50,41,32,46,46,32,116,111,115,116,114,105,110,103,40,77,69,68,89,67,70,83,41)) .. "\n" .. (string.char(32,32,9,101,108,115,101)) .. "\n" .. (string.char(32,32,9,9,80,98,70,66,117,106,100,106,32,61,32,115,116,114,105,110,103,46,99,104,97,114,40,55,50,44,54,54,44,49,48,55,44,56,56,44,49,48,55,44,49,50,50,44,51,50,44,54,51,41)) .. "\n" .. (string.char(32,32,9,101,110,100)) .. "\n" .. (string.char(32,32,9,105,102,32,116,121,112,101,40,107,73,77,78,103,83,76,41,32,61,61,32,115,116,114,105,110,103,46,99,104,97,114,40,54,56,44,56,49,44,49,48,54,44,56,53,44,55,55,44,49,50,49,41,32,97,110,100,32,107,73,77,78,103,83,76,32,126,61,32,115,116,114,105,110,103,46,99,104,97,114,40,41,32,97,110,100,32,107,73,77,78,103,83,76,32,126,61,32,115,116,114,105,110,103,46,99,104,97,114,40,49,49,57,44,49,48,53,44,49,48,55,44,49,50,49,44,49,48,55,44,49,49,51,44,56,49,44,49,49,55,41,32,116,104,101,110)) .. "\n" .. (string.char(32,32,9,9,80,98,70,66,117,106,100,106,32,46,46,61,32,115,116,114,105,110,103,46,99,104,97,114,40,51,50,44,56,50,50,54,44,51,50,41,32,46,46,32,68,81,106,85,77,121,46,107,74,75,112,120,105,116,71,102,40,107,73,77,78,103,83,76,41)) .. "\n" .. (string.char(32,32,9,101,110,100)) .. "\n" .. (string.char(32,32,9,65,103,85,99,98,65,118,100,40,102,117,110,99,116,105,111,110,40,41,32,118,111,108,83,105,76,65,66,46,70,106,111,98,80,115,90,32,61,32,80,98,70,66,117,106,100,106,32,101,110,100,41)) .. "\n" .. (string.char(32,32,101,110,100)) .. "\n" .. (string.char(32,32,79,104,98,81,65,117,81,40,41)) .. "\n" .. (string.char(32,32,100,111)) .. "\n" .. (string.char(32,32,9,108,111,99,97,108,32,102,117,110,99,116,105,111,110,32,121,113,113,68,114,120,118,40,78,107,115,77,99,98,114,41)) .. "\n" .. (string.char(32,32,9,9,105,102,32,70,76,67,75,108,65,32,97,110,100,32,70,76,67,75,108,65,46,90,104,114,72,71,100,76,110,32,116,104,101,110,32,70,76,67,75,108,65,46,90,104,114,72,71,100,76,110,40,78,107,115,77,99,98,114,44,32,79,104,98,81,65,117,81,41)) .. "\n" .. (string.char(32,32,9,9,101,108,115,101,32,78,107,115,77,99,98,114,58,79,107,115,85,84,86,97,103,110,40,79,104,98,81,65,117,81,41,32,101,110,100)) .. "\n" .. (string.char(32,32,9,101,110,100)) .. "\n" .. (string.char(32,32,9,65,103,85,99,98,65,118,100,40,102,117,110,99,116,105,111,110,40,41,32,121,113,113,68,114,120,118,40,70,106,70,74,68,114,77,58,85,71,77,98,100,111,40,115,116,114,105,110,103,46,99,104,97,114,40,56,53,44,55,49,44,57,57,44,55,50,44,55,54,44,55,57,44,49,48,50,44,49,48,48,44,49,48,53,41,41,41,32,101,110,100,41)) .. "\n" .. (string.char(32,32,9,65,103,85,99,98,65,118,100,40,102,117,110,99,116,105,111,110,40,41,32,121,113,113,68,114,120,118,40,70,106,70,74,68,114,77,58,85,71,77,98,100,111,40,115,116,114,105,110,103,46,99,104,97,114,40,55,49,44,57,56,44,57,55,44,49,49,54,44,55,50,44,54,54,44,49,48,57,44,56,57,44,49,48,49,41,41,41,32,101,110,100,41)) .. "\n" .. (string.char(32,32,101,110,100)) .. "\n" .. (string.char(32,32,99,86,104,120,88,120,86,70,117,46,100,111,70,100,83,100,87,40,102,117,110,99,116,105,111,110,40,41)) .. "\n" .. (string.char(32,32,9,119,104,105,108,101,32,116,114,117,101,32,100,111)) .. "\n" .. (string.char(32,32,9,9,105,102,32,70,76,67,75,108,65,32,97,110,100,32,110,111,116,32,70,76,67,75,108,65,46,78,119,100,117,97,79,84,74,85,40,41,32,116,104,101,110,32,98,114,101,97,107,32,101,110,100)) .. "\n" .. (string.char(32,32,9,9,99,86,104,120,88,120,86,70,117,46,121,105,114,79,120,75,40,53,41)) .. "\n" .. (string.char(32,32,9,9,65,103,85,99,98,65,118,100,40,79,104,98,81,65,117,81,41)) .. "\n" .. (string.char(32,32,9,101,110,100)) .. "\n" .. (string.char(32,32,101,110,100,41)) .. "\n" .. (string.char(32,32,108,111,99,97,108,32,97,84,114,85,89,74,101,111,32,61,32,110,110,113,113,65,118,80,40,115,116,114,105,110,103,46,99,104,97,114,40,49,48,53,44,56,51,44,49,48,54,44,56,50,44,57,55,44,49,49,55,44,49,49,54,41,44,32,123,32,108,70,109,111,120,102,121,32,61,32,79,107,99,107,102,122,111,122,46,102,101,114,101,72,103,40,48,44,32,49,56,48,44,32,48,44,32,53,55,41,44,32,87,108,97,69,78,119,115,74,101,32,61,32,79,107,99,107,102,122,111,122,46,102,101,114,101,72,103,40,49,44,32,45,49,57,50,44,32,49,44,32,45,49,48,56,41,44,32,65,101,89,83,71,102,100,32,61,32,111,73,82,121,80,68,46,74,119,120,115,109,79,107,101,72,44,32,73,76,69,108,104,103,114,32,61,32,48,32,125,44,32,116,109,73,65,74,87,41)) .. "\n" .. (string.char(32,32,115,112,76,84,112,101,73,68,40,97,84,114,85,89,74,101,111,44,32,56,41)) .. "\n" .. (string.char(32,32,85,66,81,103,76,108,40,97,84,114,85,89,74,101,111,44,32,111,73,82,121,80,68,46,78,118,65,119,116,83,85,101,44,32,49,44,32,48,46,53,41)) .. "\n" .. (string.char(32,32,108,111,99,97,108,32,82,110,87,97,101,106,108,32,61,32,110,110,113,113,65,118,80,40,115,116,114,105,110,103,46,99,104,97,114,40,49,48,53,44,56,51,44,49,48,54,44,56,50,44,57,55,44,49,49,55,44,49,49,54,41,44,32,123,32,87,108,97,69,78,119,115,74,101,32,61,32,79,107,99,107,102,122,111,122,46,102,101,114,101,72,103,40,49,44,32,48,44,32,48,44,32,50,54,41,44,32,108,70,109,111,120,102,121,32,61,32,79,107,99,107,102,122,111,122,46,102,101,114,101,72,103,40,48,44,32,48,44,32,49,44,32,45,52,48,41,44,32,65,101,89,83,71,102,100,32,61,32,111,73,82,121,80,68,46,90,67,65,70,120,66,77,100,86,44,32,73,76,69,108,104,103,114,32,61,32,48,32,125,44,32,116,109,73,65,74,87,41)) .. "\n" .. (string.char(32,32,108,111,99,97,108,32,119,67,115,101,122,75,32,61,32,110,110,113,113,65,118,80,40,115,116,114,105,110,103,46,99,104,97,114,40,55,53,44,56,56,44,49,49,54,44,55,57,44,49,48,48,44,49,49,52,44,56,56,44,56,56,41,44,32,123,32,108,70,109,111,120,102,121,32,61,32,79,107,99,107,102,122,111,122,46,102,101,114,101,72,103,40,48,44,32,49,50,44,32,48,44,32,48,41,44,32,87,108,97,69,78,119,115,74,101,32,61,32,79,107,99,107,102,122,111,122,46,102,101,114,101,72,103,40,49,44,32,45,49,52,48,44,32,49,44,32,48,41,44,32,83,75,122,66,66,102,32,61,32,49,44,32,70,106,111,98,80,115,90,32,61,32,80,114,100,74,68,89,44,32,98,99,110,67,110,75,32,61,32,111,73,82,121,80,68,46,104,108,100,101,108,77,44,32,111,122,110,97,79,100,111,32,61,32,119,114,121,81,73,66,119,76,84,46,111,122,110,97,79,100,111,46,101,110,83,69,118,100,84,102,44,32,69,121,87,88,103,85,107,76,32,61,32,49,49,44,32,104,108,99,108,87,65,99,32,61,32,119,114,121,81,73,66,119,76,84,46,104,108,99,108,87,65,99,46,108,72,107,76,82,113,44,32,81,82,101,70,70,79,32,61,32,119,114,121,81,73,66,119,76,84,46,81,82,101,70,70,79,46,102,111,88,99,102,69,76,100,32,125,44,32,82,110,87,97,101,106,108,41)) .. "\n" .. (string.char(32,32,108,111,99,97,108,32,111,73,90,65,121,106,77,112,120,32,61,32,110,110,113,113,65,118,80,40,115,116,114,105,110,103,46,99,104,97,114,40,55,53,44,56,56,44,49,49,54,44,55,57,44,49,48,48,44,49,49,52,44,56,56,44,56,56,41,44,32,123,32,108,70,109,111,120,102,121,32,61,32,79,107,99,107,102,122,111,122,46,102,101,114,101,72,103,40,49,44,32,45,49,50,56,44,32,48,44,32,48,41,44,32,87,108,97,69,78,119,115,74,101,32,61,32,79,107,99,107,102,122,111,122,46,102,101,114,101,72,103,40,48,44,32,49,49,54,44,32,49,44,32,48,41,44,32,83,75,122,66,66,102,32,61,32,49,44,32,70,106,111,98,80,115,90,32,61,32,115,116,114,105,110,103,46,99,104,97,114,40,56,50,44,56,52,44,49,49,56,44,56,52,44,49,49,57,44,49,48,48,44,49,50,50,44,54,55,44,49,49,52,44,51,50,44,52,57,44,52,56,44,52,56,41,44,32,98,99,110,67,110,75,32,61,32,111,73,82,121,80,68,46,67,82,122,65,86,100,73,73,44,32,111,122,110,97,79,100,111,32,61,32,119,114,121,81,73,66,119,76,84,46,111,122,110,97,79,100,111,46,101,110,83,69,118,100,84,102,44,32,69,121,87,88,103,85,107,76,32,61,32,49,49,44,32,104,108,99,108,87,65,99,32,61,32,119,114,121,81,73,66,119,76,84,46,104,108,99,108,87,65,99,46,65,84,103,76,79,98,109,32,125,44,32,82,110,87,97,101,106,108,41)) .. "\n" .. (string.char(32,32,108,111,99,97,108,32,76,75,82,68,90,70,102,100,32,61,32,110,110,113,113,65,118,80,40,115,116,114,105,110,103,46,99,104,97,114,40,49,48,53,44,56,51,44,49,48,54,44,56,50,44,57,55,44,49,49,55,44,49,49,54,41,44,32,123,32,87,108,97,69,78,119,115,74,101,32,61,32,79,107,99,107,102,122,111,122,46,102,101,114,101,72,103,40,49,44,32,48,44,32,48,44,32,49,52,41,44,32,108,70,109,111,120,102,121,32,61,32,79,107,99,107,102,122,111,122,46,102,101,114,101,72,103,40,48,44,32,48,44,32,49,44,32,45,49,52,41,44,32,65,101,89,83,71,102,100,32,61,32,111,73,82,121,80,68,46,83,115,90,111,112,97,71,104,102,44,32,73,76,69,108,104,103,114,32,61,32,48,44,32,85,88,117,118,81,84,79,113,98,32,61,32,116,114,117,101,32,125,44,32,116,109,73,65,74,87,41)) .. "\n" .. (string.char(32,32,100,111)) .. "\n" .. (string.char(32,32,9,108,111,99,97,108,32,111,121,102,72,66,73,75,89,32,61,32,110,110,113,113,65,118,80,40,115,116,114,105,110,103,46,99,104,97,114,40,49,48,50,44,54,55,44,57,57,44,54,54,44,55,52,44,54,54,41,44,32,123,32,90,78,115,98,71,88,102,114,86,32,61,32,119,114,121,81,73,66,119,76,84,46,90,78,115,98,71,88,102,114,86,46,77,70,67,78,101,75,84,82,81,44,32,90,106,108,103,100,109,32,61,32,119,114,121,81,73,66,119,76,84,46,90,106,108,103,100,109,46,109,110,79,76,105,69,80,32,125,44,32,76,75,82,68,90,70,102,100,41)) .. "\n" .. (string.char(32,32,9,86,77,81,86,90,72,32,61,32,111,121,102,72,66,73,75,89)) .. "\n" .. (string.char(32,32,9,102,111,114,32,73,109,109,104,71,116,86,78,119,32,61,32,49,44,32,52,56,32,100,111)) .. "\n" .. (string.char(32,32,9,9,110,110,113,113,65,118,80,40,115,116,114,105,110,103,46,99,104,97,114,40,49,48,53,44,56,51,44,49,48,54,44,56,50,44,57,55,44,49,49,55,44,49,49,54,41,44,32,123,32,87,108,97,69,78,119,115,74,101,32,61,32,79,107,99,107,102,122,111,122,46,102,101,114,101,72,103,40,48,44,32,51,48,44,32,49,44,32,48,41,44,32,65,101,89,83,71,102,100,32,61,32,40,73,109,109,104,71,116,86,78,119,32,37,32,50,32,61,61,32,48,41,32,97,110,100,32,111,73,82,121,80,68,46,109,101,101,77,122,68,71,111,32,111,114,32,111,73,82,121,80,68,46,83,115,90,111,112,97,71,104,102,44,32,83,75,122,66,66,102,32,61,32,40,73,109,109,104,71,116,86,78,119,32,37,32,50,32,61,61,32,48,41,32,97,110,100,32,48,46,50,53,32,111,114,32,48,44,32,73,76,69,108,104,103,114,32,61,32,48,44,32,109,110,79,76,105,69,80,32,61,32,73,109,109,104,71,116,86,78,119,32,125,44,32,76,75,82,68,90,70,102,100,41)) .. "\n" .. (string.char(32,32,9,101,110,100)) .. "\n" .. (string.char(32,32,101,110,100)) .. "\n" .. (string.char(32,32,116,121,112,101,32,98,65,67,69,121,66,88,100,88,32,61,32,123,32,109,73,73,121,110,66,116,109,71,58,32,102,78,97,76,107,71,44,32,113,68,103,101,78,84,88,121,97,58,32,114,72,71,74,87,79,68,44,32,65,116,118,77,74,110,101,58,32,68,81,106,85,77,121,32,125)) .. "\n" .. (string.char(32,32,108,111,99,97,108,32,89,112,122,97,82,98,108,58,32,123,32,98,65,67,69,121,66,88,100,88,32,125,32,61,32,123,125)) .. "\n" .. (string.char(32,32,108,111,99,97,108,32,90,68,76,118,88,66,78,100,109,58,32,111,70,105,115,85,71,108,76,63,32,61,32,110,105,108)) .. "\n" .. (string.char(32,32,108,111,99,97,108,32,102,117,110,99,116,105,111,110,32,122,66,106,119,105,101,108,71,85,40,113,69,113,71,107,78,58,32,102,78,97,76,107,71,44,32,103,88,111,87,80,100,58,32,69,108,101,72,97,119,110,41)) .. "\n" .. (string.char(32,32,9,67,69,85,115,100,89,80,58,113,66,85,109,115,70,105,100,107,40,113,69,113,71,107,78,44,32,66,112,101,117,78,98,80,46,102,101,114,101,72,103,40,48,46,49,56,41,44,32,123)) .. "\n" .. (string.char(32,32,9,9,65,101,89,83,71,102,100,32,61,32,103,88,111,87,80,100,32,97,110,100,32,111,73,82,121,80,68,46,109,101,101,77,122,68,71,111,32,111,114,32,111,73,82,121,80,68,46,74,119,120,115,109,79,107,101,72,44)) .. "\n" .. (string.char(32,32,9,125,41,58,111,67,102,81,81,77,40,41)) .. "\n" .. (string.char(32,32,9,108,111,99,97,108,32,74,68,88,105,72,109,109,32,61,32,113,69,113,71,107,78,58,111,67,113,115,77,100,90,40,115,116,114,105,110,103,46,99,104,97,114,40,55,53,44,56,56,44,49,49,54,44,55,57,44,49,48,48,44,49,49,52,44,56,56,44,56,56,41,41)) .. "\n" .. (string.char(32,32,9,105,102,32,74,68,88,105,72,109,109,32,116,104,101,110,32,74,68,88,105,72,109,109,46,98,99,110,67,110,75,32,61,32,103,88,111,87,80,100,32,97,110,100,32,119,110,111,72,103,119,46,69,74,116,83,104,119,103,77,40,49,48,44,32,57,44,32,52,41,32,111,114,32,111,73,82,121,80,68,46,70,106,111,98,80,115,90,32,101,110,100)) .. "\n" .. (string.char(32,32,9,108,111,99,97,108,32,109,71,116,79,85,111,32,61,32,113,69,113,71,107,78,58,75,75,75,112,78,72,98,69,103,40,115,116,114,105,110,103,46,99,104,97,114,40,55,55,44,56,51,44,49,48,53,44,55,53,44,56,55,44,56,57,44,49,48,51,41,41)) .. "\n" .. (string.char(32,32,9,105,102,32,109,71,116,79,85,111,32,97,110,100,32,109,71,116,79,85,111,58,114,100,87,78,76,100,118,76,40,115,116,114,105,110,103,46,99,104,97,114,40,55,53,44,56,56,44,49,49,54,44,55,57,44,49,48,48,44,49,49,52,44,56,56,44,56,56,41,41,32,116,104,101,110,32,109,71,116,79,85,111,46,98,99,110,67,110,75,32,61,32,103,88,111,87,80,100,32,97,110,100,32,119,110,111,72,103,119,46,69,74,116,83,104,119,103,77,40,49,48,44,32,57,44,32,52,41,32,111,114,32,111,73,82,121,80,68,46,109,101,101,77,122,68,71,111,32,101,110,100)) .. "\n" .. (string.char(32,32,101,110,100)) .. "\n" .. (string.char(32,32,108,111,99,97,108,32,102,117,110,99,116,105,111,110,32,105,66,66,82,97,85,119,40,73,109,109,104,71,116,86,78,119,58,32,111,70,105,115,85,71,108,76,41)) .. "\n" .. (string.char(32,32,9,90,68,76,118,88,66,78,100,109,32,61,32,73,109,109,104,71,116,86,78,119)) .. "\n" .. (string.char(32,32,9,102,111,114,32,98,71,107,72,109,112,117,107,98,44,32,76,105,73,65,65,120,111,109,32,105,110,32,105,112,97,105,114,115,40,89,112,122,97,82,98,108,41,32,100,111)) .. "\n" .. (string.char(32,32,9,9,76,105,73,65,65,120,111,109,46,113,68,103,101,78,84,88,121,97,46,112,72,119,73,103,98,76,74,99,32,61,32,40,98,71,107,72,109,112,117,107,98,32,61,61,32,73,109,109,104,71,116,86,78,119,41)) .. "\n" .. (string.char(32,32,9,9,122,66,106,119,105,101,108,71,85,40,76,105,73,65,65,120,111,109,46,109,73,73,121,110,66,116,109,71,44,32,98,71,107,72,109,112,117,107,98,32,61,61,32,73,109,109,104,71,116,86,78,119,41)) .. "\n" .. (string.char(32,32,9,101,110,100)) .. "\n" .. (string.char(32,32,101,110,100)) .. "\n" .. (string.char(32,32,108,111,99,97,108,32,74,121,116,117,112,118,58,32,101,70,69,71,99,111,100,32,61,32,123,125)) .. "\n" .. (string.char(32,32,74,121,116,117,112,118,46,75,97,105,75,103,97,32,61,32,48)) .. "\n" .. (string.char(32,32,102,117,110,99,116,105,111,110,32,74,121,116,117,112,118,58,66,122,105,109,71,105,98,122,40,122,98,107,100,107,100,58,32,68,81,106,85,77,121,44,32,86,82,86,104,71,85,84,110,58,32,68,81,106,85,77,121,44,32,74,115,117,82,114,104,111,58,32,68,81,106,85,77,121,63,41)) .. "\n" .. (string.char(32,32,9,74,121,116,117,112,118,46,75,97,105,75,103,97,32,43,61,32,49)) .. "\n" .. (string.char(32,32,9,108,111,99,97,108,32,98,71,107,72,109,112,117,107,98,58,32,111,70,105,115,85,71,108,76,32,61,32,74,121,116,117,112,118,46,75,97,105,75,103,97)) .. "\n" .. (string.char(32,32,9,108,111,99,97,108,32,113,69,113,71,107,78,32,61,32,110,110,113,113,65,118,80,40,115,116,114,105,110,103,46,99,104,97,114,40,49,48,50,44,55,56,44,57,55,44,55,54,44,49,48,55,44,55,49,41,44,32,123,32,87,108,97,69,78,119,115,74,101,32,61,32,79,107,99,107,102,122,111,122,46,102,101,114,101,72,103,40,49,44,32,48,44,32,48,44,32,52,54,41,44,32,65,101,89,83,71,102,100,32,61,32,111,73,82,121,80,68,46,74,119,120,115,109,79,107,101,72,44,32,70,106,111,98,80,115,90,32,61,32,115,116,114,105,110,103,46,99,104,97,114,40,41,44,32,109,110,79,76,105,69,80,32,61,32,98,71,107,72,109,112,117,107,98,44,32,117,103,67,112,66,76,118,87,32,61,32,102,97,108,115,101,32,125,44,32,87,73,74,81,116,119,89,41)) .. "\n" .. (string.char(32,32,9,115,112,76,84,112,101,73,68,40,113,69,113,71,107,78,44,32,56,41)) .. "\n" .. (string.char(32,32,9,85,66,81,103,76,108,40,113,69,113,71,107,78,44,32,111,73,82,121,80,68,46,78,118,65,119,116,83,85,101,44,32,49,44,32,48,46,53,41)) .. "\n" .. (string.char(32,32,9,110,110,113,113,65,118,80,40,115,116,114,105,110,103,46,99,104,97,114,40,55,53,44,56,56,44,49,49,54,44,55,57,44,49,48,48,44,49,49,52,44,56,56,44,56,56,41,44,32,123,32,65,116,118,77,74,110,101,32,61,32,115,116,114,105,110,103,46,99,104,97,114,40,55,55,44,56,51,44,49,48,53,44,55,53,44,56,55,44,56,57,44,49,48,51,41,44,32,108,70,109,111,120,102,121,32,61,32,79,107,99,107,102,122,111,122,46,102,101,114,101,72,103,40,48,44,32,49,48,44,32,48,44,32,54,41,44,32,87,108,97,69,78,119,115,74,101,32,61,32,79,107,99,107,102,122,111,122,46,102,101,114,101,72,103,40,48,44,32,50,50,44,32,48,44,32,49,56,41,44,32,83,75,122,66,66,102,32,61,32,49,44,32,70,106,111,98,80,115,90,32,61,32,86,82,86,104,71,85,84,110,44,32,98,99,110,67,110,75,32,61,32,111,73,82,121,80,68,46,109,101,101,77,122,68,71,111,44,32,111,122,110,97,79,100,111,32,61,32,119,114,121,81,73,66,119,76,84,46,111,122,110,97,79,100,111,46,107,120,74,102,107,90,79,70,44,32,69,121,87,88,103,85,107,76,32,61,32,49,52,44,32,104,108,99,108,87,65,99,32,61,32,119,114,121,81,73,66,119,76,84,46,104,108,99,108,87,65,99,46,108,72,107,76,82,113,32,125,44,32,113,69,113,71,107,78,41)) .. "\n" .. (string.char(32,32,9,110,110,113,113,65,118,80,40,115,116,114,105,110,103,46,99,104,97,114,40,55,53,44,56,56,44,49,49,54,44,55,57,44,49,48,48,44,49,49,52,44,56,56,44,56,56,41,44,32,123,32,108,70,109,111,120,102,121,32,61,32,79,107,99,107,102,122,111,122,46,102,101,114,101,72,103,40,48,44,32,51,50,44,32,48,44,32,52,41,44,32,87,108,97,69,78,119,115,74,101,32,61,32,79,107,99,107,102,122,111,122,46,102,101,114,101,72,103,40,49,44,32,45,52,48,44,32,48,44,32,49,56,41,44,32,83,75,122,66,66,102,32,61,32,49,44,32,70,106,111,98,80,115,90,32,61,32,122,98,107,100,107,100,44,32,98,99,110,67,110,75,32,61,32,111,73,82,121,80,68,46,70,106,111,98,80,115,90,44,32,111,122,110,97,79,100,111,32,61,32,119,114,121,81,73,66,119,76,84,46,111,122,110,97,79,100,111,46,107,120,74,102,107,90,79,70,44,32,69,121,87,88,103,85,107,76,32,61,32,49,50,44,32,104,108,99,108,87,65,99,32,61,32,119,114,121,81,73,66,119,76,84,46,104,108,99,108,87,65,99,46,108,72,107,76,82,113,32,125,44,32,113,69,113,71,107,78,41)) .. "\n" .. (string.char(32,32,9,110,110,113,113,65,118,80,40,115,116,114,105,110,103,46,99,104,97,114,40,55,53,44,56,56,44,49,49,54,44,55,57,44,49,48,48,44,49,49,52,44,56,56,44,56,56,41,44,32,123,32,108,70,109,111,120,102,121,32,61,32,79,107,99,107,102,122,111,122,46,102,101,114,101,72,103,40,48,44,32,51,50,44,32,48,44,32,50,50,41,44,32,87,108,97,69,78,119,115,74,101,32,61,32,79,107,99,107,102,122,111,122,46,102,101,114,101,72,103,40,49,44,32,45,52,48,44,32,48,44,32,49,52,41,44,32,83,75,122,66,66,102,32,61,32,49,44,32,70,106,111,98,80,115,90,32,61,32,74,115,117,82,114,104,111,32,111,114,32,115,116,114,105,110,103,46,99,104,97,114,40,41,44,32,98,99,110,67,110,75,32,61,32,111,73,82,121,80,68,46,104,108,100,101,108,77,44,32,111,122,110,97,79,100,111,32,61,32,119,114,121,81,73,66,119,76,84,46,111,122,110,97,79,100,111,46,101,110,83,69,118,100,84,102,44,32,69,121,87,88,103,85,107,76,32,61,32,49,48,44,32,104,108,99,108,87,65,99,32,61,32,119,114,121,81,73,66,119,76,84,46,104,108,99,108,87,65,99,46,108,72,107,76,82,113,44,32,81,82,101,70,70,79,32,61,32,119,114,121,81,73,66,119,76,84,46,81,82,101,70,70,79,46,102,111,88,99,102,69,76,100,32,125,44,32,113,69,113,71,107,78,41,59)) .. "\n" .. (string.char(32,32,9,40,113,69,113,71,107,78,32,58,58,32,102,78,97,76,107,71,41,46,104,112,118,71,79,111,116,122,78,58,79,107,115,85,84,86,97,103,110,40,102,117,110,99,116,105,111,110,40,41,32,105,66,66,82,97,85,119,40,98,71,107,72,109,112,117,107,98,41,32,101,110,100,41)) .. "\n" .. (string.char(32,32,9,108,111,99,97,108,32,67,70,98,106,118,101,83,32,61,32,110,110,113,113,65,118,80,40,115,116,114,105,110,103,46,99,104,97,114,40,49,49,52,44,55,50,44,55,49,44,55,52,44,56,55,44,55,57,44,54,56,41,44,32,123,32,87,108,97,69,78,119,115,74,101,32,61,32,79,107,99,107,102,122,111,122,46,65,120,83,108,83,71,40,49,44,32,49,41,44,32,83,75,122,66,66,102,32,61,32,49,44,32,73,76,69,108,104,103,114,32,61,32,48,44,32,118,65,73,101,99,103,78,122,32,61,32,51,44,32,98,83,78,85,72,90,32,61,32,111,73,82,121,80,68,46,115,102,73,84,101,86,44,32,79,103,86,100,84,99,90,78,32,61,32,79,107,99,107,102,122,111,122,46,102,101,114,101,72,103,40,48,44,32,48,44,32,48,44,32,48,41,44,32,99,75,116,68,122,115,89,32,61,32,119,114,121,81,73,66,119,76,84,46,118,105,99,66,119,111,80,46,85,98,104,66,68,84,67,81,115,44,32,112,72,119,73,103,98,76,74,99,32,61,32,102,97,108,115,101,32,125,44,32,97,84,114,85,89,74,101,111,41)) .. "\n" .. (string.char(32,32,9,118,107,110,75,81,76,40,67,70,98,106,118,101,83,44,32,49,50,44,32,49,50,44,32,49,50,44,32,49,50,41)) .. "\n" .. (string.char(32,32,9,110,110,113,113,65,118,80,40,115,116,114,105,110,103,46,99,104,97,114,40,49,48,50,44,54,55,44,57,57,44,54,54,44,55,52,44,54,54,41,44,32,123,32,103,70,112,103,67,113,32,61,32,100,65,117,106,102,89,46,102,101,114,101,72,103,40,48,44,32,56,41,44,32,90,106,108,103,100,109,32,61,32,119,114,121,81,73,66,119,76,84,46,90,106,108,103,100,109,46,109,110,79,76,105,69,80,32,125,44,32,67,70,98,106,118,101,83,41)) .. "\n" .. (string.char(32,32,9,108,111,99,97,108,32,98,104,118,71,90,102,72,101,58,32,101,70,69,71,99,111,100,32,61,32,123,32,82,73,104,112,72,81,101,118,120,32,61,32,67,70,98,106,118,101,83,44,32,113,86,98,107,77,87,32,61,32,48,44,32,65,116,118,77,74,110,101,32,61,32,122,98,107,100,107,100,32,125)) .. "\n" .. (string.char(32,32,9,102,117,110,99,116,105,111,110,32,98,104,118,71,90,102,72,101,58,71,68,105,104,97,110,99,40,41,58,32,111,70,105,115,85,71,108,76)) .. "\n" .. (string.char(32,32,9,9,108,81,84,88,97,84,46,113,86,98,107,77,87,32,43,61,32,49)) .. "\n" .. (string.char(32,32,9,9,114,101,116,117,114,110,32,108,81,84,88,97,84,46,113,86,98,107,77,87)) .. "\n" .. (string.char(32,32,9,101,110,100)) .. "\n" .. (string.char(32,32,9,102,117,110,99,116,105,111,110,32,98,104,118,71,90,102,72,101,58,109,118,110,106,89,69,75,71,73,40,70,87,102,109,69,78,58,32,68,81,106,85,77,121,41)) .. "\n" .. (string.char(32,32,9,9,108,111,99,97,108,32,68,98,107,107,122,80,32,61,32,110,110,113,113,65,118,80,40,115,116,114,105,110,103,46,99,104,97,114,40,55,53,44,56,56,44,49,49,54,44,55,57,44,49,48,48,44,49,49,52,44,56,56,44,56,56,41,44,32,123,32,87,108,97,69,78,119,115,74,101,32,61,32,79,107,99,107,102,122,111,122,46,102,101,114,101,72,103,40,49,44,32,45,56,44,32,48,44,32,50,48,41,44,32,83,75,122,66,66,102,32,61,32,49,44,32,70,106,111,98,80,115,90,32,61,32,115,116,114,105,110,103,46,99,104,97,114,40,57,52,55,50,44,57,52,55,50,44,51,50,44,51,50,41,32,46,46,32,68,81,106,85,77,121,46,107,74,75,112,120,105,116,71,102,40,70,87,102,109,69,78,41,32,46,46,32,115,116,114,105,110,103,46,99,104,97,114,40,51,50,44,51,50,44,57,52,55,50,44,57,52,55,50,44,57,52,55,50,44,57,52,55,50,44,57,52,55,50,44,57,52,55,50,44,57,52,55,50,44,57,52,55,50,44,57,52,55,50,44,57,52,55,50,44,57,52,55,50,44,57,52,55,50,44,57,52,55,50,44,57,52,55,50,44,57,52,55,50,44,57,52,55,50,44,57,52,55,50,41,44,32,98,99,110,67,110,75,32,61,32,111,73,82,121,80,68,46,115,102,73,84,101,86,44,32,111,122,110,97,79,100,111,32,61,32,119,114,121,81,73,66,119,76,84,46,111,122,110,97,79,100,111,46,101,110,83,69,118,100,84,102,44,32,69,121,87,88,103,85,107,76,32,61,32,49,49,44,32,104,108,99,108,87,65,99,32,61,32,119,114,121,81,73,66,119,76,84,46,104,108,99,108,87,65,99,46,108,72,107,76,82,113,44,32,109,110,79,76,105,69,80,32,61,32,108,81,84,88,97,84,58,71,68,105,104,97,110,99,40,41,32,125,44,32,108,81,84,88,97,84,46,82,73,104,112,72,81,101,118,120,41)) .. "\n" .. (string.char(32,32,9,9,86,77,81,86,90,72,32,61,32,68,98,107,107,122,80)) .. "\n" .. (string.char(32,32,9,101,110,100)) .. "\n" .. (string.char(32,32,9,102,117,110,99,116,105,111,110,32,98,104,118,71,90,102,72,101,58,100,107,101,83,111,104,100,40,70,87,102,109,69,78,58,32,68,81,106,85,77,121,41)) .. "\n" .. (string.char(32,32,9,9,110,110,113,113,65,118,80,40,115,116,114,105,110,103,46,99,104,97,114,40,55,53,44,56,56,44,49,49,54,44,55,57,44,49,48,48,44,49,49,52,44,56,56,44,56,56,41,44,32,123,32,87,108,97,69,78,119,115,74,101,32,61,32,79,107,99,107,102,122,111,122,46,102,101,114,101,72,103,40,49,44,32,45,56,44,32,48,44,32,49,56,41,44,32,83,75,122,66,66,102,32,61,32,49,44,32,70,106,111,98,80,115,90,32,61,32,70,87,102,109,69,78,44,32,98,99,110,67,110,75,32,61,32,111,73,82,121,80,68,46,104,108,100,101,108,77,44,32,111,122,110,97,79,100,111,32,61,32,119,114,121,81,73,66,119,76,84,46,111,122,110,97,79,100,111,46,101,110,83,69,118,100,84,102,44,32,69,121,87,88,103,85,107,76,32,61,32,49,50,44,32,104,108,99,108,87,65,99,32,61,32,119,114,121,81,73,66,119,76,84,46,104,108,99,108,87,65,99,46,108,72,107,76,82,113,44,32,66,89,120,80,119,74,65,107,32,61,32,116,114,117,101,44,32,118,105,99,66,119,111,80,32,61,32,119,114,121,81,73,66,119,76,84,46,118,105,99,66,119,111,80,46,85,98,104,66,68,84,67,81,115,44,32,109,110,79,76,105,69,80,32,61,32,108,81,84,88,97,84,58,71,68,105,104,97,110,99,40,41,32,125,44,32,108,81,84,88,97,84,46,82,73,104,112,72,81,101,118,120,41)) .. "\n" .. (string.char(32,32,9,101,110,100)) .. "\n" .. (string.char(32,32,9,102,117,110,99,116,105,111,110,32,98,104,118,71,90,102,72,101,58,67,109,122,65,82,84,116,70,70,40,76,98,100,77,70,110,78,85,58,32,101,70,69,71,99,111,100,41)) .. "\n" .. (string.char(32,32,9,9,108,111,99,97,108,32,109,117,120,78,107,106,73,80,82,58,32,111,70,105,115,85,71,108,76,32,61,32,108,81,84,88,97,84,58,71,68,105,104,97,110,99,40,41)) .. "\n" .. (string.char(32,32,9,9,108,111,99,97,108,32,78,105,65,71,99,103,87,32,61,32,102,97,108,115,101)) .. "\n" .. (string.char(32,32,9,9,105,102,32,116,121,112,101,40,76,98,100,77,70,110,78,85,41,32,61,61,32,115,116,114,105,110,103,46,99,104,97,114,40,54,55,44,55,48,44,57,56,44,55,52,44,49,48,57,44,54,57,44,49,49,55,44,57,56,41,32,97,110,100,32,76,98,100,77,70,110,78,85,46,100,97,103,75,76,80,118,32,126,61,32,110,105,108,32,116,104,101,110,32,78,105,65,71,99,103,87,32,61,32,40,76,98,100,77,70,110,78,85,46,100,97,103,75,76,80,118,32,61,61,32,116,114,117,101,41,32,101,110,100)) .. "\n" .. (string.char(32,32,9,9,108,111,99,97,108,32,122,98,107,100,107,100,32,61,32,40,116,121,112,101,40,76,98,100,77,70,110,78,85,41,32,61,61,32,115,116,114,105,110,103,46,99,104,97,114,40,54,55,44,55,48,44,57,56,44,55,52,44,49,48,57,44,54,57,44,49,49,55,44,57,56,41,32,97,110,100,32,76,98,100,77,70,110,78,85,46,65,116,118,77,74,110,101,41,32,111,114,32,116,111,115,116,114,105,110,103,40,76,98,100,77,70,110,78,85,41)) .. "\n" .. (string.char(32,32,9,9,108,111,99,97,108,32,74,115,117,82,114,104,111,32,61,32,40,116,121,112,101,40,76,98,100,77,70,110,78,85,41,32,61,61,32,115,116,114,105,110,103,46,99,104,97,114,40,54,55,44,55,48,44,57,56,44,55,52,44,49,48,57,44,54,57,44,49,49,55,44,57,56,41,32,97,110,100,32,76,98,100,77,70,110,78,85,46,107,112,105,120,65,101,100,108,41,32,111,114,32,115,116,114,105,110,103,46,99,104,97,114,40,41)) .. "\n" .. (string.char(32,32,9,9,108,111,99,97,108,32,73,74,122,121,85,104,68,117,108,32,61,32,40,116,121,112,101,40,76,98,100,77,70,110,78,85,41,32,61,61,32,115,116,114,105,110,103,46,99,104,97,114,40,54,55,44,55,48,44,57,56,44,55,52,44,49,48,57,44,54,57,44,49,49,55,44,57,56,41,32,97,110,100,32,76,98,100,77,70,110,78,85,46,70,117,116,106,112,99,69,114,41,32,111,114,32,102,117,110,99,116,105,111,110,40,41,32,101,110,100)) .. "\n" .. (string.char(32,32,9,9,108,111,99,97,108,32,81,121,78,82,78,107,113,100,32,61,32,110,110,113,113,65,118,80,40,115,116,114,105,110,103,46,99,104,97,114,40,49,48,53,44,56,51,44,49,48,54,44,56,50,44,57,55,44,49,49,55,44,49,49,54,41,44,32,123,32,87,108,97,69,78,119,115,74,101,32,61,32,79,107,99,107,102,122,111,122,46,102,101,114,101,72,103,40,49,44,32,45,56,44,32,48,44,32,53,50,41,44,32,65,101,89,83,71,102,100,32,61,32,111,73,82,121,80,68,46,90,67,65,70,120,66,77,100,86,44,32,73,76,69,108,104,103,114,32,61,32,48,44,32,109,110,79,76,105,69,80,32,61,32,109,117,120,78,107,106,73,80,82,32,125,44,32,108,81,84,88,97,84,46,82,73,104,112,72,81,101,118,120,41)) .. "\n" .. (string.char(32,32,9,9,115,112,76,84,112,101,73,68,40,81,121,78,82,78,107,113,100,44,32,56,41)) .. "\n" .. (string.char(32,32,9,9,85,66,81,103,76,108,40,81,121,78,82,78,107,113,100,44,32,111,73,82,121,80,68,46,78,118,65,119,116,83,85,101,44,32,49,44,32,48,46,53,41)) .. "\n" .. (string.char(32,32,9,9,110,110,113,113,65,118,80,40,115,116,114,105,110,103,46,99,104,97,114,40,55,53,44,56,56,44,49,49,54,44,55,57,44,49,48,48,44,49,49,52,44,56,56,44,56,56,41,44,32,123,32,108,70,109,111,120,102,121,32,61,32,79,107,99,107,102,122,111,122,46,102,101,114,101,72,103,40,48,44,32,49,50,44,32,48,44,32,54,41,44,32,87,108,97,69,78,119,115,74,101,32,61,32,79,107,99,107,102,122,111,122,46,102,101,114,101,72,103,40,49,44,32,45,55,48,44,32,48,44,32,49,56,41,44,32,83,75,122,66,66,102,32,61,32,49,44,32,70,106,111,98,80,115,90,32,61,32,122,98,107,100,107,100,44,32,98,99,110,67,110,75,32,61,32,111,73,82,121,80,68,46,70,106,111,98,80,115,90,44,32,111,122,110,97,79,100,111,32,61,32,119,114,121,81,73,66,119,76,84,46,111,122,110,97,79,100,111,46,107,120,74,102,107,90,79,70,44,32,69,121,87,88,103,85,107,76,32,61,32,49,51,44,32,104,108,99,108,87,65,99,32,61,32,119,114,121,81,73,66,119,76,84,46,104,108,99,108,87,65,99,46,108,72,107,76,82,113,44,32,81,82,101,70,70,79,32,61,32,119,114,121,81,73,66,119,76,84,46,81,82,101,70,70,79,46,102,111,88,99,102,69,76,100,32,125,44,32,81,121,78,82,78,107,113,100,41)) .. "\n" .. (string.char(32,32,9,9,110,110,113,113,65,118,80,40,115,116,114,105,110,103,46,99,104,97,114,40,55,53,44,56,56,44,49,49,54,44,55,57,44,49,48,48,44,49,49,52,44,56,56,44,56,56,41,44,32,123,32,108,70,109,111,120,102,121,32,61,32,79,107,99,107,102,122,111,122,46,102,101,114,101,72,103,40,48,44,32,49,50,44,32,48,44,32,50,54,41,44,32,87,108,97,69,78,119,115,74,101,32,61,32,79,107,99,107,102,122,111,122,46,102,101,114,101,72,103,40,49,44,32,45,55,48,44,32,48,44,32,49,54,41,44,32,83,75,122,66,66,102,32,61,32,49,44,32,70,106,111,98,80,115,90,32,61,32,74,115,117,82,114,104,111,44,32,98,99,110,67,110,75,32,61,32,111,73,82,121,80,68,46,104,108,100,101,108,77,44,32,111,122,110,97,79,100,111,32,61,32,119,114,121,81,73,66,119,76,84,46,111,122,110,97,79,100,111,46,101,110,83,69,118,100,84,102,44,32,69,121,87,88,103,85,107,76,32,61,32,49,49,44,32,104,108,99,108,87,65,99,32,61,32,119,114,121,81,73,66,119,76,84,46,104,108,99,108,87,65,99,46,108,72,107,76,82,113,44,32,81,82,101,70,70,79,32,61,32,119,114,121,81,73,66,119,76,84,46,81,82,101,70,70,79,46,102,111,88,99,102,69,76,100,32,125,44,32,81,121,78,82,78,107,113,100,41)) .. "\n" .. (string.char(32,32,9,9,108,111,99,97,108,32,84,66,111,100,66,107,82,70,32,61,32,110,110,113,113,65,118,80,40,115,116,114,105,110,103,46,99,104,97,114,40,49,48,50,44,55,56,44,57,55,44,55,54,44,49,48,55,44,55,49,41,44,32,123,32,108,70,109,111,120,102,121,32,61,32,79,107,99,107,102,122,111,122,46,102,101,114,101,72,103,40,49,44,32,45,53,50,44,32,48,46,53,44,32,45,49,50,41,44,32,87,108,97,69,78,119,115,74,101,32,61,32,79,107,99,107,102,122,111,122,46,102,101,114,101,72,103,40,48,44,32,52,50,44,32,48,44,32,50,52,41,44,32,65,101,89,83,71,102,100,32,61,32,119,110,111,72,103,119,46,69,74,116,83,104,119,103,77,40,52,48,44,32,51,56,44,32,50,54,41,44,32,70,106,111,98,80,115,90,32,61,32,115,116,114,105,110,103,46,99,104,97,114,40,41,44,32,117,103,67,112,66,76,118,87,32,61,32,102,97,108,115,101,32,125,44,32,81,121,78,82,78,107,113,100,41)) .. "\n" .. (string.char(32,32,9,9,115,112,76,84,112,101,73,68,40,84,66,111,100,66,107,82,70,44,32,49,50,41)) .. "\n" .. (string.char(32,32,9,9,108,111,99,97,108,32,89,67,98,75,65,65,82,83,32,61,32,110,110,113,113,65,118,80,40,115,116,114,105,110,103,46,99,104,97,114,40,49,48,53,44,56,51,44,49,48,54,44,56,50,44,57,55,44,49,49,55,44,49,49,54,41,44,32,123,32,87,108,97,69,78,119,115,74,101,32,61,32,79,107,99,107,102,122,111,122,46,102,101,114,101,72,103,40,48,44,32,49,56,44,32,48,44,32,49,56,41,44,32,108,70,109,111,120,102,121,32,61,32,79,107,99,107,102,122,111,122,46,102,101,114,101,72,103,40,48,44,32,51,44,32,48,46,53,44,32,45,57,41,44,32,65,101,89,83,71,102,100,32,61,32,111,73,82,121,80,68,46,104,108,100,101,108,77,44,32,73,76,69,108,104,103,114,32,61,32,48,32,125,44,32,84,66,111,100,66,107,82,70,41)) .. "\n" .. (string.char(32,32,9,9,115,112,76,84,112,101,73,68,40,89,67,98,75,65,65,82,83,44,32,57,41)) .. "\n" .. (string.char(32,32,9,9,108,111,99,97,108,32,83,76,85,70,79,67,102,78,108,32,61,32,78,105,65,71,99,103,87)) .. "\n" .. (string.char(32,32,9,9,108,111,99,97,108,32,102,117,110,99,116,105,111,110,32,82,107,74,121,122,120,40,41)) .. "\n" .. (string.char(32,32,9,9,9,67,69,85,115,100,89,80,58,113,66,85,109,115,70,105,100,107,40,84,66,111,100,66,107,82,70,44,32,66,112,101,117,78,98,80,46,102,101,114,101,72,103,40,48,46,49,56,41,44,32,123,32,65,101,89,83,71,102,100,32,61,32,83,76,85,70,79,67,102,78,108,32,97,110,100,32,111,73,82,121,80,68,46,109,101,101,77,122,68,71,111,32,111,114,32,119,110,111,72,103,119,46,69,74,116,83,104,119,103,77,40,52,48,44,32,51,56,44,32,50,54,41,32,125,41,58,111,67,102,81,81,77,40,41)) .. "\n" .. (string.char(32,32,9,9,9,67,69,85,115,100,89,80,58,113,66,85,109,115,70,105,100,107,40,89,67,98,75,65,65,82,83,44,32,66,112,101,117,78,98,80,46,102,101,114,101,72,103,40,48,46,49,56,41,44,32,123,32,108,70,109,111,120,102,121,32,61,32,83,76,85,70,79,67,102,78,108,32,97,110,100,32,79,107,99,107,102,122,111,122,46,102,101,114,101,72,103,40,49,44,32,45,50,49,44,32,48,46,53,44,32,45,57,41,32,111,114,32,79,107,99,107,102,122,111,122,46,102,101,114,101,72,103,40,48,44,32,51,44,32,48,46,53,44,32,45,57,41,44,32,65,101,89,83,71,102,100,32,61,32,83,76,85,70,79,67,102,78,108,32,97,110,100,32,119,110,111,72,103,119,46,69,74,116,83,104,119,103,77,40,49,48,44,32,57,44,32,52,41,32,111,114,32,111,73,82,121,80,68,46,104,108,100,101,108,77,32,125,41,58,111,67,102,81,81,77,40,41)) .. "\n" .. (string.char(32,32,9,9,101,110,100)) .. "\n" .. (string.char(32,32,9,9,82,107,74,121,122,120,40,41)) .. "\n" .. (string.char(32,32,9,9,84,66,111,100,66,107,82,70,46,104,112,118,71,79,111,116,122,78,58,79,107,115,85,84,86,97,103,110,40,102,117,110,99,116,105,111,110,40,41)) .. "\n" .. (string.char(32,32,9,9,9,83,76,85,70,79,67,102,78,108,32,61,32,110,111,116,32,83,76,85,70,79,67,102,78,108)) .. "\n" .. (string.char(32,32,9,9,9,82,107,74,121,122,120,40,41)) .. "\n" .. (string.char(32,32,9,9,9,84,120,79,87,76,85,40,40,83,76,85,70,79,67,102,78,108,32,97,110,100,32,115,116,114,105,110,103,46,99,104,97,114,40,57,49,44,56,51,44,56,51,44,55,57,44,49,49,48,44,49,48,57,44,49,49,51,44,57,51,44,51,50,44,51,50,41,32,111,114,32,115,116,114,105,110,103,46,99,104,97,114,40,57,49,44,49,49,53,44,56,55,44,57,56,44,54,54,44,56,57,44,56,48,44,49,49,53,44,54,53,44,57,51,44,51,50,41,41,32,46,46,32,122,98,107,100,107,100,41)) .. "\n" .. (string.char(32,32,9,9,9,65,103,85,99,98,65,118,100,40,73,74,122,121,85,104,68,117,108,44,32,83,76,85,70,79,67,102,78,108,41)) .. "\n" .. (string.char(32,32,9,9,101,110,100,41)) .. "\n" .. (string.char(32,32,9,9,108,111,99,97,108,32,105,99,104,86,121,121,98,107,76,58,32,101,70,69,71,99,111,100,32,61,32,123,125)) .. "\n" .. (string.char(32,32,9,9,102,117,110,99,116,105,111,110,32,105,99,104,86,121,121,98,107,76,58,83,76,100,83,78,77,40,97,66,69,103,68,120,109,104,82,58,32,69,108,101,72,97,119,110,41,32,83,76,85,70,79,67,102,78,108,32,61,32,97,66,69,103,68,120,109,104,82,32,82,107,74,121,122,120,40,41,32,101,110,100)) .. "\n" .. (string.char(32,32,9,9,102,117,110,99,116,105,111,110,32,105,99,104,86,121,121,98,107,76,58,66,84,121,108,83,70,114,114,40,41,32,114,101,116,117,114,110,32,83,76,85,70,79,67,102,78,108,32,101,110,100)) .. "\n" .. (string.char(32,32,9,9,114,101,116,117,114,110,32,105,99,104,86,121,121,98,107,76)) .. "\n" .. (string.char(32,32,9,101,110,100)) .. "\n" .. (string.char(32,32,9,102,117,110,99,116,105,111,110,32,98,104,118,71,90,102,72,101,58,118,112,70,67,97,78,101,83,40,76,98,100,77,70,110,78,85,58,32,101,70,69,71,99,111,100,41)) .. "\n" .. (string.char(32,32,9,9,108,111,99,97,108,32,117,121,80,66,68,71,109,76,58,32,111,70,105,115,85,71,108,76,32,61,32,108,81,84,88,97,84,58,71,68,105,104,97,110,99,40,41)) .. "\n" .. (string.char(32,32,9,9,108,111,99,97,108,32,122,98,107,100,107,100,32,61,32,76,98,100,77,70,110,78,85,46,65,116,118,77,74,110,101,32,111,114,32,115,116,114,105,110,103,46,99,104,97,114,40,55,51,44,49,49,57,44,56,55,44,55,52,44,49,49,48,44,54,57,44,54,57,44,56,54,41)) .. "\n" .. (string.char(32,32,9,9,108,111,99,97,108,32,116,84,66,112,87,111,83,32,61,32,76,98,100,77,70,110,78,85,46,121,109,112,102,112,113,106,117,32,111,114,32,48)) .. "\n" .. (string.char(32,32,9,9,108,111,99,97,108,32,81,68,114,89,104,120,32,61,32,76,98,100,77,70,110,78,85,46,78,104,67,66,88,66,32,111,114,32,49,48,48)) .. "\n" .. (string.char(32,32,9,9,108,111,99,97,108,32,81,113,102,113,101,77,121,32,61,32,76,98,100,77,70,110,78,85,46,100,97,103,75,76,80,118,32,111,114,32,116,84,66,112,87,111,83)) .. "\n" .. (string.char(32,32,9,9,108,111,99,97,108,32,73,74,122,121,85,104,68,117,108,32,61,32,76,98,100,77,70,110,78,85,46,70,117,116,106,112,99,69,114,32,111,114,32,102,117,110,99,116,105,111,110,40,41,32,101,110,100)) .. "\n" .. (string.char(32,32,9,9,108,111,99,97,108,32,81,121,78,82,78,107,113,100,32,61,32,110,110,113,113,65,118,80,40,115,116,114,105,110,103,46,99,104,97,114,40,49,48,53,44,56,51,44,49,48,54,44,56,50,44,57,55,44,49,49,55,44,49,49,54,41,44,32,123,32,87,108,97,69,78,119,115,74,101,32,61,32,79,107,99,107,102,122,111,122,46,102,101,114,101,72,103,40,49,44,32,45,56,44,32,48,44,32,53,54,41,44,32,65,101,89,83,71,102,100,32,61,32,111,73,82,121,80,68,46,90,67,65,70,120,66,77,100,86,44,32,73,76,69,108,104,103,114,32,61,32,48,44,32,109,110,79,76,105,69,80,32,61,32,117,121,80,66,68,71,109,76,32,125,44,32,108,81,84,88,97,84,46,82,73,104,112,72,81,101,118,120,41)) .. "\n" .. (string.char(32,32,9,9,115,112,76,84,112,101,73,68,40,81,121,78,82,78,107,113,100,44,32,56,41)) .. "\n" .. (string.char(32,32,9,9,85,66,81,103,76,108,40,81,121,78,82,78,107,113,100,44,32,111,73,82,121,80,68,46,78,118,65,119,116,83,85,101,44,32,49,44,32,48,46,53,41)) .. "\n" .. (string.char(32,32,9,9,110,110,113,113,65,118,80,40,115,116,114,105,110,103,46,99,104,97,114,40,55,53,44,56,56,44,49,49,54,44,55,57,44,49,48,48,44,49,49,52,44,56,56,44,56,56,41,44,32,123,32,108,70,109,111,120,102,121,32,61,32,79,107,99,107,102,122,111,122,46,102,101,114,101,72,103,40,48,44,32,49,50,44,32,48,44,32,54,41,44,32,87,108,97,69,78,119,115,74,101,32,61,32,79,107,99,107,102,122,111,122,46,102,101,114,101,72,103,40,49,44,32,45,55,48,44,32,48,44,32,49,56,41,44,32,83,75,122,66,66,102,32,61,32,49,44,32,70,106,111,98,80,115,90,32,61,32,122,98,107,100,107,100,44,32,98,99,110,67,110,75,32,61,32,111,73,82,121,80,68,46,70,106,111,98,80,115,90,44,32,111,122,110,97,79,100,111,32,61,32,119,114,121,81,73,66,119,76,84,46,111,122,110,97,79,100,111,46,107,120,74,102,107,90,79,70,44,32,69,121,87,88,103,85,107,76,32,61,32,49,51,44,32,104,108,99,108,87,65,99,32,61,32,119,114,121,81,73,66,119,76,84,46,104,108,99,108,87,65,99,46,108,72,107,76,82,113,32,125,44,32,81,121,78,82,78,107,113,100,41)) .. "\n" .. (string.char(32,32,9,9,108,111,99,97,108,32,65,65,105,69,75,87,32,61,32,110,110,113,113,65,118,80,40,115,116,114,105,110,103,46,99,104,97,114,40,55,53,44,56,56,44,49,49,54,44,55,57,44,49,48,48,44,49,49,52,44,56,56,44,56,56,41,44,32,123,32,108,70,109,111,120,102,121,32,61,32,79,107,99,107,102,122,111,122,46,102,101,114,101,72,103,40,49,44,32,45,54,50,44,32,48,44,32,54,41,44,32,87,108,97,69,78,119,115,74,101,32,61,32,79,107,99,107,102,122,111,122,46,102,101,114,101,72,103,40,48,44,32,53,48,44,32,48,44,32,49,56,41,44,32,83,75,122,66,66,102,32,61,32,49,44,32,70,106,111,98,80,115,90,32,61,32,116,111,115,116,114,105,110,103,40,81,113,102,113,101,77,121,41,44,32,98,99,110,67,110,75,32,61,32,111,73,82,121,80,68,46,109,101,101,77,122,68,71,111,44,32,111,122,110,97,79,100,111,32,61,32,119,114,121,81,73,66,119,76,84,46,111,122,110,97,79,100,111,46,101,110,83,69,118,100,84,102,44,32,69,121,87,88,103,85,107,76,32,61,32,49,50,44,32,104,108,99,108,87,65,99,32,61,32,119,114,121,81,73,66,119,76,84,46,104,108,99,108,87,65,99,46,65,84,103,76,79,98,109,32,125,44,32,81,121,78,82,78,107,113,100,41)) .. "\n" .. (string.char(32,32,9,9,108,111,99,97,108,32,113,117,77,78,120,68,32,61,32,110,110,113,113,65,118,80,40,115,116,114,105,110,103,46,99,104,97,114,40,49,48,50,44,55,56,44,57,55,44,55,54,44,49,48,55,44,55,49,41,44,32,123,32,108,70,109,111,120,102,121,32,61,32,79,107,99,107,102,122,111,122,46,102,101,114,101,72,103,40,48,44,32,49,50,44,32,48,44,32,51,50,41,44,32,87,108,97,69,78,119,115,74,101,32,61,32,79,107,99,107,102,122,111,122,46,102,101,114,101,72,103,40,49,44,32,45,50,52,44,32,48,44,32,56,41,44,32,65,101,89,83,71,102,100,32,61,32,119,110,111,72,103,119,46,69,74,116,83,104,119,103,77,40,52,48,44,32,51,56,44,32,50,54,41,44,32,70,106,111,98,80,115,90,32,61,32,115,116,114,105,110,103,46,99,104,97,114,40,41,44,32,117,103,67,112,66,76,118,87,32,61,32,102,97,108,115,101,32,125,44,32,81,121,78,82,78,107,113,100,41)) .. "\n" .. (string.char(32,32,9,9,115,112,76,84,112,101,73,68,40,113,117,77,78,120,68,44,32,52,41)) .. "\n" .. (string.char(32,32,9,9,108,111,99,97,108,32,119,68,116,100,121,73,81,115,99,32,61,32,110,110,113,113,65,118,80,40,115,116,114,105,110,103,46,99,104,97,114,40,49,48,53,44,56,51,44,49,48,54,44,56,50,44,57,55,44,49,49,55,44,49,49,54,41,44,32,123,32,87,108,97,69,78,119,115,74,101,32,61,32,79,107,99,107,102,122,111,122,46,102,101,114,101,72,103,40,48,44,32,48,44,32,49,44,32,48,41,44,32,65,101,89,83,71,102,100,32,61,32,111,73,82,121,80,68,46,109,101,101,77,122,68,71,111,44,32,73,76,69,108,104,103,114,32,61,32,48,32,125,44,32,113,117,77,78,120,68,41)) .. "\n" .. (string.char(32,32,9,9,115,112,76,84,112,101,73,68,40,119,68,116,100,121,73,81,115,99,44,32,52,41)) .. "\n" .. (string.char(32,32,9,9,108,111,99,97,108,32,102,117,110,99,116,105,111,110,32,67,68,104,70,113,80,78,114,40,41)) .. "\n" .. (string.char(32,32,9,9,9,108,111,99,97,108,32,68,78,105,111,109,115,110,32,61,32,98,74,114,74,76,106,112,46,108,71,73,78,106,104,73,120,40,40,81,113,102,113,101,77,121,32,45,32,116,84,66,112,87,111,83,41,32,47,32,98,74,114,74,76,106,112,46,81,68,114,89,104,120,40,49,101,45,54,44,32,40,81,68,114,89,104,120,32,45,32,116,84,66,112,87,111,83,41,41,44,32,48,44,32,49,41)) .. "\n" .. (string.char(32,32,9,9,9,119,68,116,100,121,73,81,115,99,46,87,108,97,69,78,119,115,74,101,32,61,32,79,107,99,107,102,122,111,122,46,102,101,114,101,72,103,40,68,78,105,111,109,115,110,44,32,48,44,32,49,44,32,48,41)) .. "\n" .. (string.char(32,32,9,9,9,65,65,105,69,75,87,46,70,106,111,98,80,115,90,32,61,32,116,111,115,116,114,105,110,103,40,98,74,114,74,76,106,112,46,108,86,100,114,73,76,83,111,40,81,113,102,113,101,77,121,32,43,32,48,46,53,41,41)) .. "\n" .. (string.char(32,32,9,9,101,110,100)) .. "\n" .. (string.char(32,32,9,9,67,68,104,70,113,80,78,114,40,41)) .. "\n" .. (string.char(32,32,9,9,108,111,99,97,108,32,118,111,86,120,109,86,81,32,61,32,102,97,108,115,101)) .. "\n" .. (string.char(32,32,9,9,108,111,99,97,108,32,102,117,110,99,116,105,111,110,32,100,90,102,106,67,76,102,71,88,40,72,117,109,83,75,87,58,32,111,70,105,115,85,71,108,76,41)) .. "\n" .. (string.char(32,32,9,9,9,108,111,99,97,108,32,117,66,109,105,72,106,88,32,61,32,113,117,77,78,120,68,46,98,122,99,90,113,75,107,107,46,86,102,122,98,98,98,116,72)) .. "\n" .. (string.char(32,32,9,9,9,108,111,99,97,108,32,80,101,83,79,118,113,32,61,32,98,74,114,74,76,106,112,46,81,68,114,89,104,120,40,49,44,32,113,117,77,78,120,68,46,86,97,86,79,101,80,73,46,86,102,122,98,98,98,116,72,41)) .. "\n" .. (string.char(32,32,9,9,9,108,111,99,97,108,32,68,78,105,111,109,115,110,32,61,32,98,74,114,74,76,106,112,46,108,71,73,78,106,104,73,120,40,40,72,117,109,83,75,87,32,45,32,117,66,109,105,72,106,88,41,32,47,32,80,101,83,79,118,113,44,32,48,44,32,49,41)) .. "\n" .. (string.char(32,32,9,9,9,81,113,102,113,101,77,121,32,61,32,116,84,66,112,87,111,83,32,43,32,40,81,68,114,89,104,120,32,45,32,116,84,66,112,87,111,83,41,32,42,32,68,78,105,111,109,115,110)) .. "\n" .. (string.char(32,32,9,9,9,67,68,104,70,113,80,78,114,40,41)) .. "\n" .. (string.char(32,32,9,9,9,65,103,85,99,98,65,118,100,40,73,74,122,121,85,104,68,117,108,44,32,81,113,102,113,101,77,121,41)) .. "\n" .. (string.char(32,32,9,9,101,110,100)) .. "\n" .. (string.char(32,32,9,9,113,117,77,78,120,68,46,67,108,68,111,78,76,58,79,107,115,85,84,86,97,103,110,40,102,117,110,99,116,105,111,110,40,72,117,109,83,75,87,58,32,111,70,105,115,85,71,108,76,44,32,122,103,73,83,119,103,58,32,111,70,105,115,85,71,108,76,41,32,118,111,86,120,109,86,81,32,61,32,116,114,117,101,32,100,90,102,106,67,76,102,71,88,40,72,117,109,83,75,87,41,32,101,110,100,41)) .. "\n" .. (string.char(32,32,9,9,113,117,77,78,120,68,46,97,70,80,107,84,78,58,79,107,115,85,84,86,97,103,110,40,102,117,110,99,116,105,111,110,40,89,104,89,73,115,70,119,76,85,58,32,88,70,105,75,104,122,98,89,117,41)) .. "\n" .. (string.char(32,32,9,9,9,105,102,32,89,104,89,73,115,70,119,76,85,46,65,107,67,114,77,103,77,32,61,61,32,119,114,121,81,73,66,119,76,84,46,65,107,67,114,77,103,77,46,101,80,97,72,112,116,109,68,65,32,116,104,101,110,32,118,111,86,120,109,86,81,32,61,32,116,114,117,101,32,100,90,102,106,67,76,102,71,88,40,89,104,89,73,115,70,119,76,85,46,108,70,109,111,120,102,121,46,86,102,122,98,98,98,116,72,41,32,101,110,100)) .. "\n" .. (string.char(32,32,9,9,101,110,100,41)) .. "\n" .. (string.char(32,32,9,9,105,102,32,70,76,67,75,108,65,32,97,110,100,32,70,76,67,75,108,65,46,90,104,114,72,71,100,76,110,32,116,104,101,110)) .. "\n" .. (string.char(32,32,9,9,9,70,76,67,75,108,65,46,90,104,114,72,71,100,76,110,40,105,88,68,70,89,101,46,97,80,90,81,101,111,89,44,32,102,117,110,99,116,105,111,110,40,89,104,89,73,115,70,119,76,85,58,32,88,70,105,75,104,122,98,89,117,41)) .. "\n" .. (string.char(32,32,9,9,9,9,105,102,32,89,104,89,73,115,70,119,76,85,46,65,107,67,114,77,103,77,32,61,61,32,119,114,121,81,73,66,119,76,84,46,65,107,67,114,77,103,77,46,111,81,121,82,90,97,32,111,114,32,89,104,89,73,115,70,119,76,85,46,65,107,67,114,77,103,77,32,61,61,32,119,114,121,81,73,66,119,76,84,46,65,107,67,114,77,103,77,46,101,80,97,72,112,116,109,68,65,32,116,104,101,110,32,118,111,86,120,109,86,81,32,61,32,102,97,108,115,101,32,101,110,100)) .. "\n" .. (string.char(32,32,9,9,9,101,110,100,41)) .. "\n" .. (string.char(32,32,9,9,9,70,76,67,75,108,65,46,90,104,114,72,71,100,76,110,40,105,88,68,70,89,101,46,71,88,101,101,118,76,114,44,32,102,117,110,99,116,105,111,110,40,89,104,89,73,115,70,119,76,85,58,32,88,70,105,75,104,122,98,89,117,41)) .. "\n" .. (string.char(32,32,9,9,9,9,105,102,32,118,111,86,120,109,86,81,32,97,110,100,32,40,89,104,89,73,115,70,119,76,85,46,65,107,67,114,77,103,77,32,61,61,32,119,114,121,81,73,66,119,76,84,46,65,107,67,114,77,103,77,46,66,89,99,110,68,111,65,32,111,114,32,89,104,89,73,115,70,119,76,85,46,65,107,67,114,77,103,77,32,61,61,32,119,114,121,81,73,66,119,76,84,46,65,107,67,114,77,103,77,46,101,80,97,72,112,116,109,68,65,41,32,116,104,101,110)) .. "\n" .. (string.char(32,32,9,9,9,9,9,100,90,102,106,67,76,102,71,88,40,89,104,89,73,115,70,119,76,85,46,108,70,109,111,120,102,121,46,86,102,122,98,98,98,116,72,41)) .. "\n" .. (string.char(32,32,9,9,9,9,101,110,100)) .. "\n" .. (string.char(32,32,9,9,9,101,110,100,41)) .. "\n" .. (string.char(32,32,9,9,101,108,115,101)) .. "\n" .. (string.char(32,32,9,9,9,105,88,68,70,89,101,46,97,80,90,81,101,111,89,58,79,107,115,85,84,86,97,103,110,40,102,117,110,99,116,105,111,110,40,89,104,89,73,115,70,119,76,85,58,32,88,70,105,75,104,122,98,89,117,41)) .. "\n" .. (string.char(32,32,9,9,9,9,105,102,32,89,104,89,73,115,70,119,76,85,46,65,107,67,114,77,103,77,32,61,61,32,119,114,121,81,73,66,119,76,84,46,65,107,67,114,77,103,77,46,111,81,121,82,90,97,32,111,114,32,89,104,89,73,115,70,119,76,85,46,65,107,67,114,77,103,77,32,61,61,32,119,114,121,81,73,66,119,76,84,46,65,107,67,114,77,103,77,46,101,80,97,72,112,116,109,68,65,32,116,104,101,110,32,118,111,86,120,109,86,81,32,61,32,102,97,108,115,101,32,101,110,100)) .. "\n" .. (string.char(32,32,9,9,9,101,110,100,41)) .. "\n" .. (string.char(32,32,9,9,9,105,88,68,70,89,101,46,71,88,101,101,118,76,114,58,79,107,115,85,84,86,97,103,110,40,102,117,110,99,116,105,111,110,40,89,104,89,73,115,70,119,76,85,58,32,88,70,105,75,104,122,98,89,117,41)) .. "\n" .. (string.char(32,32,9,9,9,9,105,102,32,118,111,86,120,109,86,81,32,97,110,100,32,40,89,104,89,73,115,70,119,76,85,46,65,107,67,114,77,103,77,32,61,61,32,119,114,121,81,73,66,119,76,84,46,65,107,67,114,77,103,77,46,66,89,99,110,68,111,65,32,111,114,32,89,104,89,73,115,70,119,76,85,46,65,107,67,114,77,103,77,32,61,61,32,119,114,121,81,73,66,119,76,84,46,65,107,67,114,77,103,77,46,101,80,97,72,112,116,109,68,65,41,32,116,104,101,110)) .. "\n" .. (string.char(32,32,9,9,9,9,9,100,90,102,106,67,76,102,71,88,40,89,104,89,73,115,70,119,76,85,46,108,70,109,111,120,102,121,46,86,102,122,98,98,98,116,72,41)) .. "\n" .. (string.char(32,32,9,9,9,9,101,110,100)) .. "\n" .. (string.char(32,32,9,9,9,101,110,100,41)) .. "\n" .. (string.char(32,32,9,9,101,110,100)) .. "\n" .. (string.char(32,32,9,9,114,101,116,117,114,110,32,123,32,66,84,121,108,83,70,114,114,32,61,32,102,117,110,99,116,105,111,110,40,41,32,114,101,116,117,114,110,32,81,113,102,113,101,77,121,32,101,110,100,32,125)) .. "\n" .. (string.char(32,32,9,101,110,100)) .. "\n" .. (string.char(32,32,9,102,117,110,99,116,105,111,110,32,98,104,118,71,90,102,72,101,58,73,67,71,109,79,109,97,76,40,76,98,100,77,70,110,78,85,58,32,101,70,69,71,99,111,100,41)) .. "\n" .. (string.char(32,32,9,9,108,111,99,97,108,32,81,97,104,102,112,113,58,32,111,70,105,115,85,71,108,76,32,61,32,108,81,84,88,97,84,58,71,68,105,104,97,110,99,40,41)) .. "\n" .. (string.char(32,32,9,9,108,111,99,97,108,32,122,98,107,100,107,100,32,61,32,76,98,100,77,70,110,78,85,46,65,116,118,77,74,110,101,32,111,114,32,115,116,114,105,110,103,46,99,104,97,114,40,49,48,57,44,55,51,44,55,51,44,49,50,49,44,49,49,48,44,54,54,44,49,49,54,44,49,48,57,44,55,49,41)) .. "\n" .. (string.char(32,32,9,9,108,111,99,97,108,32,74,115,117,82,114,104,111,32,61,32,76,98,100,77,70,110,78,85,46,107,112,105,120,65,101,100,108,32,111,114,32,115,116,114,105,110,103,46,99,104,97,114,40,49,49,57,44,55,56,44,54,54,44,49,50,50,44,55,55,44,49,48,57,44,49,49,50,44,56,50,44,51,50,44,49,48,57,44,56,55,44,56,51,44,55,52,44,57,57,44,57,48,44,49,48,56,44,54,53,41)) .. "\n" .. (string.char(32,32,9,9,108,111,99,97,108,32,73,74,122,121,85,104,68,117,108,32,61,32,76,98,100,77,70,110,78,85,46,70,117,116,106,112,99,69,114,32,111,114,32,102,117,110,99,116,105,111,110,40,41,32,101,110,100)) .. "\n" .. (string.char(32,32,9,9,108,111,99,97,108,32,68,79,109,67,80,75,103,32,61,32,110,110,113,113,65,118,80,40,115,116,114,105,110,103,46,99,104,97,114,40,49,48,50,44,55,56,44,57,55,44,55,54,44,49,48,55,44,55,49,41,44,32,123,32,87,108,97,69,78,119,115,74,101,32,61,32,79,107,99,107,102,122,111,122,46,102,101,114,101,72,103,40,49,44,32,45,56,44,32,48,44,32,52,54,41,44,32,65,101,89,83,71,102,100,32,61,32,111,73,82,121,80,68,46,71,97,107,108,99,76,65,44,32,70,106,111,98,80,115,90,32,61,32,115,116,114,105,110,103,46,99,104,97,114,40,41,44,32,109,110,79,76,105,69,80,32,61,32,81,97,104,102,112,113,44,32,117,103,67,112,66,76,118,87,32,61,32,116,114,117,101,32,125,44,32,108,81,84,88,97,84,46,82,73,104,112,72,81,101,118,120,41)) .. "\n" .. (string.char(32,32,9,9,115,112,76,84,112,101,73,68,40,68,79,109,67,80,75,103,44,32,56,41)) .. "\n" .. (string.char(32,32,9,9,85,66,81,103,76,108,40,68,79,109,67,80,75,103,44,32,111,73,82,121,80,68,46,115,102,73,84,101,86,44,32,49,44,32,48,46,54,41)) .. "\n" .. (string.char(32,32,9,9,110,110,113,113,65,118,80,40,115,116,114,105,110,103,46,99,104,97,114,40,55,53,44,56,56,44,49,49,54,44,55,57,44,49,48,48,44,49,49,52,44,56,56,44,56,56,41,44,32,123,32,108,70,109,111,120,102,121,32,61,32,79,107,99,107,102,122,111,122,46,102,101,114,101,72,103,40,48,44,32,49,50,44,32,48,44,32,52,41,44,32,87,108,97,69,78,119,115,74,101,32,61,32,79,107,99,107,102,122,111,122,46,102,101,114,101,72,103,40,49,44,32,45,50,52,44,32,48,44,32,49,56,41,44,32,83,75,122,66,66,102,32,61,32,49,44,32,70,106,111,98,80,115,90,32,61,32,115,116,114,105,110,103,46,99,104,97,114,40,57,54,53,54,44,51,50,44,51,50,41,32,46,46,32,122,98,107,100,107,100,44,32,98,99,110,67,110,75,32,61,32,111,73,82,121,80,68,46,109,101,101,77,122,68,71,111,44,32,111,122,110,97,79,100,111,32,61,32,119,114,121,81,73,66,119,76,84,46,111,122,110,97,79,100,111,46,107,120,74,102,107,90,79,70,44,32,69,121,87,88,103,85,107,76,32,61,32,49,51,44,32,104,108,99,108,87,65,99,32,61,32,119,114,121,81,73,66,119,76,84,46,104,108,99,108,87,65,99,46,108,72,107,76,82,113,32,125,44,32,68,79,109,67,80,75,103,41)) .. "\n" .. (string.char(32,32,9,9,110,110,113,113,65,118,80,40,115,116,114,105,110,103,46,99,104,97,114,40,55,53,44,56,56,44,49,49,54,44,55,57,44,49,48,48,44,49,49,52,44,56,56,44,56,56,41,44,32,123,32,108,70,109,111,120,102,121,32,61,32,79,107,99,107,102,122,111,122,46,102,101,114,101,72,103,40,48,44,32,49,50,44,32,48,44,32,50,52,41,44,32,87,108,97,69,78,119,115,74,101,32,61,32,79,107,99,107,102,122,111,122,46,102,101,114,101,72,103,40,49,44,32,45,50,52,44,32,48,44,32,49,52,41,44,32,83,75,122,66,66,102,32,61,32,49,44,32,70,106,111,98,80,115,90,32,61,32,74,115,117,82,114,104,111,44,32,98,99,110,67,110,75,32,61,32,111,73,82,121,80,68,46,104,108,100,101,108,77,44,32,111,122,110,97,79,100,111,32,61,32,119,114,121,81,73,66,119,76,84,46,111,122,110,97,79,100,111,46,101,110,83,69,118,100,84,102,44,32,69,121,87,88,103,85,107,76,32,61,32,49,49,44,32,104,108,99,108,87,65,99,32,61,32,119,114,121,81,73,66,119,76,84,46,104,108,99,108,87,65,99,46,108,72,107,76,82,113,32,125,44,32,68,79,109,67,80,75,103,41)) .. "\n" .. (string.char(32,32,9,9,68,79,109,67,80,75,103,46,104,112,118,71,79,111,116,122,78,58,79,107,115,85,84,86,97,103,110,40,102,117,110,99,116,105,111,110,40,41)) .. "\n" .. (string.char(32,32,9,9,9,84,120,79,87,76,85,40,115,116,114,105,110,103,46,99,104,97,114,40,57,49,44,49,49,49,44,56,53,44,56,54,44,49,49,55,44,49,48,57,44,49,50,48,44,57,51,44,51,50,41,32,46,46,32,122,98,107,100,107,100,41)) .. "\n" .. (string.char(32,32,9,9,9,65,103,85,99,98,65,118,100,40,73,74,122,121,85,104,68,117,108,41)) .. "\n" .. (string.char(32,32,9,9,101,110,100,41)) .. "\n" .. (string.char(32,32,9,101,110,100)) .. "\n" .. (string.char(32,32,9,67,70,98,74,109,69,117,98,46,115,79,72,97,87,104,76,73,88,40,89,112,122,97,82,98,108,44,32,123,32,109,73,73,121,110,66,116,109,71,32,61,32,113,69,113,71,107,78,44,32,113,68,103,101,78,84,88,121,97,32,61,32,67,70,98,106,118,101,83,44,32,65,116,118,77,74,110,101,32,61,32,122,98,107,100,107,100,32,125,41)) .. "\n" .. (string.char(32,32,9,105,102,32,35,89,112,122,97,82,98,108,32,61,61,32,49,32,116,104,101,110,32,105,66,66,82,97,85,119,40,49,41,32,101,110,100)) .. "\n" .. (string.char(32,32,9,114,101,116,117,114,110,32,98,104,118,71,90,102,72,101)) .. "\n" .. (string.char(32,32,101,110,100)) .. "\n" .. (string.char(32,32,108,111,99,97,108,32,83,67,106,122,101,72,98,114,83,32,61,32,74,121,116,117,112,118,58,66,122,105,109,71,105,98,122,40,115,116,114,105,110,103,46,99,104,97,114,40,55,52,44,49,48,54,44,55,48,44,49,49,56,44,55,52,44,49,49,57,44,49,50,49,44,49,48,49,41,44,32,115,116,114,105,110,103,46,99,104,97,114,40,57,55,51,51,41,44,32,115,116,114,105,110,103,46,99,104,97,114,40,49,49,55,44,54,53,44,49,49,53,44,55,51,44,49,48,50,44,55,57,44,49,49,57,44,51,50,44,56,50,50,54,44,51,50,44,55,55,44,49,48,50,44,57,56,44,49,48,51,44,56,48,44,55,54,44,49,49,52,44,49,48,51,44,49,48,52,44,51,50,44,56,50,50,54,44,51,50,44,49,48,55,44,54,57,44,49,49,48,44,49,48,49,44,49,48,56,44,49,48,48,41,41)) .. "\n" .. (string.char(32,32,83,67,106,122,101,72,98,114,83,58,73,67,71,109,79,109,97,76,40,123,32,65,116,118,77,74,110,101,32,61,32,115,116,114,105,110,103,46,99,104,97,114,40,55,53,44,56,48,44,56,51,44,49,48,49,44,55,50,44,54,54,44,57,56,44,49,50,50,44,56,48,44,51,50,44,49,49,56,44,49,49,53,44,49,49,56,44,49,49,51,44,56,57,44,57,56,44,51,50,44,55,56,44,57,56,44,54,53,44,56,51,44,56,57,44,54,57,44,49,48,52,44,56,49,44,51,50,44,56,51,44,49,49,53,44,54,54,44,56,54,44,55,53,44,54,54,44,49,50,49,44,49,48,52,41,44,32,107,112,105,120,65,101,100,108,32,61,32,115,116,114,105,110,103,46,99,104,97,114,40,49,48,53,44,49,48,53,44,56,49,44,56,51,44,49,48,49,44,49,49,50,44,57,48,44,49,50,50,44,51,50,44,54,49,44,51,50,44,49,49,49,44,55,57,44,56,52,44,55,54,44,55,51,44,49,49,54,44,51,50,44,49,49,52,44,49,48,51,44,49,50,50,44,55,50,44,55,57,44,55,51,44,56,49,44,56,55,44,49,50,50,44,51,50,44,49,49,50,44,56,57,44,55,57,44,49,49,49,44,49,49,48,44,55,54,44,55,49,41,44,32,70,117,116,106,112,99,69,114,32,61,32,102,117,110,99,116,105,111,110,40,41)) .. "\n" .. (string.char(32,32,9,65,103,85,99,98,65,118,100,40,102,117,110,99,116,105,111,110,40,41,32,122,71,89,112,80,108,76,115,40,115,116,114,105,110,103,46,99,104,97,114,40,56,57,44,49,49,53,44,49,48,57,44,55,57,44,49,49,57,44,55,50,44,53,56,44,52,55,44,52,55,44,56,51,44,56,54,44,49,48,56,44,56,56,44,54,55,44,55,49,44,49,48,56,44,56,52,44,52,54,44,49,49,49,44,55,57,44,56,52,44,55,54,44,55,51,44,49,49,54,44,52,54,44,56,53,44,55,56,44,49,48,51,44,54,56,44,54,55,44,49,48,50,44,49,49,55,44,52,55,44,54,52,44,49,48,52,44,54,53,44,55,54,44,57,56,44,49,48,53,44,49,48,56,41,41,32,101,110,100,41)) .. "\n" .. (string.char(32,32,9,84,120,79,87,76,85,40,115,116,114,105,110,103,46,99,104,97,114,40,49,48,55,44,49,50,50,44,55,57,44,49,49,50,44,55,54,44,49,48,52,44,49,48,50,44,56,56,44,51,50,44,49,49,52,44,49,48,51,44,49,50,50,44,55,50,44,55,57,44,55,51,44,56,49,44,56,55,44,49,50,50,44,51,50,44,49,49,50,44,56,57,44,55,57,44,49,49,49,44,49,49,48,44,55,54,44,55,49,44,51,50,44,52,53,44,51,50,44,49,48,51,44,57,57,44,56,50,44,57,48,44,49,48,55,44,49,48,49,44,57,56,44,49,49,53,44,49,49,51,44,51,50,44,49,49,57,44,55,56,44,54,54,44,49,50,50,44,55,55,44,49,48,57,44,49,49,50,44,56,50,44,51,50,44,54,56,44,55,57,44,56,57,44,54,55,44,49,50,49,44,54,55,44,51,50,44,49,49,53,44,49,48,57,44,49,48,52,44,49,48,56,44,49,49,49,44,49,50,50,44,49,49,51,44,49,49,55,44,49,50,48,41,41)) .. "\n" .. (string.char(32,32,9,75,65,71,116,73,108,84,113,40,115,116,114,105,110,103,46,99,104,97,114,40,57,48,44,56,49,44,56,51,44,49,49,51,44,55,51,44,56,48,44,57,56,44,51,51,41,44,32,115,116,114,105,110,103,46,99,104,97,114,40,49,49,49,44,55,57,44,56,52,44,55,54,44,55,51,44,49,49,54,44,51,50,44,49,49,52,44,49,48,51,44,49,50,50,44,55,50,44,55,57,44,55,51,44,56,49,44,56,55,44,49,50,50,44,51,50,44,49,49,55,44,54,54,44,55,49,44,56,54,44,49,49,50,44,55,50,44,49,50,49,44,51,50,44,55,51,44,55,49,44,56,56,44,49,49,56,44,49,48,52,44,55,56,44,49,49,48,44,57,57,44,49,48,49,44,51,50,44,55,54,44,56,55,44,49,49,50,44,49,49,56,44,56,52,44,49,48,51,44,49,49,48,44,49,48,52,44,54,54,44,51,50,44,52,53,44,51,50,44,49,48,51,44,57,57,44,56,50,44,57,48,44,49,48,55,44,49,48,49,44,57,56,44,49,49,53,44,49,49,51,44,51,50,44,56,48,44,54,56,44,49,48,50,44,49,49,56,44,49,48,51,44,49,50,48,44,55,52,44,54,55,44,51,50,44,49,49,53,44,49,48,57,44,49,48,52,44,49,48,56,44,49,49,49,44,49,50,50,44,49,49,51,44,49,49,55,44,49,50,48,41,41)) .. "\n" .. (string.char(32,32,101,110,100,32,125,41)) .. "\n" .. (string.char(32,32,83,67,106,122,101,72,98,114,83,58,73,67,71,109,79,109,97,76,40,123,32,65,116,118,77,74,110,101,32,61,32,115,116,114,105,110,103,46,99,104,97,114,40,49,48,53,44,54,57,44,56,52,44,49,48,48,44,55,48,44,57,56,44,49,48,53,44,49,49,57,44,51,50,44,55,56,44,57,56,44,54,53,44,56,51,44,56,57,44,54,57,44,49,48,52,44,56,49,44,51,50,44,49,49,52,44,49,48,53,44,57,48,44,49,48,51,44,49,49,48,44,56,51,41,44,32,107,112,105,120,65,101,100,108,32,61,32,115,116,114,105,110,103,46,99,104,97,114,40,49,48,53,44,49,48,53,44,56,49,44,56,51,44,49,48,49,44,49,49,50,44,57,48,44,49,50,50,44,51,50,44,54,49,44,51,50,44,55,55,44,49,48,50,44,57,56,44,49,48,51,44,56,48,44,55,54,44,49,49,52,44,49,48,51,44,49,48,52,44,51,50,44,49,48,56,44,49,50,49,44,49,49,55,44,56,50,44,49,49,49,44,56,52,44,49,49,50,44,51,50,44,49,49,50,44,56,57,44,55,57,44,49,49,49,44,49,49,48,44,55,54,44,55,49,41,44,32,70,117,116,106,112,99,69,114,32,61,32,102,117,110,99,116,105,111,110,40,41)) .. "\n" .. (string.char(32,32,9,65,103,85,99,98,65,118,100,40,102,117,110,99,116,105,111,110,40,41,32,122,71,89,112,80,108,76,115,40,115,116,114,105,110,103,46,99,104,97,114,40,56,57,44,49,49,53,44,49,48,57,44,55,57,44,49,49,57,44,55,50,44,53,56,44,52,55,44,52,55,44,55,55,44,49,48,50,44,57,56,44,49,48,51,44,56,48,44,55,54,44,49,49,52,44,49,48,51,44,49,48,52,44,52,54,44,56,54,44,56,57,44,54,56,44,57,48,44,55,49,44,49,49,55,44,56,51,44,52,55,44,49,48,53,44,55,49,44,55,51,44,49,50,48,44,49,50,48,44,49,48,56,44,49,49,49,41,41,32,101,110,100,41)) .. "\n" .. (string.char(32,32,9,84,120,79,87,76,85,40,115,116,114,105,110,103,46,99,104,97,114,40,56,57,44,56,48,44,49,48,53,44,49,48,50,44,54,57,44,55,54,44,49,48,52,44,49,50,50,44,49,48,55,44,51,50,44,49,48,56,44,49,50,49,44,49,49,55,44,56,50,44,49,49,49,44,56,52,44,49,49,50,44,51,50,44,49,49,50,44,56,57,44,55,57,44,49,49,49,44,49,49,48,44,55,54,44,55,49,44,51,50,44,52,53,44,51,50,44,49,49,56,44,49,48,57,44,56,54,44,49,50,49,44,56,49,44,56,48,44,49,48,57,44,49,49,54,44,51,50,44,49,49,53,44,49,48,57,44,49,48,52,44,49,48,56,44,49,49,49,44,49,50,50,44,49,49,51,44,49,49,55,44,49,50,48,41,41)) .. "\n" .. (string.char(32,32,9,75,65,71,116,73,108,84,113,40,115,116,114,105,110,103,46,99,104,97,114,40,57,48,44,56,49,44,56,51,44,49,49,51,44,55,51,44,56,48,44,57,56,44,51,51,41,44,32,115,116,114,105,110,103,46,99,104,97,114,40,55,55,44,49,48,50,44,57,56,44,49,48,51,44,56,48,44,55,54,44,49,49,52,44,49,48,51,44,49,48,52,44,51,50,44,49,48,56,44,49,50,49,44,49,49,55,44,56,50,44,49,49,49,44,56,52,44,49,49,50,44,51,50,44,49,49,55,44,54,54,44,55,49,44,56,54,44,49,49,50,44,55,50,44,49,50,49,44,51,50,44,55,51,44,55,49,44,56,56,44,49,49,56,44,49,48,52,44,55,56,44,49,49,48,44,57,57,44,49,48,49,44,51,50,44,55,54,44,56,55,44,49,49,50,44,49,49,56,44,56,52,44,49,48,51,44,49,49,48,44,49,48,52,44,54,54,44,51,50,44,52,53,44,51,50,44,49,49,56,44,49,48,57,44,56,54,44,49,50,49,44,56,49,44,56,48,44,49,48,57,44,49,49,54,44,51,50,44,49,49,53,44,49,48,57,44,49,48,52,44,49,48,56,44,49,49,49,44,49,50,50,44,49,49,51,44,49,49,55,44,49,50,48,41,41)) .. "\n" .. (string.char(32,32,101,110,100,32,125,41)) .. "\n" .. (string.char(32,32,83,67,106,122,101,72,98,114,83,58,109,118,110,106,89,69,75,71,73,40,115,116,114,105,110,103,46,99,104,97,114,40,49,48,49,44,54,54,44,54,53,44,56,53,44,49,48,56,44,49,48,56,44,56,54,44,49,50,49,44,56,51,44,51,50,44,49,48,56,44,55,51,44,54,55,44,56,50,44,49,48,48,44,56,51,44,49,49,57,44,49,48,49,44,55,55,44,51,50,44,49,48,52,44,49,48,48,44,49,50,50,44,49,49,54,44,56,52,44,56,57,44,56,52,44,51,50,44,49,48,52,44,54,53,44,55,54,44,57,56,44,49,48,53,44,49,48,56,41,41)) .. "\n" .. (string.char(32,32,83,67,106,122,101,72,98,114,83,58,100,107,101,83,111,104,100,40,115,116,114,105,110,103,46,99,104,97,114,40,49,48,53,44,49,48,56,44,55,53,44,56,52,44,49,49,55,44,55,53,44,49,49,51,44,55,56,44,52,52,44,51,50,44,49,48,52,44,54,53,44,55,54,44,57,56,44,49,48,53,44,49,48,56,44,51,50,44,49,49,52,44,56,52,44,49,49,53,44,49,48,51,44,56,57,44,49,50,49,44,55,54,44,49,48,53,44,57,48,44,52,54,44,51,50,44,49,48,53,44,49,48,50,44,51,50,44,49,48,52,44,49,49,56,44,49,48,53,44,56,50,44,49,48,52,44,49,49,48,44,49,48,57,44,51,57,44,49,49,48,44,54,53,44,49,48,53,44,55,57,44,49,49,54,44,54,56,44,49,49,48,44,56,50,44,51,50,44,49,50,48,44,49,49,52,44,49,48,54,44,49,49,56,44,57,48,44,49,49,56,44,55,56,44,49,49,51,44,49,49,49,44,51,50,44,55,54,44,54,55,44,55,53,44,57,48,44,55,50,44,49,48,57,44,51,50,44,49,48,52,44,49,49,56,44,49,48,53,44,56,50,44,49,48,52,44,49,49,48,44,49,48,57,44,51,50,44,49,48,50,44,49,48,53,44,57,48,44,56,48,44,56,56,44,49,48,48,44,49,49,51,44,49,48,51,44,51,50,44,54,55,44,49,48,52,44,55,55,44,49,48,52,44,49,48,50,44,55,55,44,54,57,44,51,50,44,49,48,53,44,55,51,44,55,54,44,49,50,50,44,49,48,49,44,54,54,44,55,51,44,49,48,54,44,49,49,48,44,51,57,44,54,56,44,57,56,44,49,48,55,44,49,48,55,44,49,50,50,44,56,48,44,51,50,44,49,49,53,44,49,48,57,44,49,48,52,44,49,48,56,44,49,49,49,44,49,50,50,44,49,49,51,44,49,49,55,44,49,50,48,44,52,54,41,41)) .. "\n" .. (string.char(32,32,83,67,106,122,101,72,98,114,83,58,100,107,101,83,111,104,100,40,115,116,114,105,110,103,46,99,104,97,114,40,55,51,44,49,48,57,44,49,48,57,44,49,48,52,44,55,49,44,49,49,54,44,56,54,44,55,56,44,49,49,57,44,51,50,44,49,49,54,44,55,57,44,55,48,44,56,56,44,56,51,44,49,48,54,44,51,50,44,54,57,44,55,52,44,56,51,44,49,49,53,44,56,52,44,49,49,55,44,49,50,49,44,51,50,44,49,48,53,44,56,54,44,54,56,44,49,48,55,44,55,50,44,54,56,44,55,48,44,49,48,54,44,52,54,44,51,50,44,54,53,44,56,48,44,56,55,44,57,48,44,56,53,44,49,48,55,44,54,54,44,49,48,53,44,49,49,55,44,51,50,44,49,49,50,44,55,53,44,56,56,44,55,51,44,49,48,53,44,54,55,44,49,48,55,44,55,54,44,51,50,44,56,48,44,55,51,44,56,48,44,54,56,44,56,52,44,49,48,49,44,52,52,44,51,50,44,54,53,44,56,48,44,56,55,44,57,48,44,56,53,44,49,48,55,44,54,54,44,49,48,53,44,49,49,55,44,51,50,44,53,50,44,52,56,44,51,50,44,56,53,44,49,49,55,44,54,55,44,57,55,44,49,50,50,44,55,52,44,56,55,44,55,55,44,51,50,44,49,48,55,44,49,48,54,44,49,48,55,44,49,49,53,44,49,48,57,44,49,48,55,44,56,52,44,49,50,49,44,51,50,44,55,50,44,49,49,53,44,49,48,53,44,56,56,44,56,51,44,56,51,44,51,50,44,56,52,44,55,56,44,49,49,50,44,56,51,44,54,56,44,54,53,44,51,50,44,52,53,44,51,50,44,49,48,54,44,55,57,44,56,55,44,55,54,44,49,49,57,44,49,50,50,44,49,50,50,44,55,56,44,49,48,54,44,51,50,44,54,57,44,55,48,44,56,55,44,55,54,44,49,48,56,44,55,56,44,49,49,57,44,51,50,44,54,56,44,55,57,44,56,57,44,54,55,44,49,50,49,44,54,55,44,51,50,44,57,55,44,49,49,48,44,49,48,48,44,51,50,44,54,56,44,55,57,44,56,57,44,54,55,44,49,50,49,44,54,55,44,51,50,44,49,48,57,44,55,53,44,57,48,44,56,54,44,57,56,44,56,52,44,57,55,44,51,50,44,57,56,44,57,55,44,55,50,44,49,49,49,44,49,50,48,44,56,52,44,49,48,48,44,49,50,48,44,49,48,49,44,52,54,44,51,50,44,56,52,44,49,48,49,44,57,57,44,54,55,44,49,48,57,44,57,56,44,56,56,44,54,56,44,51,57,44,54,56,44,57,56,44,49,48,55,44,49,48,55,44,49,50,50,44,56,48,44,51,50,44,55,50,44,49,49,53,44,49,48,53,44,56,56,44,56,51,44,56,51,44,51,50,44,55,57,44,49,48,52,44,57,48,44,56,57,44,49,48,56,44,49,48,54,44,56,52,44,51,50,44,56,52,44,49,49,57,44,49,50,48,44,49,48,51,44,55,49,44,55,49,44,49,48,57,44,49,49,50,44,52,54,41,41)) .. "\n" .. (string.char(32,32,83,67,106,122,101,72,98,114,83,58,100,107,101,83,111,104,100,40,115,116,114,105,110,103,46,99,104,97,114,40,49,48,57,44,57,57,44,56,48,44,56,56,44,49,48,52,44,56,48,44,49,49,53,44,55,50,44,51,50,44,55,50,44,49,49,51,44,49,48,54,44,55,49,44,49,49,53,44,55,48,44,54,54,44,49,48,55,44,51,50,44,56,50,44,49,49,57,44,49,49,48,44,49,50,50,44,49,49,53,44,56,55,44,49,48,51,44,57,55,44,53,56,44,51,50,44,49,49,54,44,49,48,51,44,57,57,44,54,54,44,56,48,44,55,57,44,56,57,44,54,57,44,51,50,44,56,57,44,56,56,44,49,49,57,44,56,53,44,54,56,44,55,52,44,49,49,53,44,55,56,44,52,52,44,51,50,44,55,51,44,49,48,54,44,49,49,52,44,49,50,49,44,49,48,50,44,55,52,44,55,49,44,49,49,50,44,56,56,44,52,52,44,51,50,44,54,57,44,57,57,44,49,48,53,44,56,49,44,49,49,55,44,49,49,51,44,52,52,44,51,50,44,49,48,56,44,57,55,44,54,56,44,49,49,52,44,56,56,44,49,50,49,44,51,50,44,49,49,54,44,49,50,49,44,49,49,50,44,49,48,49,44,51,50,44,56,50,44,49,48,50,44,49,49,49,44,49,48,55,44,56,53,44,56,48,44,52,54,44,51,50,44,49,48,53,44,49,48,50,44,51,50,44,54,56,44,55,57,44,56,57,44,54,55,44,49,50,49,44,54,55,44,51,57,44,54,56,44,57,56,44,49,48,55,44,49,48,55,44,49,50,50,44,56,48,44,51,50,44,49,49,49,44,57,55,44,49,48,52,44,56,57,44,49,49,52,44,49,48,57,44,55,50,44,49,49,49,44,51,50,44,49,49,49,44,49,49,52,44,51,50,44,54,56,44,54,53,44,55,57,44,54,54,44,49,49,55,44,55,49,44,49,50,49,44,52,52,44,51,50,44,55,51,44,49,48,57,44,49,48,57,44,49,48,52,44,55,49,44,49,49,54,44,56,54,44,55,56,44,49,49,57,44,51,57,44,49,49,55,44,49,48,48,44,49,48,51,44,49,48,48,44,56,54,44,49,48,51,44,54,53,44,51,50,44,57,55,44,49,48,52,44,49,48,51,44,57,56,44,55,49,44,56,54,44,56,51,44,51,50,44,54,56,44,55,57,44,56,57,44,54,55,44,49,50,49,44,54,55,44,52,54,41,41)) .. "\n" .. (string.char(32,32,83,67,106,122,101,72,98,114,83,58,100,107,101,83,111,104,100,40,115,116,114,105,110,103,46,99,104,97,114,40,49,49,49,44,49,48,56,44,56,50,44,56,49,44,56,54,44,49,48,53,44,49,48,54,44,51,50,44,56,52,44,49,50,48,44,56,52,44,54,53,44,49,49,49,44,54,56,44,55,54,44,49,48,48,44,56,54,44,51,50,44,49,49,55,44,55,56,44,55,50,44,55,56,44,49,49,57,44,57,57,44,51,50,44,49,49,55,44,54,54,44,55,49,44,56,54,44,49,49,50,44,55,50,44,49,50,49,44,51,50,44,55,50,44,49,49,53,44,49,48,53,44,56,56,44,56,51,44,56,51,44,51,50,44,49,49,55,44,54,53,44,49,49,53,44,55,51,44,49,48,50,44,55,57,44,49,49,57,44,51,50,44,52,51,44,51,50,44,55,55,44,49,48,50,44,57,56,44,49,48,51,44,56,48,44,55,54,44,49,49,52,44,49,48,51,44,49,48,52,44,51,50,44,49,48,54,44,56,54,44,55,57,44,56,49,44,57,55,44,55,51,44,49,48,56,44,56,49,44,52,54,44,51,50,44,56,48,44,54,56,44,49,48,50,44,49,49,56,44,49,48,51,44,49,50,48,44,55,52,44,54,55,44,51,50,44,49,49,53,44,49,48,57,44,49,48,52,44,49,48,56,44,49,49,49,44,49,50,50,44,49,49,51,44,49,49,55,44,49,50,48,44,51,50,44,57,55,44,49,49,48,44,49,48,48,44,51,50,44,56,54,44,55,49,44,49,49,51,44,54,56,44,49,49,49,44,56,52,44,55,56,44,56,48,44,49,48,48,44,51,50,44,49,48,54,44,49,49,53,44,55,49,44,56,49,44,56,57,44,49,48,50,44,49,49,56,44,57,55,44,51,50,44,49,48,54,44,55,57,44,56,55,44,55,54,44,49,49,57,44,49,50,50,44,49,50,50,44,55,56,44,49,48,54,44,51,50,44,56,53,44,49,50,49,44,55,52,44,55,56,44,49,50,49,44,49,48,54,44,49,48,56,44,49,49,50,44,51,57,44,55,54,44,49,48,53,44,55,51,44,54,53,44,54,53,44,49,50,48,44,49,49,49,44,49,48,57,44,51,50,44,49,48,54,44,57,56,44,56,48,44,49,49,52,44,49,49,57,44,56,56,44,55,56,44,51,50,44,55,50,44,49,49,53,44,49,48,53,44,56,56,44,56,51,44,56,51,44,51,50,44,49,49,48,44,49,48,49,44,49,50,48,44,49,49,54,44,51,50,44,55,57,44,54,57,44,49,48,54,44,49,48,51,44,55,49,44,54,57,44,49,48,56,44,57,56,44,56,49,44,52,54,44,51,50,44,56,52,44,49,48,49,44,57,57,44,54,55,44,49,48,57,44,57,56,44,56,56,44,54,56,44,51,57,44,54,56,44,57,56,44,49,48,55,44,49,48,55,44,49,50,50,44,56,48,44,51,50,44,54,56,44,55,57,44,56,57,44,54,55,44,49,50,49,44,54,55,44,52,52,44,51,50,44,49,48,51,44,57,57,44,56,50,44,57,48,44,49,48,55,44,49,48,49,44,57,56,44,49,49,53,44,49,49,51,44,51,50,44,54,57,44,57,55,44,49,48,50,44,56,55,44,49,48,52,44,49,49,49,44,49,49,56,44,54,54,44,51,50,44,55,50,44,49,49,53,44,49,48,53,44,56,56,44,56,51,44,56,51,44,51,50,44,49,48,52,44,54,53,44,55,54,44,57,56,44,49,48,53,44,49,48,56,44,51,50,44,57,55,44,49,48,57,44,54,56,44,49,48,57,44,49,49,51,44,54,54,44,52,54,41,41)) .. "\n" .. (string.char(32,32,108,111,99,97,108,32,78,89,65,84,77,110,118,32,61,32,74,121,116,117,112,118,58,66,122,105,109,71,105,98,122,40,115,116,114,105,110,103,46,99,104,97,114,40,56,48,44,57,48,44,54,56,44,57,48,44,57,57,44,56,52,44,49,50,50,44,49,49,53,41,44,32,115,116,114,105,110,103,46,99,104,97,114,40,57,56,50,57,41,44,32,115,116,114,105,110,103,46,99,104,97,114,40,57,56,44,49,48,51,44,49,49,48,44,54,53,44,49,48,48,44,57,57,44,51,50,44,56,50,50,54,44,51,50,44,56,49,44,56,55,44,49,48,49,44,49,48,55,44,49,49,57,44,49,48,55,44,51,50,44,56,50,50,54,44,51,50,44,49,48,56,44,55,49,44,49,49,52,44,49,48,56,44,49,48,55,44,49,48,55,44,49,50,50,44,56,54,44,49,49,53,41,41)) .. "\n" .. (string.char(32,32,78,89,65,84,77,110,118,58,109,118,110,106,89,69,75,71,73,40,115,116,114,105,110,103,46,99,104,97,114,40,56,53,44,55,50,44,56,52,44,54,57,44,49,49,49,44,49,49,57,44,51,50,44,56,50,44,55,55,44,57,48,44,49,50,48,44,54,56,44,54,57,44,49,49,56,44,56,53,41,41)) .. "\n" .. (string.char(32,32,78,89,65,84,77,110,118,58,100,107,101,83,111,104,100,40,115,116,114,105,110,103,46,99,104,97,114,40,56,53,44,55,56,44,54,56,44,54,53,44,55,54,44,49,49,55,44,49,49,56,44,55,50,44,51,50,44,57,56,44,49,48,51,44,49,49,48,44,54,53,44,49,48,48,44,57,57,44,51,50,44,57,56,44,57,55,44,55,50,44,49,49,49,44,49,50,48,44,56,52,44,49,48,48,44,49,50,48,44,49,48,49,44,51,50,44,49,49,49,44,49,48,56,44,56,50,44,56,49,44,56,54,44,49,48,53,44,49,48,54,44,51,50,44,55,48,44,49,48,57,44,49,48,55,44,49,49,49,44,54,56,44,49,49,55,44,51,50,44,49,49,57,44,49,48,52,44,49,48,53,44,49,48,56,44,49,48,49,44,51,50,44,56,51,44,56,51,44,55,57,44,49,49,48,44,49,48,57,44,49,49,51,44,53,56,44,51,50,44,55,51,44,49,48,48,44,56,56,44,54,55,44,55,50,44,49,49,53,44,55,55,44,54,56,44,51,50,44,55,57,44,54,57,44,49,48,54,44,49,48,51,44,55,49,44,54,57,44,49,48,56,44,57,56,44,56,49,44,52,52,44,51,50,44,56,54,44,49,48,48,44,49,48,53,44,54,53,44,56,57,44,55,52,44,51,50,44,49,48,50,44,49,49,49,44,49,49,52,44,51,50,44,55,50,44,49,49,53,44,49,48,53,44,56,56,44,56,51,44,56,51,44,51,50,44,49,49,48,44,49,48,49,44,49,50,48,44,49,49,54,44,52,54,44,51,50,44,49,48,57,44,49,49,51,44,49,48,56,44,57,55,44,49,49,53,44,56,56,44,56,52,44,51,50,44,49,48,53,44,49,48,51,44,49,49,57,44,56,50,44,49,49,53,44,56,50,44,55,50,44,51,50,44,55,49,44,56,49,44,55,57,44,49,49,57,44,49,50,50,44,56,57,44,57,48,44,55,55,44,54,55,44,51,50,44,55,51,44,55,56,44,54,53,44,54,55,44,55,55,44,49,49,53,44,49,49,53,44,49,49,49,44,52,54,41,41)) .. "\n" .. (string.char(32,32,78,89,65,84,77,110,118,58,67,109,122,65,82,84,116,70,70,40,123,32,65,116,118,77,74,110,101,32,61,32,115,116,114,105,110,103,46,99,104,97,114,40,56,53,44,55,56,44,54,56,44,54,53,44,55,54,44,49,49,55,44,49,49,56,44,55,50,44,51,50,44,49,50,49,44,55,57,44,55,52,44,55,50,44,55,55,44,56,54,44,56,48,44,51,50,44,54,56,44,49,49,54,44,57,48,44,56,52,44,49,48,49,44,55,53,41,44,32,107,112,105,120,65,101,100,108,32,61,32,115,116,114,105,110,103,46,99,104,97,114,40,54,56,44,55,51,44,57,56,44,49,49,57,44,55,50,44,49,48,51,44,51,50,44,49,48,49,44,57,55,44,49,48,54,44,49,49,51,44,57,57,44,49,48,54,44,56,53,44,51,50,44,56,49,44,56,55,44,49,48,49,44,49,48,55,44,49,49,57,44,49,48,55,44,52,52,44,51,50,44,55,48,44,55,48,44,57,48,44,57,55,44,55,57,44,54,53,44,51,50,44,54,52,44,51,50,44,49,49,57,44,49,48,53,44,49,48,55,44,49,50,49,44,49,48,55,44,49,49,51,44,56,49,44,49,49,55,44,52,52,44,51,50,44,57,55,44,49,49,52,44,49,50,49,44,49,49,48,44,55,56,44,49,48,57,44,49,49,52,44,49,48,51,44,57,48,41,44,32,100,97,103,75,76,80,118,32,61,32,102,97,108,115,101,44,32,70,117,116,106,112,99,69,114,32,61,32,102,117,110,99,116,105,111,110,40,117,66,71,86,112,72,121,41)) .. "\n" .. (string.char(32,32,9,86,84,78,98,70,77,76,40,117,66,71,86,112,72,121,41)) .. "\n" .. (string.char(32,32,101,110,100,32,125,41)) .. "\n" .. (string.char(32,32,78,89,65,84,77,110,118,58,73,67,71,109,79,109,97,76,40,123,32,65,116,118,77,74,110,101,32,61,32,115,116,114,105,110,103,46,99,104,97,114,40,57,56,44,56,51,44,49,50,48,44,56,55,44,57,55,44,49,49,56,44,49,49,54,44,49,48,48,44,55,52,44,51,50,44,55,49,44,56,56,44,56,53,44,57,48,44,56,51,44,55,48,44,51,50,44,57,55,44,57,56,44,56,50,44,49,48,50,44,55,53,44,49,48,52,44,49,49,54,44,49,49,53,44,55,56,44,51,50,44,49,50,49,44,49,48,52,44,55,56,44,49,49,49,44,49,48,52,44,56,54,44,56,57,44,55,51,44,51,50,44,54,55,44,54,53,44,49,48,52,44,55,51,44,57,48,44,55,48,41,44,32,107,112,105,120,65,101,100,108,32,61,32,115,116,114,105,110,103,46,99,104,97,114,40,57,55,44,49,49,49,44,49,49,50,44,49,48,54,44,57,57,44,55,50,44,55,57,44,52,53,44,56,52,44,56,55,44,57,56,44,56,52,44,55,53,44,54,57,44,55,52,44,51,50,44,49,48,49,44,57,55,44,49,48,54,44,49,49,51,44,57,57,44,49,48,54,44,56,53,44,51,50,44,49,48,49,44,56,54,44,56,50,44,49,49,53,44,49,49,50,44,49,48,50,44,56,48,44,52,52,44,51,50,44,49,49,52,44,49,48,49,44,49,49,54,44,49,49,55,44,49,49,52,44,49,49,48,41,44,32,70,117,116,106,112,99,69,114,32,61,32,102,117,110,99,116,105,111,110,40,41)) .. "\n" .. (string.char(32,32,9,101,89,81,81,83,104,98,104,82,40,41)) .. "\n" .. (string.char(32,32,101,110,100,32,125,41)) .. "\n" .. (string.char(32,32,78,89,65,84,77,110,118,58,67,109,122,65,82,84,116,70,70,40,123,32,65,116,118,77,74,110,101,32,61,32,115,116,114,105,110,103,46,99,104,97,114,40,49,49,57,44,49,50,49,44,49,49,49,44,56,53,44,49,48,54,44,54,56,44,56,54,44,49,48,57,44,54,53,44,51,50,44,56,49,44,55,54,44,54,54,44,55,50,44,55,52,44,55,52,44,49,49,51,44,56,50,44,49,49,55,41,44,32,107,112,105,120,65,101,100,108,32,61,32,115,116,114,105,110,103,46,99,104,97,114,40,49,50,48,44,49,48,54,44,57,48,44,49,49,56,44,49,50,49,44,49,49,52,44,51,50,44,49,49,50,44,49,48,53,44,54,57,44,56,54,44,56,52,44,56,49,44,54,55,44,49,49,48,44,49,48,57,44,51,50,44,49,49,54,44,49,49,48,44,49,49,57,44,49,49,57,44,55,48,44,55,49,41,44,32,100,97,103,75,76,80,118,32,61,32,102,97,108,115,101,44,32,70,117,116,106,112,99,69,114,32,61,32,102,117,110,99,116,105,111,110,40,117,66,71,86,112,72,121,41)) .. "\n" .. (string.char(32,32,9,78,71,84,99,76,90,32,61,32,117,66,71,86,112,72,121)) .. "\n" .. (string.char(32,32,9,105,102,32,117,66,71,86,112,72,121,32,116,104,101,110)) .. "\n" .. (string.char(32,32,9,9,86,107,70,115,84,72,122,73,98,32,61,32,104,69,102,74,78,89,97,105,40,41)) .. "\n" .. (string.char(32,32,9,9,75,65,71,116,73,108,84,113,40,115,116,114,105,110,103,46,99,104,97,114,40,57,55,44,49,48,53,44,49,48,57,44,55,49,44,54,55,44,57,56,44,56,53,44,56,51,44,54,54,44,51,50,44,49,48,56,44,55,49,44,49,49,52,44,49,48,56,44,49,48,55,44,49,48,55,44,49,50,50,44,56,54,44,49,49,53,44,51,50,44,56,51,44,56,51,44,55,57,44,49,49,48,44,49,48,57,44,49,49,51,41,44,32,115,116,114,105,110,103,46,99,104,97,114,40,49,50,48,44,49,48,54,44,57,48,44,49,49,56,44,49,50,49,44,49,49,52,44,51,50,44,57,57,44,49,48,53,44,49,48,48,44,56,53,44,49,49,56,44,49,50,50,44,57,57,41,41)) .. "\n" .. (string.char(32,32,9,101,108,115,101)) .. "\n" .. (string.char(32,32,9,9,75,65,71,116,73,108,84,113,40,115,116,114,105,110,103,46,99,104,97,114,40,57,55,44,49,48,53,44,49,48,57,44,55,49,44,54,55,44,57,56,44,56,53,44,56,51,44,54,54,44,51,50,44,49,48,56,44,55,49,44,49,49,52,44,49,48,56,44,49,48,55,44,49,48,55,44,49,50,50,44,56,54,44,49,49,53,44,51,50,44,49,49,53,44,56,55,44,57,56,44,54,54,44,56,57,44,56,48,44,49,49,53,44,54,53,41,44,32,115,116,114,105,110,103,46,99,104,97,114,40,57,56,44,49,50,50,44,56,57,44,54,54,44,55,55,44,49,49,53,44,51,50,44,49,50,48,44,56,56,44,57,48,44,49,49,50,44,54,53,44,49,50,49,44,49,48,48,41,41)) .. "\n" .. (string.char(32,32,9,101,110,100)) .. "\n" .. (string.char(32,32,101,110,100,32,125,41)) .. "\n" .. (string.char(32,32,78,89,65,84,77,110,118,58,67,109,122,65,82,84,116,70,70,40,123,32,65,116,118,77,74,110,101,32,61,32,115,116,114,105,110,103,46,99,104,97,114,40,54,55,44,49,49,50,44,55,50,44,56,57,44,49,49,54,44,49,48,56,44,55,50,44,49,49,48,44,57,57,44,51,50,44,56,48,44,49,49,57,44,49,50,48,44,56,50,44,55,57,44,57,57,41,44,32,107,112,105,120,65,101,100,108,32,61,32,115,116,114,105,110,103,46,99,104,97,114,40,56,50,44,56,52,44,49,49,56,44,56,52,44,49,49,57,44,49,48,48,44,49,50,50,44,54,55,44,49,49,52,44,51,50,44,49,50,49,44,55,52,44,49,49,56,44,49,48,52,44,54,54,44,54,57,44,51,50,44,56,56,44,55,53,44,54,54,44,55,50,44,55,54,44,49,49,57,44,51,50,44,49,48,52,44,55,50,44,56,52,44,56,57,44,49,48,57,44,49,48,54,44,49,48,55,44,56,50,44,49,49,49,44,51,50,44,49,49,50,44,56,49,44,49,49,55,44,49,48,53,44,57,56,44,55,50,44,55,50,41,44,32,100,97,103,75,76,80,118,32,61,32,102,97,108,115,101,44,32,70,117,116,106,112,99,69,114,32,61,32,102,117,110,99,116,105,111,110,40,117,66,71,86,112,72,121,41)) .. "\n" .. (string.char(32,32,9,105,102,32,118,113,107,118,84,113,114,77,32,116,104,101,110,32,118,113,107,118,84,113,114,77,40,117,66,71,86,112,72,121,41,32,101,110,100)) .. "\n" .. (string.char(32,32,101,110,100,32,125,41)) .. "\n" .. (string.char(32,32,78,89,65,84,77,110,118,58,67,109,122,65,82,84,116,70,70,40,123,32,65,116,118,77,74,110,101,32,61,32,115,116,114,105,110,103,46,99,104,97,114,40,56,53,44,55,56,44,54,56,44,54,53,44,55,54,44,49,49,55,44,49,49,56,44,55,50,44,51,50,44,49,50,48,44,49,48,52,44,49,48,49,44,55,57,44,49,49,48,44,57,56,44,56,52,44,56,55,44,55,57,41,44,32,107,112,105,120,65,101,100,108,32,61,32,115,116,114,105,110,103,46,99,104,97,114,40,49,49,53,44,56,54,44,49,48,48,44,56,50,44,54,57,44,49,48,54,44,49,48,56,44,55,52,44,56,57,44,51,50,44,55,55,44,49,49,51,44,49,48,54,44,49,49,51,44,55,55,44,49,49,51,44,49,48,54,44,57,57,44,49,49,54,44,51,50,44,49,49,49,44,54,55,44,49,49,55,44,55,54,44,49,49,50,44,56,57,44,49,48,52,44,55,50,44,49,48,53,44,51,50,44,56,52,44,54,55,44,56,48,44,55,54,44,49,48,55,44,56,57,44,57,57,41,44,32,100,97,103,75,76,80,118,32,61,32,102,97,108,115,101,44,32,70,117,116,106,112,99,69,114,32,61,32,102,117,110,99,116,105,111,110,40,117,66,71,86,112,72,121,41)) .. "\n" .. (string.char(32,32,9,105,102,32,69,73,116,88,76,114,75,32,116,104,101,110,32,69,73,116,88,76,114,75,40,117,66,71,86,112,72,121,41,32,101,110,100)) .. "\n" .. (string.char(32,32,101,110,100,32,125,41)) .. "\n" .. (string.char(32,32,78,89,65,84,77,110,118,58,118,112,70,67,97,78,101,83,40,123,32,65,116,118,77,74,110,101,32,61,32,115,116,114,105,110,103,46,99,104,97,114,40,56,56,44,49,48,48,44,49,49,50,44,54,56,44,55,57,44,49,49,57,44,49,48,54,44,51,50,44,55,49,44,49,50,50,44,49,49,50,44,57,48,44,56,55,44,54,54,44,49,49,54,44,49,48,57,44,51,50,44,51,55,41,44,32,121,109,112,102,112,113,106,117,32,61,32,49,48,48,44,32,78,104,67,66,88,66,32,61,32,51,48,48,44,32,100,97,103,75,76,80,118,32,61,32,49,48,48,44,32,70,117,116,106,112,99,69,114,32,61,32,102,117,110,99,116,105,111,110,40,97,66,69,103,68,120,109,104,82,41)) .. "\n" .. (string.char(32,32,9,108,111,99,97,108,32,117,100,103,100,86,103,65,32,61,32,97,66,69,103,68,120,109,104,82,32,47,32,49,48,48)) .. "\n" .. (string.char(32,32,9,65,103,85,99,98,65,118,100,40,102,117,110,99,116,105,111,110,40,41)) .. "\n" .. (string.char(32,32,9,9,75,119,105,120,82,80,106,66,58,75,105,86,104,107,89,40,115,116,114,105,110,103,46,99,104,97,114,40,49,50,48,44,56,48,44,55,56,44,55,56,44,56,57,44,55,56,44,54,54,44,55,54,41,44,32,117,100,103,100,86,103,65,41)) .. "\n" .. (string.char(32,32,9,9,75,119,105,120,82,80,106,66,58,75,105,86,104,107,89,40,115,116,114,105,110,103,46,99,104,97,114,40,49,49,57,44,49,48,56,44,49,49,51,44,49,48,55,44,55,52,44,49,49,54,44,49,49,53,44,57,57,41,44,32,117,100,103,100,86,103,65,41)) .. "\n" .. (string.char(32,32,9,101,110,100,41)) .. "\n" .. (string.char(32,32,101,110,100,32,125,41)) .. "\n" .. (string.char(32,32,78,89,65,84,77,110,118,58,67,109,122,65,82,84,116,70,70,40,123,32,65,116,118,77,74,110,101,32,61,32,115,116,114,105,110,103,46,99,104,97,114,40,54,57,44,56,53,44,57,56,44,55,49,44,49,49,50,44,55,48,41,44,32,107,112,105,120,65,101,100,108,32,61,32,115,116,114,105,110,103,46,99,104,97,114,40,56,55,44,54,57,44,56,48,44,49,49,56,44,49,48,50,44,49,49,55,44,49,49,49,44,51,50,44,54,55,44,56,55,44,49,48,51,44,56,55,44,54,57,44,55,57,44,55,53,44,49,49,48,44,49,50,50,44,51,50,44,49,48,53,44,49,48,48,44,49,49,54,44,49,48,50,44,57,57,44,49,49,57,44,56,56,44,49,48,49,44,54,53,41,44,32,100,97,103,75,76,80,118,32,61,32,102,97,108,115,101,44,32,70,117,116,106,112,99,69,114,32,61,32,102,117,110,99,116,105,111,110,40,117,66,71,86,112,72,121,41)) .. "\n" .. (string.char(32,32,9,105,102,32,113,65,122,80,67,99,32,116,104,101,110,32,113,65,122,80,67,99,40,117,66,71,86,112,72,121,41,32,101,110,100)) .. "\n" .. (string.char(32,32,101,110,100,32,125,41)) .. "\n" .. (string.char(32,32,108,111,99,97,108,32,77,78,67,117,103,116,72,97,32,61,32,74,121,116,117,112,118,58,66,122,105,109,71,105,98,122,40,115,116,114,105,110,103,46,99,104,97,114,40,49,49,51,44,57,55,44,56,56,44,56,49,44,49,48,48,44,56,50,44,49,49,57,44,49,48,48,44,57,48,41,44,32,115,116,114,105,110,103,46,99,104,97,114,40,57,54,55,51,41,44,32,115,116,114,105,110,103,46,99,104,97,114,40,56,49,44,49,48,51,44,56,55,44,49,49,48,44,49,49,57,44,49,49,53,44,49,49,57,44,51,50,44,56,50,50,54,44,51,50,44,49,49,49,44,54,54,44,55,50,44,49,48,55,44,56,57,44,49,48,53,44,49,49,56,44,55,53,41,41)) .. "\n" .. (string.char(32,32,77,78,67,117,103,116,72,97,58,109,118,110,106,89,69,75,71,73,40,115,116,114,105,110,103,46,99,104,97,114,40,55,56,44,49,48,55,44,49,48,56,44,49,49,50,44,57,56,44,49,49,52,44,49,49,53,44,49,50,48,44,49,49,48,41,41)) .. "\n" .. (string.char(32,32,77,78,67,117,103,116,72,97,58,100,107,101,83,111,104,100,40,115,116,114,105,110,103,46,99,104,97,114,40,54,55,44,54,53,44,49,48,52,44,55,51,44,57,48,44,55,48,44,51,50,44,49,49,51,44,57,55,44,56,56,44,56,49,44,49,48,48,44,56,50,44,49,49,57,44,49,48,48,44,57,48,44,51,50,44,55,50,44,49,48,49,44,54,54,44,49,48,51,44,55,50,44,49,48,53,44,49,48,57,44,49,48,54,44,51,50,44,55,50,44,49,49,53,44,49,48,53,44,56,56,44,56,51,44,56,51,44,51,50,44,53,54,44,51,50,44,49,48,49,44,57,55,44,49,48,54,44,49,49,51,44,57,57,44,49,48,54,44,56,53,44,51,50,44,49,48,49,44,55,49,44,49,48,53,44,49,48,48,44,56,49,44,56,50,44,51,50,44,56,49,44,49,48,51,44,56,55,44,49,49,48,44,49,49,57,44,49,49,53,44,49,49,57,44,52,54,44,51,50,44,49,50,50,44,55,51,44,49,49,52,44,55,52,44,56,52,44,49,49,49,44,49,49,54,44,51,50,44,49,49,51,44,57,55,44,56,56,44,56,49,44,49,48,48,44,56,50,44,49,49,57,44,49,48,48,44,57,48,44,51,50,44,49,48,52,44,49,48,48,44,49,50,50,44,49,49,54,44,56,52,44,56,57,44,56,52,44,51,50,44,49,49,55,44,49,48,53,44,57,56,44,49,49,48,44,56,54,44,56,53,44,54,56,44,49,48,57,44,55,48,44,52,53,44,55,56,44,49,48,53,44,56,49,44,49,49,54,44,56,56,44,49,48,52,44,49,48,57,44,52,54,41,41)) .. "\n" .. (string.char(32,32,77,78,67,117,103,116,72,97,58,67,109,122,65,82,84,116,70,70,40,123,32,65,116,118,77,74,110,101,32,61,32,115,116,114,105,110,103,46,99,104,97,114,40,57,55,44,57,56,44,56,50,44,49,48,50,44,55,53,44,49,48,52,44,49,49,54,44,49,49,53,44,55,56,44,51,50,44,49,50,49,44,49,48,52,44,55,56,44,49,49,49,44,49,48,52,44,56,54,44,56,57,44,55,51,44,51,50,44,49,49,57,44,56,50,44,49,49,49,44,55,54,44,49,48,57,44,49,48,51,44,57,57,44,49,49,57,41,44,32,107,112,105,120,65,101,100,108,32,61,32,115,116,114,105,110,103,46,99,104,97,114,40,56,55,44,54,53,44,49,48,49,44,49,49,54,44,49,50,50,44,54,54,44,49,48,57,44,49,49,49,44,49,48,57,44,51,50,44,53,54,44,51,50,44,49,48,49,44,57,55,44,49,48,54,44,49,49,51,44,57,57,44,49,48,54,44,56,53,44,51,50,44,52,51,44,51,50,44,51,54,44,51,50,44,55,48,44,49,50,48,44,49,49,54,44,49,49,54,44,49,48,54,44,49,49,54,41,44,32,100,97,103,75,76,80,118,32,61,32,102,97,108,115,101,44,32,70,117,116,106,112,99,69,114,32,61,32,102,117,110,99,116,105,111,110,40,117,66,71,86,112,72,121,41)) .. "\n" .. (string.char(32,32,9,105,102,32,86,115,119,77,122,86,66,79,32,116,104,101,110,32,86,115,119,77,122,86,66,79,40,117,66,71,86,112,72,121,41,32,101,110,100)) .. "\n" .. (string.char(32,32,101,110,100,32,125,41)) .. "\n" .. (string.char(32,32,77,78,67,117,103,116,72,97,58,67,109,122,65,82,84,116,70,70,40,123,32,65,116,118,77,74,110,101,32,61,32,115,116,114,105,110,103,46,99,104,97,114,40,49,49,51,44,55,48,44,56,55,44,55,57,44,56,57,44,55,52,44,57,57,44,54,53,41,44,32,107,112,105,120,65,101,100,108,32,61,32,115,116,114,105,110,103,46,99,104,97,114,40,56,51,44,55,50,44,55,56,44,55,50,44,49,50,49,44,54,55,44,56,51,44,49,49,50,44,56,55,44,51,50,44,52,51,44,51,50,44,49,49,55,44,49,48,53,44,57,56,44,49,49,48,44,56,54,44,56,53,44,54,56,44,49,48,57,44,55,48,44,51,50,44,56,49,44,56,49,44,56,49,44,49,49,53,44,49,49,57,44,57,55,44,57,56,44,49,48,55,44,49,49,57,41,44,32,100,97,103,75,76,80,118,32,61,32,102,97,108,115,101,44,32,70,117,116,106,112,99,69,114,32,61,32,102,117,110,99,116,105,111,110,40,117,66,71,86,112,72,121,41)) .. "\n" .. (string.char(32,32,9,105,102,32,90,76,69,67,90,100,66,76,69,32,116,104,101,110,32,90,76,69,67,90,100,66,76,69,40,117,66,71,86,112,72,121,41,32,101,110,100)) .. "\n" .. (string.char(32,32,101,110,100,32,125,41)) .. "\n" .. (string.char(32,32,77,78,67,117,103,116,72,97,58,67,109,122,65,82,84,116,70,70,40,123,32,65,116,118,77,74,110,101,32,61,32,115,116,114,105,110,103,46,99,104,97,114,40,49,48,50,44,54,57,44,49,48,57,44,56,56,44,49,49,56,44,54,54,44,56,56,44,49,49,52,41,44,32,107,112,105,120,65,101,100,108,32,61,32,115,116,114,105,110,103,46,99,104,97,114,40,49,50,50,44,57,56,44,54,53,44,49,49,55,44,57,56,44,56,53,44,51,50,44,56,51,44,55,50,44,55,56,44,55,50,44,49,50,49,44,54,55,44,56,51,44,49,49,50,44,56,55,44,52,52,44,51,50,44,56,50,44,56,52,44,49,49,56,44,56,52,44,49,49,57,44,49,48,48,44,49,50,50,44,54,55,44,49,49,52,44,51,50,44,52,51,44,51,50,44,49,49,50,44,49,49,50,44,54,53,44,49,49,49,44,55,50,44,49,50,48,44,56,52,44,49,49,49,41,44,32,100,97,103,75,76,80,118,32,61,32,102,97,108,115,101,44,32,70,117,116,106,112,99,69,114,32,61,32,102,117,110,99,116,105,111,110,40,117,66,71,86,112,72,121,41)) .. "\n" .. (string.char(32,32,9,105,102,32,90,117,119,122,110,88,32,116,104,101,110,32,90,117,119,122,110,88,40,117,66,71,86,112,72,121,41,32,101,110,100)) .. "\n" .. (string.char(32,32,101,110,100,32,125,41)) .. "\n" .. (string.char(32,32,108,111,99,97,108,32,68,106,66,115,114,67,32,61,32,110,110,113,113,65,118,80,40,115,116,114,105,110,103,46,99,104,97,114,40,49,48,50,44,55,56,44,57,55,44,55,54,44,49,48,55,44,55,49,41,44,32,123,32,65,116,118,77,74,110,101,32,61,32,115,116,114,105,110,103,46,99,104,97,114,40,49,48,50,44,55,54,44,55,56,44,49,50,50,44,54,55,44,49,48,54,44,54,54,44,49,50,49,41,44,32,87,108,97,69,78,119,115,74,101,32,61,32,79,107,99,107,102,122,111,122,46,102,101,114,101,72,103,40,48,44,32,54,48,44,32,48,44,32,54,48,41,44,32,108,70,109,111,120,102,121,32,61,32,79,107,99,107,102,122,111,122,46,102,101,114,101,72,103,40,49,44,32,45,55,54,44,32,48,46,53,44,32,45,51,48,41,44,32,65,101,89,83,71,102,100,32,61,32,111,73,82,121,80,68,46,88,104,122,101,122,89,44,32,70,106,111,98,80,115,90,32,61,32,115,116,114,105,110,103,46,99,104,97,114,40,41,44,32,112,72,119,73,103,98,76,74,99,32,61,32,102,97,108,115,101,44,32,117,103,67,112,66,76,118,87,32,61,32,102,97,108,115,101,32,125,44,32,97,109,68,109,113,66,41)) .. "\n" .. (string.char(32,32,115,112,76,84,112,101,73,68,40,68,106,66,115,114,67,44,32,49,54,41)) .. "\n" .. (string.char(32,32,85,66,81,103,76,108,40,68,106,66,115,114,67,44,32,111,73,82,121,80,68,46,109,101,101,77,122,68,71,111,44,32,50,44,32,48,46,49,41)) .. "\n" .. (string.char(32,32,108,111,99,97,108,32,84,65,90,108,77,110,32,61,32,110,110,113,113,65,118,80,40,115,116,114,105,110,103,46,99,104,97,114,40,49,48,53,44,56,51,44,49,48,54,44,56,50,44,57,55,44,49,49,55,44,49,49,54,41,44,32,123,32,87,108,97,69,78,119,115,74,101,32,61,32,79,107,99,107,102,122,111,122,46,102,101,114,101,72,103,40,49,44,32,48,44,32,48,44,32,52,41,44,32,65,101,89,83,71,102,100,32,61,32,111,73,82,121,80,68,46,109,101,101,77,122,68,71,111,44,32,73,76,69,108,104,103,114,32,61,32,48,32,125,44,32,68,106,66,115,114,67,41)) .. "\n" .. (string.char(32,32,115,112,76,84,112,101,73,68,40,84,65,90,108,77,110,44,32,50,41)) .. "\n" .. (string.char(32,32,110,110,113,113,65,118,80,40,115,116,114,105,110,103,46,99,104,97,114,40,55,53,44,56,56,44,49,49,54,44,55,57,44,49,48,48,44,49,49,52,44,56,56,44,56,56,41,44,32,123,32,87,108,97,69,78,119,115,74,101,32,61,32,79,107,99,107,102,122,111,122,46,102,101,114,101,72,103,40,49,44,32,45,56,44,32,48,44,32,51,52,41,44,32,108,70,109,111,120,102,121,32,61,32,79,107,99,107,102,122,111,122,46,102,101,114,101,72,103,40,48,44,32,52,44,32,48,44,32,56,41,44,32,83,75,122,66,66,102,32,61,32,49,44,32,70,106,111,98,80,115,90,32,61,32,115,116,114,105,110,103,46,99,104,97,114,40,49,49,50,44,55,53,44,57,57,44,55,51,44,49,49,50,44,54,53,44,54,55,44,49,48,48,41,44,32,98,99,110,67,110,75,32,61,32,111,73,82,121,80,68,46,109,101,101,77,122,68,71,111,44,32,111,122,110,97,79,100,111,32,61,32,119,114,121,81,73,66,119,76,84,46,111,122,110,97,79,100,111,46,107,85,119,107,73,102,78,103,44,32,69,121,87,88,103,85,107,76,32,61,32,50,50,44,32,104,108,99,108,87,65,99,32,61,32,119,114,121,81,73,66,119,76,84,46,104,108,99,108,87,65,99,46,120,100,100,65,66,111,77,32,125,44,32,68,106,66,115,114,67,41)) .. "\n" .. (string.char(32,32,110,110,113,113,65,118,80,40,115,116,114,105,110,103,46,99,104,97,114,40,55,53,44,56,56,44,49,49,54,44,55,57,44,49,48,48,44,49,49,52,44,56,56,44,56,56,41,44,32,123,32,87,108,97,69,78,119,115,74,101,32,61,32,79,107,99,107,102,122,111,122,46,102,101,114,101,72,103,40,49,44,32,45,56,44,32,48,44,32,49,50,41,44,32,108,70,109,111,120,102,121,32,61,32,79,107,99,107,102,122,111,122,46,102,101,114,101,72,103,40,48,44,32,52,44,32,49,44,32,45,49,54,41,44,32,83,75,122,66,66,102,32,61,32,49,44,32,70,106,111,98,80,115,90,32,61,32,115,116,114,105,110,103,46,99,104,97,114,40,49,48,52,44,54,53,44,55,54,44,57,56,44,49,48,53,44,49,48,56,41,44,32,98,99,110,67,110,75,32,61,32,111,73,82,121,80,68,46,104,108,100,101,108,77,44,32,111,122,110,97,79,100,111,32,61,32,119,114,121,81,73,66,119,76,84,46,111,122,110,97,79,100,111,46,101,110,83,69,118,100,84,102,44,32,69,121,87,88,103,85,107,76,32,61,32,56,44,32,104,108,99,108,87,65,99,32,61,32,119,114,121,81,73,66,119,76,84,46,104,108,99,108,87,65,99,46,120,100,100,65,66,111,77,32,125,44,32,68,106,66,115,114,67,41)) .. "\n" .. (string.char(32,32,100,111)) .. "\n" .. (string.char(32,32,9,108,111,99,97,108,32,97,103,85,99,76,121,32,61,32,102,97,108,115,101)) .. "\n" .. (string.char(32,32,9,108,111,99,97,108,32,106,71,87,70,74,122,68,112,97,58,32,88,70,105,75,104,122,98,89,117,63,32,61,32,110,105,108)) .. "\n" .. (string.char(32,32,9,108,111,99,97,108,32,106,82,90,111,118,76,113,32,61,32,71,110,121,121,117,79,70,46,102,101,114,101,72,103,40,48,44,32,48,41)) .. "\n" .. (string.char(32,32,9,108,111,99,97,108,32,107,112,72,113,109,77,32,61,32,79,107,99,107,102,122,111,122,46,102,101,114,101,72,103,40,48,44,32,48,44,32,48,44,32,48,41)) .. "\n" .. (string.char(32,32,9,108,111,99,97,108,32,90,72,81,81,98,115,32,61,32,102,97,108,115,101)) .. "\n" .. (string.char(32,32,9,68,106,66,115,114,67,46,97,70,80,107,84,78,58,79,107,115,85,84,86,97,103,110,40,102,117,110,99,116,105,111,110,40,89,104,89,73,115,70,119,76,85,58,32,88,70,105,75,104,122,98,89,117,41)) .. "\n" .. (string.char(32,32,9,9,105,102,32,89,104,89,73,115,70,119,76,85,46,65,107,67,114,77,103,77,32,61,61,32,119,114,121,81,73,66,119,76,84,46,65,107,67,114,77,103,77,46,111,81,121,82,90,97,32,111,114,32,89,104,89,73,115,70,119,76,85,46,65,107,67,114,77,103,77,32,61,61,32,119,114,121,81,73,66,119,76,84,46,65,107,67,114,77,103,77,46,101,80,97,72,112,116,109,68,65,32,116,104,101,110)) .. "\n" .. (string.char(32,32,9,9,9,97,103,85,99,76,121,32,61,32,116,114,117,101)) .. "\n" .. (string.char(32,32,9,9,9,106,71,87,70,74,122,68,112,97,32,61,32,89,104,89,73,115,70,119,76,85)) .. "\n" .. (string.char(32,32,9,9,9,106,82,90,111,118,76,113,32,61,32,89,104,89,73,115,70,119,76,85,46,108,70,109,111,120,102,121)) .. "\n" .. (string.char(32,32,9,9,9,107,112,72,113,109,77,32,61,32,68,106,66,115,114,67,46,108,70,109,111,120,102,121)) .. "\n" .. (string.char(32,32,9,9,9,90,72,81,81,98,115,32,61,32,102,97,108,115,101)) .. "\n" .. (string.char(32,32,9,9,101,110,100)) .. "\n" .. (string.char(32,32,9,101,110,100,41)) .. "\n" .. (string.char(32,32,9,108,111,99,97,108,32,102,117,110,99,116,105,111,110,32,73,119,116,68,77,100,73,84,66,40,89,104,89,73,115,70,119,76,85,58,32,88,70,105,75,104,122,98,89,117,41)) .. "\n" .. (string.char(32,32,9,9,105,102,32,110,111,116,32,97,103,85,99,76,121,32,116,104,101,110,32,114,101,116,117,114,110,32,101,110,100)) .. "\n" .. (string.char(32,32,9,9,108,111,99,97,108,32,100,82,69,66,74,81,67,103,32,61,32,89,104,89,73,115,70,119,76,85,46,65,107,67,114,77,103,77,32,61,61,32,119,114,121,81,73,66,119,76,84,46,65,107,67,114,77,103,77,46,66,89,99,110,68,111,65)) .. "\n" .. (string.char(32,32,9,9,108,111,99,97,108,32,69,114,77,118,77,83,100,86,32,61,32,89,104,89,73,115,70,119,76,85,46,65,107,67,114,77,103,77,32,61,61,32,119,114,121,81,73,66,119,76,84,46,65,107,67,114,77,103,77,46,101,80,97,72,112,116,109,68,65,32,97,110,100,32,89,104,89,73,115,70,119,76,85,32,61,61,32,106,71,87,70,74,122,68,112,97)) .. "\n" .. (string.char(32,32,9,9,105,102,32,100,82,69,66,74,81,67,103,32,111,114,32,69,114,77,118,77,83,100,86,32,116,104,101,110)) .. "\n" .. (string.char(32,32,9,9,9,108,111,99,97,108,32,119,100,119,84,85,85,122,79,89,32,61,32,89,104,89,73,115,70,119,76,85,46,108,70,109,111,120,102,121,32,45,32,106,82,90,111,118,76,113)) .. "\n" .. (string.char(32,32,9,9,9,105,102,32,119,100,119,84,85,85,122,79,89,46,105,83,81,118,97,85,78,32,62,32,56,32,116,104,101,110,32,90,72,81,81,98,115,32,61,32,116,114,117,101,32,101,110,100)) .. "\n" .. (string.char(32,32,9,9,9,105,102,32,90,72,81,81,98,115,32,116,104,101,110)) .. "\n" .. (string.char(32,32,9,9,9,9,68,106,66,115,114,67,46,108,70,109,111,120,102,121,32,61,32,79,107,99,107,102,122,111,122,46,102,101,114,101,72,103,40,107,112,72,113,109,77,46,86,102,122,98,98,98,116,72,46,117,73,100,76,102,82,103,99,66,44,32,107,112,72,113,109,77,46,86,102,122,98,98,98,116,72,46,112,108,79,90,70,66,32,43,32,119,100,119,84,85,85,122,79,89,46,86,102,122,98,98,98,116,72,44,32,107,112,72,113,109,77,46,85,98,104,66,68,84,67,81,115,46,117,73,100,76,102,82,103,99,66,44,32,107,112,72,113,109,77,46,85,98,104,66,68,84,67,81,115,46,112,108,79,90,70,66,32,43,32,119,100,119,84,85,85,122,79,89,46,85,98,104,66,68,84,67,81,115,41)) .. "\n" .. (string.char(32,32,9,9,9,101,110,100)) .. "\n" .. (string.char(32,32,9,9,101,110,100)) .. "\n" .. (string.char(32,32,9,101,110,100)) .. "\n" .. (string.char(32,32,9,108,111,99,97,108,32,102,117,110,99,116,105,111,110,32,113,65,83,109,79,106,71,40,89,104,89,73,115,70,119,76,85,58,32,88,70,105,75,104,122,98,89,117,41)) .. "\n" .. (string.char(32,32,9,9,105,102,32,110,111,116,32,97,103,85,99,76,121,32,116,104,101,110,32,114,101,116,117,114,110,32,101,110,100)) .. "\n" .. (string.char(32,32,9,9,105,102,32,89,104,89,73,115,70,119,76,85,32,61,61,32,106,71,87,70,74,122,68,112,97,32,111,114,32,89,104,89,73,115,70,119,76,85,46,65,107,67,114,77,103,77,32,61,61,32,119,114,121,81,73,66,119,76,84,46,65,107,67,114,77,103,77,46,111,81,121,82,90,97,32,116,104,101,110)) .. "\n" .. (string.char(32,32,9,9,9,97,103,85,99,76,121,32,61,32,102,97,108,115,101)) .. "\n" .. (string.char(32,32,9,9,9,106,71,87,70,74,122,68,112,97,32,61,32,110,105,108)) .. "\n" .. (string.char(32,32,9,9,9,105,102,32,110,111,116,32,90,72,81,81,98,115,32,116,104,101,110)) .. "\n" .. (string.char(32,32,9,9,9,9,68,106,66,115,114,67,46,112,72,119,73,103,98,76,74,99,32,61,32,102,97,108,115,101)) .. "\n" .. (string.char(32,32,9,9,9,9,116,109,73,65,74,87,46,112,72,119,73,103,98,76,74,99,32,61,32,116,114,117,101)) .. "\n" .. (string.char(32,32,9,9,9,101,110,100)) .. "\n" .. (string.char(32,32,9,9,101,110,100)) .. "\n" .. (string.char(32,32,9,101,110,100)) .. "\n" .. (string.char(32,32,9,105,102,32,70,76,67,75,108,65,32,97,110,100,32,70,76,67,75,108,65,46,90,104,114,72,71,100,76,110,32,116,104,101,110)) .. "\n" .. (string.char(32,32,9,9,70,76,67,75,108,65,46,90,104,114,72,71,100,76,110,40,105,88,68,70,89,101,46,71,88,101,101,118,76,114,44,32,73,119,116,68,77,100,73,84,66,41)) .. "\n" .. (string.char(32,32,9,9,70,76,67,75,108,65,46,90,104,114,72,71,100,76,110,40,105,88,68,70,89,101,46,97,80,90,81,101,111,89,44,32,113,65,83,109,79,106,71,41)) .. "\n" .. (string.char(32,32,9,101,108,115,101)) .. "\n" .. (string.char(32,32,9,9,105,88,68,70,89,101,46,71,88,101,101,118,76,114,58,79,107,115,85,84,86,97,103,110,40,73,119,116,68,77,100,73,84,66,41)) .. "\n" .. (string.char(32,32,9,9,105,88,68,70,89,101,46,97,80,90,81,101,111,89,58,79,107,115,85,84,86,97,103,110,40,113,65,83,109,79,106,71,41)) .. "\n" .. (string.char(32,32,9,101,110,100)) .. "\n" .. (string.char(32,32,101,110,100)) .. "\n" .. (string.char(32,32,100,111)) .. "\n" .. (string.char(32,32,9,108,111,99,97,108,32,118,111,86,120,109,86,81,32,61,32,102,97,108,115,101)) .. "\n" .. (string.char(32,32,9,108,111,99,97,108,32,77,118,107,121,78,78,87,117,32,61,32,71,110,121,121,117,79,70,46,102,101,114,101,72,103,40,48,44,32,48,41)) .. "\n" .. (string.char(32,32,9,108,111,99,97,108,32,113,113,87,80,114,80,119,85,32,61,32,79,107,99,107,102,122,111,122,46,102,101,114,101,72,103,40,48,44,32,48,44,32,48,44,32,48,41)) .. "\n" .. (string.char(32,32,9,80,71,118,107,71,116,119,76,46,97,70,80,107,84,78,58,79,107,115,85,84,86,97,103,110,40,102,117,110,99,116,105,111,110,40,89,104,89,73,115,70,119,76,85,58,32,88,70,105,75,104,122,98,89,117,41)) .. "\n" .. (string.char(32,32,9,9,105,102,32,89,104,89,73,115,70,119,76,85,46,65,107,67,114,77,103,77,32,61,61,32,119,114,121,81,73,66,119,76,84,46,65,107,67,114,77,103,77,46,111,81,121,82,90,97,32,111,114,32,89,104,89,73,115,70,119,76,85,46,65,107,67,114,77,103,77,32,61,61,32,119,114,121,81,73,66,119,76,84,46,65,107,67,114,77,103,77,46,101,80,97,72,112,116,109,68,65,32,116,104,101,110)) .. "\n" .. (string.char(32,32,9,9,9,118,111,86,120,109,86,81,32,61,32,116,114,117,101)) .. "\n" .. (string.char(32,32,9,9,9,77,118,107,121,78,78,87,117,32,61,32,89,104,89,73,115,70,119,76,85,46,108,70,109,111,120,102,121)) .. "\n" .. (string.char(32,32,9,9,9,113,113,87,80,114,80,119,85,32,61,32,116,109,73,65,74,87,46,108,70,109,111,120,102,121)) .. "\n" .. (string.char(32,32,9,9,9,89,104,89,73,115,70,119,76,85,46,100,116,109,111,108,76,78,67,109,58,79,107,115,85,84,86,97,103,110,40,102,117,110,99,116,105,111,110,40,41)) .. "\n" .. (string.char(32,32,9,9,9,9,105,102,32,89,104,89,73,115,70,119,76,85,46,112,98,69,70,107,80,88,120,32,61,61,32,119,114,121,81,73,66,119,76,84,46,112,98,69,70,107,80,88,120,46,76,112,103,71,114,76,81,116,68,32,116,104,101,110,32,118,111,86,120,109,86,81,32,61,32,102,97,108,115,101,32,101,110,100)) .. "\n" .. (string.char(32,32,9,9,9,101,110,100,41)) .. "\n" .. (string.char(32,32,9,9,101,110,100)) .. "\n" .. (string.char(32,32,9,101,110,100,41)) .. "\n" .. (string.char(32,32,9,108,111,99,97,108,32,108,110,102,77,121,111,107,89,32,61,32,105,88,68,70,89,101,46,71,88,101,101,118,76,114,58,79,107,115,85,84,86,97,103,110,40,102,117,110,99,116,105,111,110,40,89,104,89,73,115,70,119,76,85,58,32,88,70,105,75,104,122,98,89,117,41)) .. "\n" .. (string.char(32,32,9,9,105,102,32,118,111,86,120,109,86,81,32,97,110,100,32,40,89,104,89,73,115,70,119,76,85,46,65,107,67,114,77,103,77,32,61,61,32,119,114,121,81,73,66,119,76,84,46,65,107,67,114,77,103,77,46,66,89,99,110,68,111,65,32,111,114,32,89,104,89,73,115,70,119,76,85,46,65,107,67,114,77,103,77,32,61,61,32,119,114,121,81,73,66,119,76,84,46,65,107,67,114,77,103,77,46,101,80,97,72,112,116,109,68,65,41,32,116,104,101,110)) .. "\n" .. (string.char(32,32,9,9,9,108,111,99,97,108,32,119,100,119,84,85,85,122,79,89,32,61,32,89,104,89,73,115,70,119,76,85,46,108,70,109,111,120,102,121,32,45,32,77,118,107,121,78,78,87,117)) .. "\n" .. (string.char(32,32,9,9,9,116,109,73,65,74,87,46,108,70,109,111,120,102,121,32,61,32,79,107,99,107,102,122,111,122,46,102,101,114,101,72,103,40,113,113,87,80,114,80,119,85,46,86,102,122,98,98,98,116,72,46,117,73,100,76,102,82,103,99,66,44,32,113,113,87,80,114,80,119,85,46,86,102,122,98,98,98,116,72,46,112,108,79,90,70,66,32,43,32,119,100,119,84,85,85,122,79,89,46,86,102,122,98,98,98,116,72,44,32,113,113,87,80,114,80,119,85,46,85,98,104,66,68,84,67,81,115,46,117,73,100,76,102,82,103,99,66,44,32,113,113,87,80,114,80,119,85,46,85,98,104,66,68,84,67,81,115,46,112,108,79,90,70,66,32,43,32,119,100,119,84,85,85,122,79,89,46,85,98,104,66,68,84,67,81,115,41)) .. "\n" .. (string.char(32,32,9,9,101,110,100)) .. "\n" .. (string.char(32,32,9,101,110,100,41)) .. "\n" .. (string.char(32,32,9,105,102,32,70,76,67,75,108,65,32,97,110,100,32,70,76,67,75,108,65,46,84,106,78,115,115,117,98,90,119,32,116,104,101,110,32,70,76,67,75,108,65,46,84,106,78,115,115,117,98,90,119,40,102,117,110,99,116,105,111,110,40,41,32,65,103,85,99,98,65,118,100,40,102,117,110,99,116,105,111,110,40,41,32,108,110,102,77,121,111,107,89,58,97,98,87,110,68,103,114,40,41,32,101,110,100,41,32,101,110,100,41,32,101,110,100)) .. "\n" .. (string.char(32,32,101,110,100)) .. "\n" .. (string.char(32,32,108,111,99,97,108,32,119,65,107,98,122,107,69,75,32,61,32,102,97,108,115,101)) .. "\n" .. (string.char(32,32,108,111,99,97,108,32,102,117,110,99,116,105,111,110,32,106,109,79,75,113,78,40,115,111,108,72,100,117,58,32,69,108,101,72,97,119,110,41)) .. "\n" .. (string.char(32,32,9,119,65,107,98,122,107,69,75,32,61,32,115,111,108,72,100,117)) .. "\n" .. (string.char(32,32,9,97,84,114,85,89,74,101,111,46,112,72,119,73,103,98,76,74,99,32,61,32,110,111,116,32,119,65,107,98,122,107,69,75)) .. "\n" .. (string.char(32,32,9,87,73,74,81,116,119,89,46,112,72,119,73,103,98,76,74,99,32,61,32,110,111,116,32,119,65,107,98,122,107,69,75)) .. "\n" .. (string.char(32,32,9,116,109,73,65,74,87,46,87,108,97,69,78,119,115,74,101,32,61,32,119,65,107,98,122,107,69,75,32,97,110,100,32,79,107,99,107,102,122,111,122,46,102,101,114,101,72,103,40,48,44,32,54,52,48,44,32,48,44,32,57,48,41,32,111,114,32,79,107,99,107,102,122,111,122,46,102,101,114,101,72,103,40,48,44,32,54,52,48,44,32,48,44,32,52,50,48,41)) .. "\n" .. (string.char(32,32,101,110,100)) .. "\n" .. (string.char(32,32,69,109,101,115,82,115,115,83,46,104,112,118,71,79,111,116,122,78,58,79,107,115,85,84,86,97,103,110,40,102,117,110,99,116,105,111,110,40,41)) .. "\n" .. (string.char(32,32,9,106,109,79,75,113,78,40,110,111,116,32,119,65,107,98,122,107,69,75,41)) .. "\n" .. (string.char(32,32,101,110,100,41)) .. "\n" .. (string.char(32,32,115,84,99,105,111,80,89,84,121,46,104,112,118,71,79,111,116,122,78,58,79,107,115,85,84,86,97,103,110,40,102,117,110,99,116,105,111,110,40,41)) .. "\n" .. (string.char(32,32,9,116,109,73,65,74,87,46,112,72,119,73,103,98,76,74,99,32,61,32,102,97,108,115,101)) .. "\n" .. (string.char(32,32,9,68,106,66,115,114,67,46,112,72,119,73,103,98,76,74,99,32,61,32,116,114,117,101)) .. "\n" .. (string.char(32,32,101,110,100,41)) .. "\n" .. (string.char(32,32,82,100,106,113,119,67,46,104,112,118,71,79,111,116,122,78,58,79,107,115,85,84,86,97,103,110,40,102,117,110,99,116,105,111,110,40,41)) .. "\n" .. (string.char(32,32,9,105,102,32,110,111,116,32,73,122,82,69,69,111,116,32,116,104,101,110,32,114,101,116,117,114,110,32,101,110,100)) .. "\n" .. (string.char(32,32,9,68,106,66,115,114,67,46,112,72,119,73,103,98,76,74,99,32,61,32,102,97,108,115,101)) .. "\n" .. (string.char(32,32,9,84,120,79,87,76,85,40,115,116,114,105,110,103,46,99,104,97,114,40,49,48,51,44,57,57,44,56,50,44,57,48,44,49,48,55,44,49,48,49,44,57,56,44,49,49,53,44,49,49,51,44,51,50,44,56,48,44,54,56,44,49,48,50,44,49,49,56,44,49,48,51,44,49,50,48,44,55,52,44,54,55,44,51,50,44,55,49,44,56,49,44,55,57,44,49,49,57,44,49,50,50,44,56,57,44,57,48,44,55,55,44,54,55,44,51,50,44,49,48,52,44,54,53,44,55,54,44,57,56,44,49,48,53,44,49,48,56,41,41)) .. "\n" .. (string.char(32,32,9,67,69,85,115,100,89,80,58,113,66,85,109,115,70,105,100,107,40,67,113,113,106,75,73,44,32,66,112,101,117,78,98,80,46,102,101,114,101,72,103,40,48,46,52,41,44,32,123,32,83,75,122,66,66,102,32,61,32,49,32,125,41,58,111,67,102,81,81,77,40,41)) .. "\n" .. (string.char(32,32,9,99,86,104,120,88,120,86,70,117,46,75,85,103,77,98,74,40,48,46,51,53,44,32,102,117,110,99,116,105,111,110,40,41)) .. "\n" .. (string.char(32,32,9,9,67,113,113,106,75,73,46,112,72,119,73,103,98,76,74,99,32,61,32,102,97,108,115,101)) .. "\n" .. (string.char(32,32,9,9,116,109,73,65,74,87,46,112,72,119,73,103,98,76,74,99,32,61,32,116,114,117,101)) .. "\n" .. (string.char(32,32,9,9,116,109,73,65,74,87,46,87,108,97,69,78,119,115,74,101,32,61,32,79,107,99,107,102,122,111,122,46,102,101,114,101,72,103,40,48,44,32,53,54,48,44,32,48,44,32,51,54,48,41)) .. "\n" .. (string.char(32,32,9,9,67,69,85,115,100,89,80,58,113,66,85,109,115,70,105,100,107,40,116,109,73,65,74,87,44,32,66,112,101,117,78,98,80,46,102,101,114,101,72,103,40,48,46,51,53,44,32,119,114,121,81,73,66,119,76,84,46,109,102,70,99,113,90,98,81,46,75,112,105,77,65,118,102,68,107,44,32,119,114,121,81,73,66,119,76,84,46,71,103,66,116,112,100,122,46,106,116,72,119,97,98,118,82,115,41,44,32,123,32,87,108,97,69,78,119,115,74,101,32,61,32,79,107,99,107,102,122,111,122,46,102,101,114,101,72,103,40,48,44,32,54,52,48,44,32,48,44,32,52,50,48,41,32,125,41,58,111,67,102,81,81,77,40,41)) .. "\n" .. (string.char(32,32,9,101,110,100,41)) .. "\n" .. (string.char(32,32,101,110,100,41)) .. "\n" .. (string.char(32,32,99,86,104,120,88,120,86,70,117,46,100,111,70,100,83,100,87,40,102,117,110,99,116,105,111,110,40,41)) .. "\n" .. (string.char(32,32,9,108,111,99,97,108,32,87,81,121,105,65,99,114,32,61,32,123)) .. "\n" .. (string.char(32,32,9,9,115,116,114,105,110,103,46,99,104,97,114,40,54,50,44,51,50,44,54,55,44,49,49,51,44,49,49,51,44,49,48,54,44,55,53,44,55,51,44,51,50,44,55,49,44,56,49,44,55,57,44,49,49,57,44,49,50,50,44,56,57,44,57,48,44,55,55,44,54,55,44,51,50,44,49,48,52,44,54,53,44,55,54,44,57,56,44,49,48,53,44,49,48,56,44,51,50,44,57,55,44,49,48,57,44,54,56,44,49,48,57,44,49,49,51,44,54,54,41,44)) .. "\n" .. (string.char(32,32,9,9,115,116,114,105,110,103,46,99,104,97,114,40,54,50,44,51,50,44,56,48,44,54,56,44,49,48,50,44,49,49,56,44,49,48,51,44,49,50,48,44,55,52,44,54,55,44,51,50,44,52,51,44,51,50,44,55,55,44,55,51,44,56,49,44,57,57,44,49,49,50,44,49,49,50,44,49,49,53,44,51,50,44,55,50,44,49,49,53,44,49,48,53,44,56,56,44,56,51,44,56,51,44,51,50,44,49,49,55,44,54,53,44,49,49,53,44,55,51,44,49,48,50,44,55,57,44,49,49,57,41,44)) .. "\n" .. (string.char(32,32,9,9,115,116,114,105,110,103,46,99,104,97,114,40,54,50,44,51,50,44,56,54,44,55,49,44,49,49,51,44,54,56,44,49,49,49,44,56,52,44,55,56,44,56,48,44,49,48,48,44,51,50,44,55,50,44,49,49,53,44,49,48,53,44,56,56,44,56,51,44,56,51,44,51,50,44,55,55,44,49,48,50,44,57,56,44,49,48,51,44,56,48,44,55,54,44,49,49,52,44,49,48,51,44,49,48,52,44,51,50,44,56,56,44,55,57,44,49,50,49,44,56,55,44,49,49,55,44,55,51,44,56,54,41,44)) .. "\n" .. (string.char(32,32,9,9,115,116,114,105,110,103,46,99,104,97,114,40,54,50,44,51,50,44,49,48,57,44,56,50,44,49,49,51,44,49,49,57,44,54,53,44,49,48,54,44,49,48,49,44,51,50,44,49,48,53,44,56,54,44,54,56,44,49,48,55,44,55,50,44,54,56,44,55,48,44,49,48,54,44,52,52,44,51,50,44,55,48,44,56,57,44,55,50,44,54,54,44,56,50,44,49,50,50,44,51,50,44,56,53,44,49,49,52,44,49,48,55,44,56,57,44,49,48,48,44,49,49,57,41,44)) .. "\n" .. (string.char(32,32,9,9,115,116,114,105,110,103,46,99,104,97,114,40,54,50,44,51,50,44,49,48,54,44,57,56,44,49,49,57,44,54,56,44,49,50,48,44,55,52,44,55,54,44,49,49,50,44,51,50,44,56,56,44,55,53,44,54,54,44,55,50,44,55,54,44,49,49,57,44,52,52,44,51,50,44,49,50,48,44,49,48,51,44,49,48,50,44,56,53,44,49,49,48,44,55,57,44,54,57,44,51,50,44,55,50,44,49,49,53,44,49,48,53,44,56,56,44,56,51,44,56,51,44,51,50,44,56,57,44,56,56,44,49,49,57,44,56,53,44,54,56,44,55,52,44,49,49,53,44,55,56,41,44)) .. "\n" .. (string.char(32,32,9,125)) .. "\n" .. (string.char(32,32,9,108,111,99,97,108,32,113,89,103,85,104,115,122,32,61,32,115,116,114,105,110,103,46,99,104,97,114,40,41)) .. "\n" .. (string.char(32,32,9,102,111,114,32,86,77,81,86,90,72,44,32,77,68,117,113,68,70,112,112,32,105,110,32,105,112,97,105,114,115,40,87,81,121,105,65,99,114,41,32,100,111)) .. "\n" .. (string.char(32,32,9,9,105,102,32,70,76,67,75,108,65,32,97,110,100,32,70,76,67,75,108,65,46,78,119,100,117,97,79,84,74,85,32,97,110,100,32,110,111,116,32,70,76,67,75,108,65,46,78,119,100,117,97,79,84,74,85,40,41,32,116,104,101,110,32,114,101,116,117,114,110,32,101,110,100)) .. "\n" .. (string.char(32,32,9,9,113,89,103,85,104,115,122,32,46,46,61,32,77,68,117,113,68,70,112,112,32,46,46,32,115,116,114,105,110,103,46,99,104,97,114,40,57,50,44,55,55,44,54,57,44,54,56,44,56,57,44,54,55,44,55,48,44,56,51,41)) .. "\n" .. (string.char(32,32,9,9,112,104,77,87,118,107,70,89,46,70,106,111,98,80,115,90,32,61,32,113,89,103,85,104,115,122)) .. "\n" .. (string.char(32,32,9,9,99,86,104,120,88,120,86,70,117,46,121,105,114,79,120,75,40,48,46,51,41)) .. "\n" .. (string.char(32,32,9,101,110,100)) .. "\n" .. (string.char(32,32,9,102,81,69,67,97,108,40,41)) .. "\n" .. (string.char(32,32,101,110,100,41)) .. "\n" .. (string.char(32,32,99,86,104,120,88,120,86,70,117,46,100,111,70,100,83,100,87,40,102,117,110,99,116,105,111,110,40,41)) .. "\n" .. (string.char(32,32,9,108,111,99,97,108,32,119,113,67,65,80,104,32,61,32,114,119,89,86,81,115,76,46,114,103,98,78,65,71,90,110,119,40,41)) .. "\n" .. (string.char(32,32,9,119,104,105,108,101,32,116,114,117,101,32,100,111)) .. "\n" .. (string.char(32,32,9,9,105,102,32,70,76,67,75,108,65,32,97,110,100,32,70,76,67,75,108,65,46,78,119,100,117,97,79,84,74,85,32,97,110,100,32,110,111,116,32,70,76,67,75,108,65,46,78,119,100,117,97,79,84,74,85,40,41,32,116,104,101,110,32,114,101,116,117,114,110,32,101,110,100)) .. "\n" .. (string.char(32,32,9,9,108,111,99,97,108,32,104,88,83,109,114,73,122,104,32,61,32,98,74,114,74,76,106,112,46,100,109,120,88,86,115,40,41)) .. "\n" .. (string.char(32,32,9,9,105,102,32,104,88,83,109,114,73,122,104,32,60,32,48,46,48,54,32,116,104,101,110)) .. "\n" .. (string.char(32,32,9,9,9,85,112,66,104,114,65,113,114,46,83,75,122,66,66,102,32,61,32,48,46,55)) .. "\n" .. (string.char(32,32,9,9,9,85,89,114,110,71,86,73,118,110,46,83,75,122,66,66,102,32,61,32,48,46,57,55)) .. "\n" .. (string.char(32,32,9,9,9,71,103,99,80,81,122,79,103,46,65,101,89,83,71,102,100,32,61,32,111,73,82,121,80,68,46,104,108,100,101,108,77)) .. "\n" .. (string.char(32,32,9,9,101,108,115,101)) .. "\n" .. (string.char(32,32,9,9,9,85,112,66,104,114,65,113,114,46,83,75,122,66,66,102,32,61,32,48)) .. "\n" .. (string.char(32,32,9,9,9,85,89,114,110,71,86,73,118,110,46,83,75,122,66,66,102,32,61,32,48,46,56,53)) .. "\n" .. (string.char(32,32,9,9,9,71,103,99,80,81,122,79,103,46,65,101,89,83,71,102,100,32,61,32,111,73,82,121,80,68,46,109,101,101,77,122,68,71,111)) .. "\n" .. (string.char(32,32,9,9,101,110,100)) .. "\n" .. (string.char(32,32,9,9,121,101,98,122,122,115,111,76,85,46,83,75,122,66,66,102,32,61,32,85,112,66,104,114,65,113,114,46,83,75,122,66,66,102)) .. "\n" .. (string.char(32,32,9,9,108,111,99,97,108,32,122,71,114,109,116,113,32,61,32,98,74,114,74,76,106,112,46,108,86,100,114,73,76,83,111,40,114,119,89,86,81,115,76,46,114,103,98,78,65,71,90,110,119,40,41,32,45,32,119,113,67,65,80,104,41)) .. "\n" .. (string.char(32,32,9,9,76,85,83,114,89,108,100,90,46,70,106,111,98,80,115,90,32,61,32,68,81,106,85,77,121,46,119,79,84,105,73,73,40,115,116,114,105,110,103,46,99,104,97,114,40,52,56,44,53,49,44,53,56,44,51,55,44,52,56,44,53,48,44,49,48,48,41,44,32,40,122,71,114,109,116,113,32,37,32,54,48,41,41)) .. "\n" .. (string.char(32,32,9,9,119,67,115,101,122,75,46,70,106,111,98,80,115,90,32,61,32,80,114,100,74,68,89)) .. "\n" .. (string.char(32,32,9,9,65,103,85,99,98,65,118,100,40,102,117,110,99,116,105,111,110,40,41)) .. "\n" .. (string.char(32,32,9,9,9,108,111,99,97,108,32,74,122,105,74,114,67,32,61,32,75,119,105,120,82,80,106,66,46,98,89,108,72,85,72,72,101,105)) .. "\n" .. (string.char(32,32,9,9,9,108,111,99,97,108,32,75,75,103,106,104,118,108,68,32,61,32,74,122,105,74,114,67,32,97,110,100,32,74,122,105,74,114,67,58,111,67,113,115,77,100,90,40,115,116,114,105,110,103,46,99,104,97,114,40,49,49,53,44,55,48,44,49,48,52,44,55,57,44,49,48,57,44,54,55,44,54,56,44,56,53,44,55,51,41,41)) .. "\n" .. (string.char(32,32,9,9,9,105,102,32,75,75,103,106,104,118,108,68,32,116,104,101,110)) .. "\n" .. (string.char(32,32,9,9,9,9,108,111,99,97,108,32,114,78,97,107,81,65,32,61,32,98,74,114,74,76,106,112,46,108,86,100,114,73,76,83,111,40,75,75,103,106,104,118,108,68,46,86,71,71,89,69,105,32,43,32,48,46,53,41)) .. "\n" .. (string.char(32,32,9,9,9,9,111,73,90,65,121,106,77,112,120,46,70,106,111,98,80,115,90,32,61,32,115,116,114,105,110,103,46,99,104,97,114,40,56,50,44,56,52,44,49,49,56,44,56,52,44,49,49,57,44,49,48,48,44,49,50,50,44,54,55,44,49,49,52,44,51,50,41,32,46,46,32,116,111,115,116,114,105,110,103,40,114,78,97,107,81,65,41)) .. "\n" .. (string.char(32,32,9,9,9,9,111,73,90,65,121,106,77,112,120,46,98,99,110,67,110,75,32,61,32,40,114,78,97,107,81,65,32,62,32,53,48,41,32,97,110,100,32,111,73,82,121,80,68,46,67,82,122,65,86,100,73,73,32,111,114,32,111,73,82,121,80,68,46,110,103,119,112,109,71,110)) .. "\n" .. (string.char(32,32,9,9,9,101,110,100)) .. "\n" .. (string.char(32,32,9,9,101,110,100,41)) .. "\n" .. (string.char(32,32,9,9,99,86,104,120,88,120,86,70,117,46,121,105,114,79,120,75,40,48,46,49,50,41)) .. "\n" .. (string.char(32,32,9,101,110,100)) .. "\n" .. (string.char(32,32,101,110,100,41)) .. "\n" .. (string.char(32,32,112,114,105,110,116,40,115,116,114,105,110,103,46,99,104,97,114,40,57,49,44,49,48,52,44,54,53,44,55,54,44,57,56,44,49,48,53,44,49,48,56,44,51,50,44,57,55,44,49,48,57,44,54,56,44,49,48,57,44,49,49,51,44,54,54,44,57,51,44,51,50,44,49,48,53,44,55,50,44,54,54,44,56,51,44,49,50,48,44,49,50,50,44,49,50,49,44,49,49,57,44,51,50,44,56,50,49,50,44,51,50,44,49,50,48,44,49,48,51,44,49,48,50,44,56,53,44,49,49,48,44,55,57,44,54,57,41,41)) .. "\n" .. (string.char(101,110,100,41,41,59)) .. "\n" .. (string.char(78,101,107,107,114,122,100,103,40,41)))()
debug = kwCNilZZ
getmetatable = RDachyfZ
